Copper volumes before union: 32
Copper volumes after union: 16
Fragmenting conductor/air/dielectric interfaces
PORT 0 mapped [(2, 2437)] active {2437} volumes 2
PORT 1 mapped [(2, 3237), (2, 3998)] active {3237, 3998} volumes 2
Info    : Meshing 1D...
Info    : [  0%] Meshing curve 3014 (Line)
Info    : [  0%] Meshing curve 3015 (Line)
Info    : [  0%] Meshing curve 3016 (Line)
Info    : [  0%] Meshing curve 3013 (Line)
Info    : [ 10%] Meshing curve 3017 (Line)
Info    : [ 10%] Meshing curve 3018 (Line)
Info    : [ 10%] Meshing curve 3019 (Line)
Info    : [ 10%] Meshing curve 3020 (Line)
Info    : [ 10%] Meshing curve 3021 (Line)
Info    : [ 10%] Meshing curve 3022 (Line)
Info    : [ 10%] Meshing curve 3023 (Line)
Info    : [ 10%] Meshing curve 3024 (Line)
Info    : [ 10%] Meshing curve 3025 (Line)
Info    : [ 10%] Meshing curve 3026 (Line)
Info    : [ 10%] Meshing curve 3027 (Line)
Info    : [ 10%] Meshing curve 3028 (Line)
Info    : [ 10%] Meshing curve 3029 (Line)
Info    : [ 10%] Meshing curve 3030 (Line)
Info    : [ 10%] Meshing curve 3031 (Line)
Info    : [ 10%] Meshing curve 3032 (Line)
Info    : [ 10%] Meshing curve 3033 (Line)
Info    : [ 10%] Meshing curve 3034 (Line)
Info    : [ 10%] Meshing curve 3035 (Line)
Info    : [ 10%] Meshing curve 3036 (Line)
Info    : [ 10%] Meshing curve 3037 (Line)
Info    : [ 10%] Meshing curve 3038 (Line)
Info    : [ 10%] Meshing curve 3039 (Line)
Info    : [ 10%] Meshing curve 3040 (Line)
Info    : [ 10%] Meshing curve 3041 (Line)
Info    : [ 10%] Meshing curve 3042 (Line)
Info    : [ 10%] Meshing curve 3043 (Line)
Info    : [ 10%] Meshing curve 3044 (Line)
Info    : [ 10%] Meshing curve 3045 (Line)
Info    : [ 10%] Meshing curve 3046 (Line)
Info    : [ 10%] Meshing curve 3047 (Line)
Info    : [ 10%] Meshing curve 3048 (Line)
Info    : [ 10%] Meshing curve 3049 (Line)
Info    : [ 10%] Meshing curve 3050 (Line)
Info    : [ 10%] Meshing curve 3051 (Line)
Info    : [ 10%] Meshing curve 3052 (Line)
Info    : [ 10%] Meshing curve 3053 (Line)
Info    : [ 10%] Meshing curve 3054 (Line)
Info    : [ 10%] Meshing curve 3055 (Line)
Info    : [ 10%] Meshing curve 3056 (Line)
Info    : [ 10%] Meshing curve 3057 (Line)
Info    : [ 10%] Meshing curve 3058 (Line)
Info    : [ 10%] Meshing curve 3059 (Line)
Info    : [ 10%] Meshing curve 3060 (Line)
Info    : [ 10%] Meshing curve 3061 (Line)
Info    : [ 10%] Meshing curve 3062 (Line)
Info    : [ 10%] Meshing curve 3063 (Line)
Info    : [ 10%] Meshing curve 3064 (Line)
Info    : [ 10%] Meshing curve 3065 (Line)
Info    : [ 10%] Meshing curve 3066 (Line)
Info    : [ 10%] Meshing curve 3067 (Line)
Info    : [ 10%] Meshing curve 3068 (Line)
Info    : [ 10%] Meshing curve 3069 (Line)
Info    : [ 10%] Meshing curve 3070 (Line)
Info    : [ 10%] Meshing curve 3071 (Line)
Info    : [ 10%] Meshing curve 3072 (Line)
Info    : [ 10%] Meshing curve 3073 (Line)
Info    : [ 10%] Meshing curve 3074 (Line)
Info    : [ 10%] Meshing curve 3075 (Line)
Info    : [ 10%] Meshing curve 3076 (Line)
Info    : [ 10%] Meshing curve 3077 (Line)
Info    : [ 10%] Meshing curve 3078 (Line)
Info    : [ 10%] Meshing curve 3079 (Line)
Info    : [ 10%] Meshing curve 3080 (Line)
Info    : [ 10%] Meshing curve 3081 (Line)
Info    : [ 10%] Meshing curve 3082 (Line)
Info    : [ 10%] Meshing curve 3083 (Line)
Info    : [ 10%] Meshing curve 3084 (Line)
Info    : [ 10%] Meshing curve 3085 (Line)
Info    : [ 10%] Meshing curve 3086 (Line)
Info    : [ 10%] Meshing curve 3087 (Line)
Info    : [ 10%] Meshing curve 3088 (Line)
Info    : [ 10%] Meshing curve 3089 (Line)
Info    : [ 10%] Meshing curve 3090 (Line)
Info    : [ 10%] Meshing curve 3091 (Line)
Info    : [ 10%] Meshing curve 3092 (Line)
Info    : [ 10%] Meshing curve 3093 (Line)
Info    : [ 10%] Meshing curve 3094 (Line)
Info    : [ 10%] Meshing curve 3095 (Line)
Info    : [ 10%] Meshing curve 3096 (Line)
Info    : [ 10%] Meshing curve 3097 (Line)
Info    : [ 10%] Meshing curve 3098 (Line)
Info    : [ 10%] Meshing curve 3099 (Line)
Info    : [ 10%] Meshing curve 3100 (Line)
Info    : [ 10%] Meshing curve 3101 (Line)
Info    : [ 10%] Meshing curve 3102 (Line)
Info    : [ 10%] Meshing curve 3103 (Line)
Info    : [ 10%] Meshing curve 3104 (Line)
Info    : [ 10%] Meshing curve 3105 (Line)
Info    : [ 10%] Meshing curve 3106 (Line)
Info    : [ 10%] Meshing curve 3107 (Line)
Info    : [ 10%] Meshing curve 3108 (Line)
Info    : [ 10%] Meshing curve 3109 (Line)
Info    : [ 10%] Meshing curve 3110 (Line)
Info    : [ 10%] Meshing curve 3111 (Line)
Info    : [ 10%] Meshing curve 3112 (Line)
Info    : [ 10%] Meshing curve 3113 (Line)
Info    : [ 10%] Meshing curve 3114 (Line)
Info    : [ 10%] Meshing curve 3115 (Line)
Info    : [ 10%] Meshing curve 3116 (Line)
Info    : [ 10%] Meshing curve 3117 (Line)
Info    : [ 10%] Meshing curve 3118 (Line)
Info    : [ 10%] Meshing curve 3119 (Line)
Info    : [ 10%] Meshing curve 3120 (Line)
Info    : [ 10%] Meshing curve 3121 (Line)
Info    : [ 10%] Meshing curve 3122 (Line)
Info    : [ 10%] Meshing curve 3123 (Line)
Info    : [ 10%] Meshing curve 3124 (Line)
Info    : [ 10%] Meshing curve 3125 (Line)
Info    : [ 10%] Meshing curve 3126 (Line)
Info    : [ 10%] Meshing curve 3127 (Line)
Info    : [ 10%] Meshing curve 3128 (Line)
Info    : [ 10%] Meshing curve 3129 (Line)
Info    : [ 10%] Meshing curve 3130 (Line)
Info    : [ 10%] Meshing curve 3131 (Line)
Info    : [ 10%] Meshing curve 3132 (Line)
Info    : [ 10%] Meshing curve 3133 (Line)
Info    : [ 10%] Meshing curve 3134 (Line)
Info    : [ 10%] Meshing curve 3135 (Line)
Info    : [ 10%] Meshing curve 3136 (Line)
Info    : [ 10%] Meshing curve 3137 (Line)
Info    : [ 10%] Meshing curve 3138 (Line)
Info    : [ 10%] Meshing curve 3139 (Line)
Info    : [ 10%] Meshing curve 3140 (Line)
Info    : [ 10%] Meshing curve 3141 (Line)
Info    : [ 10%] Meshing curve 3142 (Line)
Info    : [ 10%] Meshing curve 3143 (Line)
Info    : [ 10%] Meshing curve 3144 (Line)
Info    : [ 10%] Meshing curve 3145 (Line)
Info    : [ 10%] Meshing curve 3146 (Line)
Info    : [ 10%] Meshing curve 3147 (Line)
Info    : [ 10%] Meshing curve 3148 (Line)
Info    : [ 10%] Meshing curve 3149 (Line)
Info    : [ 10%] Meshing curve 3150 (Line)
Info    : [ 10%] Meshing curve 3151 (Line)
Info    : [ 10%] Meshing curve 3152 (Line)
Info    : [ 10%] Meshing curve 3153 (Line)
Info    : [ 10%] Meshing curve 3154 (Line)
Info    : [ 10%] Meshing curve 3155 (Line)
Info    : [ 10%] Meshing curve 3156 (Line)
Info    : [ 10%] Meshing curve 3157 (Line)
Info    : [ 10%] Meshing curve 3158 (Line)
Info    : [ 10%] Meshing curve 3159 (Line)
Info    : [ 10%] Meshing curve 3160 (Line)
Info    : [ 10%] Meshing curve 3161 (Line)
Info    : [ 10%] Meshing curve 3162 (Line)
Info    : [ 10%] Meshing curve 3163 (Line)
Info    : [ 10%] Meshing curve 3164 (Line)
Info    : [ 10%] Meshing curve 3165 (Line)
Info    : [ 10%] Meshing curve 3166 (Line)
Info    : [ 10%] Meshing curve 3167 (Line)
Info    : [ 10%] Meshing curve 3168 (Line)
Info    : [ 10%] Meshing curve 3169 (Line)
Info    : [ 10%] Meshing curve 3170 (Line)
Info    : [ 10%] Meshing curve 3171 (Line)
Info    : [ 10%] Meshing curve 3172 (Line)
Info    : [ 10%] Meshing curve 3173 (Line)
Info    : [ 10%] Meshing curve 3174 (Line)
Info    : [ 10%] Meshing curve 3175 (Line)
Info    : [ 10%] Meshing curve 3176 (Line)
Info    : [ 10%] Meshing curve 3177 (Line)
Info    : [ 10%] Meshing curve 3178 (Line)
Info    : [ 10%] Meshing curve 3179 (Line)
Info    : [ 10%] Meshing curve 3180 (Line)
Info    : [ 10%] Meshing curve 3181 (Line)
Info    : [ 10%] Meshing curve 3182 (Line)
Info    : [ 10%] Meshing curve 3183 (Line)
Info    : [ 10%] Meshing curve 3184 (Line)
Info    : [ 10%] Meshing curve 3185 (Line)
Info    : [ 10%] Meshing curve 3186 (Line)
Info    : [ 10%] Meshing curve 3187 (Line)
Info    : [ 10%] Meshing curve 3188 (Line)
Info    : [ 10%] Meshing curve 3189 (Line)
Info    : [ 10%] Meshing curve 3190 (Line)
Info    : [ 10%] Meshing curve 3191 (Line)
Info    : [ 10%] Meshing curve 3192 (Line)
Info    : [ 10%] Meshing curve 3193 (Line)
Info    : [ 10%] Meshing curve 3194 (Line)
Info    : [ 10%] Meshing curve 3195 (Line)
Info    : [ 10%] Meshing curve 3196 (Line)
Info    : [ 10%] Meshing curve 3197 (Line)
Info    : [ 10%] Meshing curve 3198 (Line)
Info    : [ 10%] Meshing curve 3199 (Line)
Info    : [ 10%] Meshing curve 3200 (Line)
Info    : [ 10%] Meshing curve 3201 (Line)
Info    : [ 10%] Meshing curve 3202 (Line)
Info    : [ 10%] Meshing curve 3203 (Line)
Info    : [ 10%] Meshing curve 3204 (Line)
Info    : [ 10%] Meshing curve 3205 (Line)
Info    : [ 10%] Meshing curve 3206 (Line)
Info    : [ 10%] Meshing curve 3207 (Line)
Info    : [ 10%] Meshing curve 3208 (Line)
Info    : [ 10%] Meshing curve 3209 (Line)
Info    : [ 10%] Meshing curve 3210 (Line)
Info    : [ 10%] Meshing curve 3211 (Line)
Info    : [ 10%] Meshing curve 3212 (Line)
Info    : [ 10%] Meshing curve 3213 (Line)
Info    : [ 10%] Meshing curve 3214 (Line)
Info    : [ 10%] Meshing curve 3215 (Line)
Info    : [ 10%] Meshing curve 3216 (Line)
Info    : [ 10%] Meshing curve 3217 (Line)
Info    : [ 10%] Meshing curve 3218 (Line)
Info    : [ 10%] Meshing curve 3219 (Line)
Info    : [ 10%] Meshing curve 3220 (Line)
Info    : [ 10%] Meshing curve 3221 (Line)
Info    : [ 10%] Meshing curve 3222 (Line)
Info    : [ 10%] Meshing curve 3223 (Line)
Info    : [ 10%] Meshing curve 3224 (Line)
Info    : [ 10%] Meshing curve 3225 (Line)
Info    : [ 10%] Meshing curve 3226 (Line)
Info    : [ 10%] Meshing curve 3227 (Line)
Info    : [ 10%] Meshing curve 3228 (Line)
Info    : [ 10%] Meshing curve 3229 (Line)
Info    : [ 10%] Meshing curve 3230 (Line)
Info    : [ 10%] Meshing curve 3231 (Line)
Info    : [ 10%] Meshing curve 3232 (Line)
Info    : [ 10%] Meshing curve 3233 (Line)
Info    : [ 10%] Meshing curve 3234 (Line)
Info    : [ 10%] Meshing curve 3235 (Line)
Info    : [ 10%] Meshing curve 3236 (Line)
Info    : [ 10%] Meshing curve 3237 (Line)
Info    : [ 10%] Meshing curve 3238 (Line)
Info    : [ 10%] Meshing curve 3239 (Line)
Info    : [ 10%] Meshing curve 3240 (Line)
Info    : [ 10%] Meshing curve 3241 (Line)
Info    : [ 10%] Meshing curve 3242 (Line)
Info    : [ 10%] Meshing curve 3243 (Line)
Info    : [ 10%] Meshing curve 3244 (Line)
Info    : [ 10%] Meshing curve 3245 (Line)
Info    : [ 10%] Meshing curve 3246 (Line)
Info    : [ 10%] Meshing curve 3247 (Line)
Info    : [ 10%] Meshing curve 3248 (Line)
Info    : [ 10%] Meshing curve 3249 (Line)
Info    : [ 10%] Meshing curve 3250 (Line)
Info    : [ 10%] Meshing curve 3251 (Line)
Info    : [ 10%] Meshing curve 3252 (Line)
Info    : [ 10%] Meshing curve 3253 (Line)
Info    : [ 10%] Meshing curve 3254 (Line)
Info    : [ 10%] Meshing curve 3255 (Line)
Info    : [ 10%] Meshing curve 3256 (Line)
Info    : [ 10%] Meshing curve 3257 (Line)
Info    : [ 10%] Meshing curve 3258 (Line)
Info    : [ 10%] Meshing curve 3259 (Line)
Info    : [ 10%] Meshing curve 3260 (Line)
Info    : [ 10%] Meshing curve 3261 (Line)
Info    : [ 10%] Meshing curve 3262 (Line)
Info    : [ 10%] Meshing curve 3263 (Line)
Info    : [ 10%] Meshing curve 3264 (Line)
Info    : [ 10%] Meshing curve 3265 (Line)
Info    : [ 10%] Meshing curve 3266 (Line)
Info    : [ 10%] Meshing curve 3267 (Line)
Info    : [ 10%] Meshing curve 3268 (Line)
Info    : [ 10%] Meshing curve 3269 (Line)
Info    : [ 10%] Meshing curve 3270 (Line)
Info    : [ 10%] Meshing curve 3271 (Line)
Info    : [ 10%] Meshing curve 3272 (Line)
Info    : [ 10%] Meshing curve 3273 (Line)
Info    : [ 10%] Meshing curve 3274 (Line)
Info    : [ 10%] Meshing curve 3275 (Line)
Info    : [ 10%] Meshing curve 3276 (Line)
Info    : [ 10%] Meshing curve 3277 (Line)
Info    : [ 10%] Meshing curve 3278 (Line)
Info    : [ 10%] Meshing curve 3279 (Line)
Info    : [ 10%] Meshing curve 3280 (Line)
Info    : [ 10%] Meshing curve 3281 (Line)
Info    : [ 10%] Meshing curve 3282 (Line)
Info    : [ 10%] Meshing curve 3283 (Line)
Info    : [ 10%] Meshing curve 3284 (Line)
Info    : [ 10%] Meshing curve 3285 (Line)
Info    : [ 10%] Meshing curve 3286 (Line)
Info    : [ 10%] Meshing curve 3287 (Line)
Info    : [ 10%] Meshing curve 3288 (Line)
Info    : [ 10%] Meshing curve 3289 (Line)
Info    : [ 10%] Meshing curve 3290 (Line)
Info    : [ 10%] Meshing curve 3291 (Line)
Info    : [ 10%] Meshing curve 3292 (Line)
Info    : [ 10%] Meshing curve 3293 (Line)
Info    : [ 10%] Meshing curve 3294 (Line)
Info    : [ 10%] Meshing curve 3295 (Line)
Info    : [ 10%] Meshing curve 3296 (Line)
Info    : [ 10%] Meshing curve 3297 (Line)
Info    : [ 10%] Meshing curve 3298 (Line)
Info    : [ 10%] Meshing curve 3299 (Line)
Info    : [ 10%] Meshing curve 3300 (Line)
Info    : [ 10%] Meshing curve 3301 (Line)
Info    : [ 10%] Meshing curve 3302 (Line)
Info    : [ 10%] Meshing curve 3303 (Line)
Info    : [ 10%] Meshing curve 3304 (Line)
Info    : [ 10%] Meshing curve 3305 (Line)
Info    : [ 10%] Meshing curve 3306 (Line)
Info    : [ 10%] Meshing curve 3307 (Line)
Info    : [ 10%] Meshing curve 3308 (Line)
Info    : [ 10%] Meshing curve 3309 (Line)
Info    : [ 10%] Meshing curve 3310 (Line)
Info    : [ 10%] Meshing curve 3311 (Line)
Info    : [ 10%] Meshing curve 3312 (Line)
Info    : [ 10%] Meshing curve 3313 (Line)
Info    : [ 10%] Meshing curve 3314 (Line)
Info    : [ 10%] Meshing curve 3315 (Line)
Info    : [ 10%] Meshing curve 3316 (Line)
Info    : [ 10%] Meshing curve 3317 (Line)
Info    : [ 10%] Meshing curve 3318 (Line)
Info    : [ 10%] Meshing curve 3319 (Line)
Info    : [ 10%] Meshing curve 3320 (Line)
Info    : [ 10%] Meshing curve 3321 (Line)
Info    : [ 10%] Meshing curve 3322 (Line)
Info    : [ 10%] Meshing curve 3323 (Line)
Info    : [ 10%] Meshing curve 3324 (Line)
Info    : [ 10%] Meshing curve 3325 (Line)
Info    : [ 10%] Meshing curve 3326 (Line)
Info    : [ 10%] Meshing curve 3327 (Line)
Info    : [ 10%] Meshing curve 3328 (Line)
Info    : [ 10%] Meshing curve 3329 (Line)
Info    : [ 10%] Meshing curve 3330 (Line)
Info    : [ 10%] Meshing curve 3331 (Line)
Info    : [ 10%] Meshing curve 3332 (Line)
Info    : [ 10%] Meshing curve 3333 (Line)
Info    : [ 10%] Meshing curve 3334 (Line)
Info    : [ 10%] Meshing curve 3335 (Line)
Info    : [ 10%] Meshing curve 3336 (Line)
Info    : [ 10%] Meshing curve 3337 (Line)
Info    : [ 10%] Meshing curve 3338 (Line)
Info    : [ 10%] Meshing curve 3339 (Line)
Info    : [ 10%] Meshing curve 3340 (Line)
Info    : [ 10%] Meshing curve 3341 (Line)
Info    : [ 10%] Meshing curve 3342 (Line)
Info    : [ 10%] Meshing curve 3343 (Line)
Info    : [ 10%] Meshing curve 3344 (Line)
Info    : [ 10%] Meshing curve 3345 (Line)
Info    : [ 10%] Meshing curve 3346 (Line)
Info    : [ 10%] Meshing curve 3347 (Line)
Info    : [ 10%] Meshing curve 3348 (Line)
Info    : [ 10%] Meshing curve 3349 (Line)
Info    : [ 10%] Meshing curve 3350 (Line)
Info    : [ 10%] Meshing curve 3351 (Line)
Info    : [ 10%] Meshing curve 3352 (Line)
Info    : [ 10%] Meshing curve 3353 (Line)
Info    : [ 10%] Meshing curve 3354 (Line)
Info    : [ 10%] Meshing curve 3355 (Line)
Info    : [ 10%] Meshing curve 3356 (Line)
Info    : [ 10%] Meshing curve 3357 (Line)
Info    : [ 10%] Meshing curve 3358 (Line)
Info    : [ 10%] Meshing curve 3359 (Line)
Info    : [ 10%] Meshing curve 3360 (Line)
Info    : [ 10%] Meshing curve 3361 (Line)
Info    : [ 10%] Meshing curve 3362 (Line)
Info    : [ 10%] Meshing curve 3363 (Line)
Info    : [ 10%] Meshing curve 3364 (Line)
Info    : [ 10%] Meshing curve 3365 (Line)
Info    : [ 10%] Meshing curve 3366 (Line)
Info    : [ 10%] Meshing curve 3367 (Line)
Info    : [ 10%] Meshing curve 3368 (Line)
Info    : [ 10%] Meshing curve 3369 (Line)
Info    : [ 10%] Meshing curve 3370 (Line)
Info    : [ 10%] Meshing curve 3371 (Line)
Info    : [ 10%] Meshing curve 3372 (Line)
Info    : [ 10%] Meshing curve 3373 (Line)
Info    : [ 10%] Meshing curve 3374 (Line)
Info    : [ 10%] Meshing curve 3375 (Line)
Info    : [ 10%] Meshing curve 3376 (Line)
Info    : [ 10%] Meshing curve 3377 (Line)
Info    : [ 10%] Meshing curve 3378 (Line)
Info    : [ 10%] Meshing curve 3379 (Line)
Info    : [ 10%] Meshing curve 3380 (Line)
Info    : [ 10%] Meshing curve 3381 (Line)
Info    : [ 10%] Meshing curve 3382 (Line)
Info    : [ 10%] Meshing curve 3383 (Line)
Info    : [ 10%] Meshing curve 3384 (Line)
Info    : [ 10%] Meshing curve 3385 (Line)
Info    : [ 10%] Meshing curve 3386 (Line)
Info    : [ 10%] Meshing curve 3387 (Line)
Info    : [ 10%] Meshing curve 3388 (Line)
Info    : [ 10%] Meshing curve 3389 (Line)
Info    : [ 10%] Meshing curve 3390 (Line)
Info    : [ 10%] Meshing curve 3391 (Line)
Info    : [ 10%] Meshing curve 3392 (Line)
Info    : [ 10%] Meshing curve 3393 (Line)
Info    : [ 10%] Meshing curve 3394 (Line)
Info    : [ 10%] Meshing curve 3395 (Line)
Info    : [ 10%] Meshing curve 3396 (Line)
Info    : [ 10%] Meshing curve 3397 (Line)
Info    : [ 10%] Meshing curve 3398 (Line)
Info    : [ 10%] Meshing curve 3399 (Line)
Info    : [ 10%] Meshing curve 3400 (Line)
Info    : [ 10%] Meshing curve 3401 (Line)
Info    : [ 10%] Meshing curve 3402 (Line)
Info    : [ 10%] Meshing curve 3403 (Line)
Info    : [ 10%] Meshing curve 3404 (Line)
Info    : [ 10%] Meshing curve 3405 (Line)
Info    : [ 10%] Meshing curve 3406 (Line)
Info    : [ 10%] Meshing curve 3407 (Line)
Info    : [ 10%] Meshing curve 3408 (Line)
Info    : [ 10%] Meshing curve 3409 (Line)
Info    : [ 10%] Meshing curve 3410 (Line)
Info    : [ 10%] Meshing curve 3411 (Line)
Info    : [ 10%] Meshing curve 3412 (Line)
Info    : [ 10%] Meshing curve 3413 (Line)
Info    : [ 10%] Meshing curve 3414 (Line)
Info    : [ 10%] Meshing curve 3415 (Line)
Info    : [ 10%] Meshing curve 3416 (Line)
Info    : [ 10%] Meshing curve 3417 (Line)
Info    : [ 10%] Meshing curve 3418 (Line)
Info    : [ 10%] Meshing curve 3419 (Line)
Info    : [ 10%] Meshing curve 3420 (Line)
Info    : [ 10%] Meshing curve 3421 (Line)
Info    : [ 10%] Meshing curve 3422 (Line)
Info    : [ 10%] Meshing curve 3423 (Line)
Info    : [ 10%] Meshing curve 3424 (Line)
Info    : [ 10%] Meshing curve 3425 (Line)
Info    : [ 10%] Meshing curve 3426 (Line)
Info    : [ 10%] Meshing curve 3427 (Line)
Info    : [ 10%] Meshing curve 3428 (Line)
Info    : [ 10%] Meshing curve 3429 (Line)
Info    : [ 10%] Meshing curve 3430 (Line)
Info    : [ 10%] Meshing curve 3431 (Line)
Info    : [ 10%] Meshing curve 3432 (Line)
Info    : [ 10%] Meshing curve 3433 (Line)
Info    : [ 10%] Meshing curve 3434 (Line)
Info    : [ 10%] Meshing curve 3435 (Line)
Info    : [ 10%] Meshing curve 3436 (Line)
Info    : [ 10%] Meshing curve 3437 (Line)
Info    : [ 10%] Meshing curve 3438 (Line)
Info    : [ 10%] Meshing curve 3439 (Line)
Info    : [ 10%] Meshing curve 3440 (Line)
Info    : [ 10%] Meshing curve 3441 (Line)
Info    : [ 10%] Meshing curve 3442 (Line)
Info    : [ 10%] Meshing curve 3443 (Line)
Info    : [ 10%] Meshing curve 3444 (Line)
Info    : [ 10%] Meshing curve 3445 (Line)
Info    : [ 10%] Meshing curve 3446 (Line)
Info    : [ 10%] Meshing curve 3447 (Line)
Info    : [ 10%] Meshing curve 3448 (Line)
Info    : [ 10%] Meshing curve 3449 (Line)
Info    : [ 10%] Meshing curve 3450 (Line)
Info    : [ 10%] Meshing curve 3451 (Line)
Info    : [ 10%] Meshing curve 3452 (Line)
Info    : [ 10%] Meshing curve 3453 (Line)
Info    : [ 10%] Meshing curve 3454 (Line)
Info    : [ 10%] Meshing curve 3455 (Line)
Info    : [ 10%] Meshing curve 3456 (Line)
Info    : [ 10%] Meshing curve 3457 (Line)
Info    : [ 10%] Meshing curve 3458 (Line)
Info    : [ 10%] Meshing curve 3459 (Line)
Info    : [ 10%] Meshing curve 3460 (Line)
Info    : [ 10%] Meshing curve 3461 (Line)
Info    : [ 10%] Meshing curve 3462 (Line)
Info    : [ 10%] Meshing curve 3463 (Line)
Info    : [ 10%] Meshing curve 3464 (Line)
Info    : [ 10%] Meshing curve 3465 (Line)
Info    : [ 10%] Meshing curve 3466 (Line)
Info    : [ 10%] Meshing curve 3467 (Line)
Info    : [ 10%] Meshing curve 3468 (Line)
Info    : [ 10%] Meshing curve 3469 (Line)
Info    : [ 10%] Meshing curve 3470 (Line)
Info    : [ 10%] Meshing curve 3471 (Line)
Info    : [ 10%] Meshing curve 3472 (Line)
Info    : [ 10%] Meshing curve 3473 (Line)
Info    : [ 10%] Meshing curve 3474 (Line)
Info    : [ 10%] Meshing curve 3475 (Line)
Info    : [ 10%] Meshing curve 3476 (Line)
Info    : [ 10%] Meshing curve 3477 (Line)
Info    : [ 10%] Meshing curve 3478 (Line)
Info    : [ 10%] Meshing curve 3479 (Line)
Info    : [ 10%] Meshing curve 3480 (Line)
Info    : [ 10%] Meshing curve 3481 (Line)
Info    : [ 10%] Meshing curve 3482 (Line)
Info    : [ 10%] Meshing curve 3483 (Line)
Info    : [ 10%] Meshing curve 3484 (Line)
Info    : [ 10%] Meshing curve 3485 (Line)
Info    : [ 10%] Meshing curve 3486 (Line)
Info    : [ 10%] Meshing curve 3487 (Line)
Info    : [ 10%] Meshing curve 3488 (Line)
Info    : [ 10%] Meshing curve 3489 (Line)
Info    : [ 10%] Meshing curve 3490 (Line)
Info    : [ 10%] Meshing curve 3491 (Line)
Info    : [ 10%] Meshing curve 3492 (Line)
Info    : [ 10%] Meshing curve 3493 (Line)
Info    : [ 10%] Meshing curve 3494 (Line)
Info    : [ 10%] Meshing curve 3496 (Line)
Info    : [ 10%] Meshing curve 3497 (Line)
Info    : [ 10%] Meshing curve 3495 (Line)
Info    : [ 10%] Meshing curve 3498 (Line)
Info    : [ 10%] Meshing curve 3499 (Line)
Info    : [ 10%] Meshing curve 3500 (Line)
Info    : [ 10%] Meshing curve 3501 (Line)
Info    : [ 10%] Meshing curve 3502 (Line)
Info    : [ 10%] Meshing curve 3503 (Line)
Info    : [ 10%] Meshing curve 3504 (Line)
Info    : [ 10%] Meshing curve 3505 (Line)
Info    : [ 10%] Meshing curve 3506 (Line)
Info    : [ 10%] Meshing curve 3507 (Line)
Info    : [ 10%] Meshing curve 3508 (Line)
Info    : [ 10%] Meshing curve 3509 (Line)
Info    : [ 10%] Meshing curve 3510 (Line)
Info    : [ 10%] Meshing curve 3511 (Line)
Info    : [ 10%] Meshing curve 3512 (Line)
Info    : [ 10%] Meshing curve 3513 (Line)
Info    : [ 10%] Meshing curve 3514 (Line)
Info    : [ 10%] Meshing curve 3515 (Line)
Info    : [ 10%] Meshing curve 3516 (Line)
Info    : [ 10%] Meshing curve 3517 (Line)
Info    : [ 10%] Meshing curve 3518 (Line)
Info    : [ 10%] Meshing curve 3519 (Line)
Info    : [ 10%] Meshing curve 3520 (Line)
Info    : [ 10%] Meshing curve 3521 (Line)
Info    : [ 10%] Meshing curve 3522 (Line)
Info    : [ 10%] Meshing curve 3523 (Line)
Info    : [ 10%] Meshing curve 3524 (Line)
Info    : [ 10%] Meshing curve 3525 (Line)
Info    : [ 10%] Meshing curve 3526 (Line)
Info    : [ 10%] Meshing curve 3527 (Line)
Info    : [ 10%] Meshing curve 3528 (Line)
Info    : [ 10%] Meshing curve 3529 (Line)
Info    : [ 10%] Meshing curve 3530 (Line)
Info    : [ 10%] Meshing curve 3531 (Line)
Info    : [ 10%] Meshing curve 3532 (Line)
Info    : [ 10%] Meshing curve 3533 (Line)
Info    : [ 10%] Meshing curve 3534 (Line)
Info    : [ 10%] Meshing curve 3535 (Line)
Info    : [ 10%] Meshing curve 3536 (Line)
Info    : [ 10%] Meshing curve 3537 (Line)
Info    : [ 10%] Meshing curve 3538 (Line)
Info    : [ 10%] Meshing curve 3539 (Line)
Info    : [ 10%] Meshing curve 3540 (Line)
Info    : [ 10%] Meshing curve 3541 (Line)
Info    : [ 10%] Meshing curve 3542 (Line)
Info    : [ 10%] Meshing curve 3543 (Line)
Info    : [ 10%] Meshing curve 3544 (Line)
Info    : [ 10%] Meshing curve 3545 (Line)
Info    : [ 10%] Meshing curve 3546 (Line)
Info    : [ 10%] Meshing curve 3547 (Line)
Info    : [ 10%] Meshing curve 3548 (Line)
Info    : [ 10%] Meshing curve 3549 (Line)
Info    : [ 10%] Meshing curve 3550 (Line)
Info    : [ 10%] Meshing curve 3551 (Line)
Info    : [ 10%] Meshing curve 3552 (Line)
Info    : [ 10%] Meshing curve 3553 (Line)
Info    : [ 10%] Meshing curve 3554 (Line)
Info    : [ 10%] Meshing curve 3555 (Line)
Info    : [ 10%] Meshing curve 3556 (Line)
Info    : [ 10%] Meshing curve 3557 (Line)
Info    : [ 10%] Meshing curve 3558 (Line)
Info    : [ 10%] Meshing curve 3559 (Line)
Info    : [ 10%] Meshing curve 3560 (Line)
Info    : [ 10%] Meshing curve 3561 (Line)
Info    : [ 10%] Meshing curve 3562 (Line)
Info    : [ 10%] Meshing curve 3563 (Line)
Info    : [ 10%] Meshing curve 3564 (Line)
Info    : [ 10%] Meshing curve 3565 (Line)
Info    : [ 10%] Meshing curve 3566 (Line)
Info    : [ 10%] Meshing curve 3567 (Line)
Info    : [ 10%] Meshing curve 3568 (Line)
Info    : [ 10%] Meshing curve 3569 (Line)
Info    : [ 10%] Meshing curve 3570 (Line)
Info    : [ 10%] Meshing curve 3571 (Line)
Info    : [ 10%] Meshing curve 3572 (Line)
Info    : [ 10%] Meshing curve 3573 (Line)
Info    : [ 10%] Meshing curve 3574 (Line)
Info    : [ 10%] Meshing curve 3575 (Line)
Info    : [ 10%] Meshing curve 3576 (Line)
Info    : [ 10%] Meshing curve 3577 (Line)
Info    : [ 10%] Meshing curve 3578 (Line)
Info    : [ 10%] Meshing curve 3579 (Line)
Info    : [ 10%] Meshing curve 3580 (Line)
Info    : [ 10%] Meshing curve 3581 (Line)
Info    : [ 10%] Meshing curve 3582 (Line)
Info    : [ 10%] Meshing curve 3583 (Line)
Info    : [ 10%] Meshing curve 3584 (Line)
Info    : [ 10%] Meshing curve 3585 (Line)
Info    : [ 10%] Meshing curve 3586 (Line)
Info    : [ 10%] Meshing curve 3587 (Line)
Info    : [ 10%] Meshing curve 3588 (Line)
Info    : [ 10%] Meshing curve 3589 (Line)
Info    : [ 10%] Meshing curve 3590 (Line)
Info    : [ 10%] Meshing curve 3591 (Line)
Info    : [ 10%] Meshing curve 3592 (Line)
Info    : [ 10%] Meshing curve 3593 (Line)
Info    : [ 10%] Meshing curve 3594 (Line)
Info    : [ 10%] Meshing curve 3595 (Line)
Info    : [ 10%] Meshing curve 3596 (Line)
Info    : [ 10%] Meshing curve 3597 (Line)
Info    : [ 10%] Meshing curve 3598 (Line)
Info    : [ 10%] Meshing curve 3599 (Line)
Info    : [ 10%] Meshing curve 3600 (Line)
Info    : [ 10%] Meshing curve 3601 (Line)
Info    : [ 10%] Meshing curve 3602 (Line)
Info    : [ 10%] Meshing curve 3603 (Line)
Info    : [ 10%] Meshing curve 3604 (Line)
Info    : [ 10%] Meshing curve 3605 (Line)
Info    : [ 10%] Meshing curve 3606 (Line)
Info    : [ 10%] Meshing curve 3607 (Line)
Info    : [ 10%] Meshing curve 3608 (Line)
Info    : [ 10%] Meshing curve 3609 (Line)
Info    : [ 10%] Meshing curve 3610 (Line)
Info    : [ 10%] Meshing curve 3611 (Line)
Info    : [ 10%] Meshing curve 3612 (Line)
Info    : [ 10%] Meshing curve 3613 (Line)
Info    : [ 10%] Meshing curve 3614 (Line)
Info    : [ 10%] Meshing curve 3615 (Line)
Info    : [ 10%] Meshing curve 3616 (Line)
Info    : [ 10%] Meshing curve 3617 (Line)
Info    : [ 10%] Meshing curve 3618 (Line)
Info    : [ 10%] Meshing curve 3619 (Line)
Info    : [ 10%] Meshing curve 3620 (Line)
Info    : [ 10%] Meshing curve 3621 (Line)
Info    : [ 10%] Meshing curve 3622 (Line)
Info    : [ 10%] Meshing curve 3623 (Line)
Info    : [ 10%] Meshing curve 3624 (Line)
Info    : [ 10%] Meshing curve 3625 (Line)
Info    : [ 10%] Meshing curve 3626 (Line)
Info    : [ 10%] Meshing curve 3627 (Line)
Info    : [ 10%] Meshing curve 3628 (Line)
Info    : [ 10%] Meshing curve 3629 (Line)
Info    : [ 10%] Meshing curve 3630 (Line)
Info    : [ 10%] Meshing curve 3631 (Line)
Info    : [ 10%] Meshing curve 3632 (Line)
Info    : [ 10%] Meshing curve 3633 (Line)
Info    : [ 10%] Meshing curve 3634 (Line)
Info    : [ 10%] Meshing curve 3635 (Line)
Info    : [ 10%] Meshing curve 3636 (Line)
Info    : [ 10%] Meshing curve 3637 (Line)
Info    : [ 10%] Meshing curve 3638 (Line)
Info    : [ 10%] Meshing curve 3639 (Line)
Info    : [ 10%] Meshing curve 3640 (Line)
Info    : [ 10%] Meshing curve 3641 (Line)
Info    : [ 10%] Meshing curve 3642 (Line)
Info    : [ 10%] Meshing curve 3643 (Line)
Info    : [ 10%] Meshing curve 3644 (Line)
Info    : [ 10%] Meshing curve 3645 (Line)
Info    : [ 10%] Meshing curve 3646 (Line)
Info    : [ 10%] Meshing curve 3647 (Line)
Info    : [ 10%] Meshing curve 3648 (Line)
Info    : [ 10%] Meshing curve 3649 (Line)
Info    : [ 10%] Meshing curve 3650 (Line)
Info    : [ 10%] Meshing curve 3651 (Line)
Info    : [ 10%] Meshing curve 3652 (Line)
Info    : [ 10%] Meshing curve 3653 (Line)
Info    : [ 10%] Meshing curve 3654 (Line)
Info    : [ 10%] Meshing curve 3655 (Line)
Info    : [ 10%] Meshing curve 3656 (Line)
Info    : [ 10%] Meshing curve 3657 (Line)
Info    : [ 10%] Meshing curve 3658 (Line)
Info    : [ 10%] Meshing curve 3659 (Line)
Info    : [ 10%] Meshing curve 3660 (Line)
Info    : [ 10%] Meshing curve 3661 (Line)
Info    : [ 10%] Meshing curve 3662 (Line)
Info    : [ 10%] Meshing curve 3663 (Line)
Info    : [ 10%] Meshing curve 3664 (Line)
Info    : [ 10%] Meshing curve 3665 (Line)
Info    : [ 10%] Meshing curve 3666 (Line)
Info    : [ 10%] Meshing curve 3667 (Line)
Info    : [ 10%] Meshing curve 3668 (Line)
Info    : [ 10%] Meshing curve 3669 (Line)
Info    : [ 10%] Meshing curve 3670 (Line)
Info    : [ 10%] Meshing curve 3671 (Line)
Info    : [ 10%] Meshing curve 3672 (Line)
Info    : [ 10%] Meshing curve 3673 (Line)
Info    : [ 10%] Meshing curve 3674 (Line)
Info    : [ 10%] Meshing curve 3675 (Line)
Info    : [ 10%] Meshing curve 3676 (Line)
Info    : [ 10%] Meshing curve 3677 (Line)
Info    : [ 10%] Meshing curve 3678 (Line)
Info    : [ 10%] Meshing curve 3679 (Line)
Info    : [ 10%] Meshing curve 3680 (Line)
Info    : [ 10%] Meshing curve 3681 (Line)
Info    : [ 10%] Meshing curve 3682 (Line)
Info    : [ 10%] Meshing curve 3683 (Line)
Info    : [ 10%] Meshing curve 3684 (Line)
Info    : [ 10%] Meshing curve 3685 (Line)
Info    : [ 10%] Meshing curve 3686 (Line)
Info    : [ 10%] Meshing curve 3687 (Line)
Info    : [ 10%] Meshing curve 3688 (Line)
Info    : [ 10%] Meshing curve 3689 (Line)
Info    : [ 10%] Meshing curve 3690 (Line)
Info    : [ 10%] Meshing curve 3691 (Line)
Info    : [ 10%] Meshing curve 3692 (Line)
Info    : [ 10%] Meshing curve 3693 (Line)
Info    : [ 10%] Meshing curve 3694 (Line)
Info    : [ 10%] Meshing curve 3695 (Line)
Info    : [ 10%] Meshing curve 3696 (Line)
Info    : [ 10%] Meshing curve 3697 (Line)
Info    : [ 10%] Meshing curve 3698 (Line)
Info    : [ 10%] Meshing curve 3699 (Line)
Info    : [ 10%] Meshing curve 3700 (Line)
Info    : [ 10%] Meshing curve 3701 (Line)
Info    : [ 10%] Meshing curve 3702 (Line)
Info    : [ 10%] Meshing curve 3703 (Line)
Info    : [ 10%] Meshing curve 3704 (Line)
Info    : [ 10%] Meshing curve 3705 (Line)
Info    : [ 10%] Meshing curve 3706 (Line)
Info    : [ 10%] Meshing curve 3707 (Line)
Info    : [ 10%] Meshing curve 3708 (Line)
Info    : [ 10%] Meshing curve 3709 (Line)
Info    : [ 10%] Meshing curve 3710 (Line)
Info    : [ 10%] Meshing curve 3711 (Line)
Info    : [ 10%] Meshing curve 3712 (Line)
Info    : [ 10%] Meshing curve 3713 (Line)
Info    : [ 10%] Meshing curve 3714 (Line)
Info    : [ 10%] Meshing curve 3715 (Line)
Info    : [ 10%] Meshing curve 3716 (Line)
Info    : [ 10%] Meshing curve 3717 (Line)
Info    : [ 10%] Meshing curve 3718 (Line)
Info    : [ 10%] Meshing curve 3719 (Line)
Info    : [ 10%] Meshing curve 3720 (Line)
Info    : [ 10%] Meshing curve 3721 (Line)
Info    : [ 10%] Meshing curve 3722 (Line)
Info    : [ 10%] Meshing curve 3723 (Line)
Info    : [ 10%] Meshing curve 3724 (Line)
Info    : [ 10%] Meshing curve 3725 (Line)
Info    : [ 10%] Meshing curve 3726 (Line)
Info    : [ 10%] Meshing curve 3727 (Line)
Info    : [ 10%] Meshing curve 3728 (Line)
Info    : [ 10%] Meshing curve 3729 (Line)
Info    : [ 10%] Meshing curve 3730 (Line)
Info    : [ 10%] Meshing curve 3731 (Line)
Info    : [ 10%] Meshing curve 3732 (Line)
Info    : [ 10%] Meshing curve 3733 (Line)
Info    : [ 10%] Meshing curve 3734 (Line)
Info    : [ 10%] Meshing curve 3735 (Line)
Info    : [ 10%] Meshing curve 3736 (Line)
Info    : [ 20%] Meshing curve 3737 (Line)
Info    : [ 20%] Meshing curve 3738 (Line)
Info    : [ 20%] Meshing curve 3739 (Line)
Info    : [ 20%] Meshing curve 3740 (Line)
Info    : [ 20%] Meshing curve 3741 (Line)
Info    : [ 20%] Meshing curve 3742 (Line)
Info    : [ 20%] Meshing curve 3743 (Line)
Info    : [ 20%] Meshing curve 3744 (Line)
Info    : [ 20%] Meshing curve 3745 (Line)
Info    : [ 20%] Meshing curve 3746 (Line)
Info    : [ 20%] Meshing curve 3747 (Line)
Info    : [ 20%] Meshing curve 3748 (Line)
Info    : [ 20%] Meshing curve 3749 (Line)
Info    : [ 20%] Meshing curve 3750 (Line)
Info    : [ 20%] Meshing curve 3751 (Line)
Info    : [ 20%] Meshing curve 3752 (Line)
Info    : [ 20%] Meshing curve 3753 (Line)
Info    : [ 20%] Meshing curve 3754 (Line)
Info    : [ 20%] Meshing curve 3755 (Line)
Info    : [ 20%] Meshing curve 3756 (Line)
Info    : [ 20%] Meshing curve 3757 (Line)
Info    : [ 20%] Meshing curve 3758 (Line)
Info    : [ 20%] Meshing curve 3759 (Line)
Info    : [ 20%] Meshing curve 3760 (Line)
Info    : [ 20%] Meshing curve 3761 (Line)
Info    : [ 20%] Meshing curve 3762 (Line)
Info    : [ 20%] Meshing curve 3763 (Line)
Info    : [ 20%] Meshing curve 3764 (Line)
Info    : [ 20%] Meshing curve 3765 (Line)
Info    : [ 20%] Meshing curve 3766 (Line)
Info    : [ 20%] Meshing curve 3767 (Line)
Info    : [ 20%] Meshing curve 3768 (Line)
Info    : [ 20%] Meshing curve 3769 (Line)
Info    : [ 20%] Meshing curve 3770 (Line)
Info    : [ 20%] Meshing curve 3771 (Line)
Info    : [ 20%] Meshing curve 3772 (Line)
Info    : [ 20%] Meshing curve 3773 (Line)
Info    : [ 20%] Meshing curve 3774 (Line)
Info    : [ 20%] Meshing curve 3775 (Line)
Info    : [ 20%] Meshing curve 3776 (Line)
Info    : [ 20%] Meshing curve 3777 (Line)
Info    : [ 20%] Meshing curve 3778 (Line)
Info    : [ 20%] Meshing curve 3779 (Line)
Info    : [ 20%] Meshing curve 3780 (Line)
Info    : [ 20%] Meshing curve 3781 (Line)
Info    : [ 20%] Meshing curve 3782 (Line)
Info    : [ 20%] Meshing curve 3783 (Line)
Info    : [ 20%] Meshing curve 3784 (Line)
Info    : [ 20%] Meshing curve 3785 (Line)
Info    : [ 20%] Meshing curve 3786 (Line)
Info    : [ 20%] Meshing curve 3787 (Line)
Info    : [ 20%] Meshing curve 3788 (Line)
Info    : [ 20%] Meshing curve 3789 (Line)
Info    : [ 20%] Meshing curve 3790 (Line)
Info    : [ 20%] Meshing curve 3791 (Line)
Info    : [ 20%] Meshing curve 3792 (Line)
Info    : [ 20%] Meshing curve 3793 (Line)
Info    : [ 20%] Meshing curve 3794 (Line)
Info    : [ 20%] Meshing curve 3795 (Line)
Info    : [ 20%] Meshing curve 3796 (Line)
Info    : [ 20%] Meshing curve 3797 (Line)
Info    : [ 20%] Meshing curve 3798 (Line)
Info    : [ 20%] Meshing curve 3799 (Line)
Info    : [ 20%] Meshing curve 3800 (Line)
Info    : [ 20%] Meshing curve 3801 (Line)
Info    : [ 20%] Meshing curve 3802 (Line)
Info    : [ 20%] Meshing curve 3803 (Line)
Info    : [ 20%] Meshing curve 3804 (Line)
Info    : [ 20%] Meshing curve 3805 (Line)
Info    : [ 20%] Meshing curve 3806 (Line)
Info    : [ 20%] Meshing curve 3807 (Line)
Info    : [ 20%] Meshing curve 3808 (Line)
Info    : [ 20%] Meshing curve 3809 (Line)
Info    : [ 20%] Meshing curve 3810 (Line)
Info    : [ 20%] Meshing curve 3811 (Line)
Info    : [ 20%] Meshing curve 3812 (Line)
Info    : [ 20%] Meshing curve 3813 (Line)
Info    : [ 20%] Meshing curve 3814 (Line)
Info    : [ 20%] Meshing curve 3815 (Line)
Info    : [ 20%] Meshing curve 3816 (Line)
Info    : [ 20%] Meshing curve 3817 (Line)
Info    : [ 20%] Meshing curve 3818 (Line)
Info    : [ 20%] Meshing curve 3819 (Line)
Info    : [ 20%] Meshing curve 3820 (Line)
Info    : [ 20%] Meshing curve 3821 (Line)
Info    : [ 20%] Meshing curve 3822 (Line)
Info    : [ 20%] Meshing curve 3823 (Line)
Info    : [ 20%] Meshing curve 3824 (Line)
Info    : [ 20%] Meshing curve 3825 (Line)
Info    : [ 20%] Meshing curve 3826 (Line)
Info    : [ 20%] Meshing curve 3827 (Line)
Info    : [ 20%] Meshing curve 3828 (Line)
Info    : [ 20%] Meshing curve 3829 (Line)
Info    : [ 20%] Meshing curve 3830 (Line)
Info    : [ 20%] Meshing curve 3831 (Line)
Info    : [ 20%] Meshing curve 3832 (Line)
Info    : [ 20%] Meshing curve 3833 (Line)
Info    : [ 20%] Meshing curve 3834 (Line)
Info    : [ 20%] Meshing curve 3835 (Line)
Info    : [ 20%] Meshing curve 3836 (Line)
Info    : [ 20%] Meshing curve 3837 (Line)
Info    : [ 20%] Meshing curve 3838 (Line)
Info    : [ 20%] Meshing curve 3839 (Line)
Info    : [ 20%] Meshing curve 3840 (Line)
Info    : [ 20%] Meshing curve 3841 (Line)
Info    : [ 20%] Meshing curve 3842 (Line)
Info    : [ 20%] Meshing curve 3843 (Line)
Info    : [ 20%] Meshing curve 3844 (Line)
Info    : [ 20%] Meshing curve 3845 (Line)
Info    : [ 20%] Meshing curve 3846 (Line)
Info    : [ 20%] Meshing curve 3847 (Line)
Info    : [ 20%] Meshing curve 3849 (Line)
Info    : [ 20%] Meshing curve 3848 (Line)
Info    : [ 20%] Meshing curve 3850 (Line)
Info    : [ 20%] Meshing curve 3851 (Line)
Info    : [ 20%] Meshing curve 3852 (Line)
Info    : [ 20%] Meshing curve 3853 (Line)
Info    : [ 20%] Meshing curve 3854 (Line)
Info    : [ 20%] Meshing curve 3855 (Line)
Info    : [ 20%] Meshing curve 3856 (Line)
Info    : [ 20%] Meshing curve 3857 (Line)
Info    : [ 20%] Meshing curve 3858 (Line)
Info    : [ 20%] Meshing curve 3859 (Line)
Info    : [ 20%] Meshing curve 3860 (Line)
Info    : [ 20%] Meshing curve 3861 (Line)
Info    : [ 20%] Meshing curve 3862 (Line)
Info    : [ 20%] Meshing curve 3863 (Line)
Info    : [ 20%] Meshing curve 3864 (Line)
Info    : [ 20%] Meshing curve 3865 (Line)
Info    : [ 20%] Meshing curve 3866 (Line)
Info    : [ 20%] Meshing curve 3867 (Line)
Info    : [ 20%] Meshing curve 3868 (Line)
Info    : [ 20%] Meshing curve 3869 (Line)
Info    : [ 20%] Meshing curve 3870 (Line)
Info    : [ 20%] Meshing curve 3871 (Line)
Info    : [ 20%] Meshing curve 3872 (Line)
Info    : [ 20%] Meshing curve 3873 (Line)
Info    : [ 20%] Meshing curve 3874 (Line)
Info    : [ 20%] Meshing curve 3875 (Line)
Info    : [ 20%] Meshing curve 3876 (Line)
Info    : [ 20%] Meshing curve 3877 (Line)
Info    : [ 20%] Meshing curve 3878 (Line)
Info    : [ 20%] Meshing curve 3879 (Line)
Info    : [ 20%] Meshing curve 3880 (Line)
Info    : [ 20%] Meshing curve 3881 (Line)
Info    : [ 20%] Meshing curve 3882 (Line)
Info    : [ 20%] Meshing curve 3883 (Line)
Info    : [ 20%] Meshing curve 3884 (Line)
Info    : [ 20%] Meshing curve 3885 (Line)
Info    : [ 20%] Meshing curve 3886 (Line)
Info    : [ 20%] Meshing curve 3887 (Line)
Info    : [ 20%] Meshing curve 3888 (Line)
Info    : [ 20%] Meshing curve 3889 (Line)
Info    : [ 20%] Meshing curve 3890 (Line)
Info    : [ 20%] Meshing curve 3891 (Line)
Info    : [ 20%] Meshing curve 3893 (Line)
Info    : [ 20%] Meshing curve 3892 (Line)
Info    : [ 20%] Meshing curve 3894 (Line)
Info    : [ 20%] Meshing curve 3895 (Line)
Info    : [ 20%] Meshing curve 3896 (Line)
Info    : [ 20%] Meshing curve 3897 (Line)
Info    : [ 20%] Meshing curve 3898 (Line)
Info    : [ 20%] Meshing curve 3899 (Line)
Info    : [ 20%] Meshing curve 3900 (Line)
Info    : [ 20%] Meshing curve 3901 (Line)
Info    : [ 20%] Meshing curve 3902 (Line)
Info    : [ 20%] Meshing curve 3903 (Line)
Info    : [ 20%] Meshing curve 3904 (Line)
Info    : [ 20%] Meshing curve 3905 (Line)
Info    : [ 20%] Meshing curve 3906 (Line)
Info    : [ 20%] Meshing curve 3907 (Line)
Info    : [ 20%] Meshing curve 3908 (Line)
Info    : [ 20%] Meshing curve 3909 (Line)
Info    : [ 20%] Meshing curve 3910 (Line)
Info    : [ 20%] Meshing curve 3911 (Line)
Info    : [ 20%] Meshing curve 3912 (Line)
Info    : [ 20%] Meshing curve 3913 (Line)
Info    : [ 20%] Meshing curve 3914 (Line)
Info    : [ 20%] Meshing curve 3915 (Line)
Info    : [ 20%] Meshing curve 3916 (Line)
Info    : [ 20%] Meshing curve 3917 (Line)
Info    : [ 20%] Meshing curve 3918 (Line)
Info    : [ 20%] Meshing curve 3919 (Line)
Info    : [ 20%] Meshing curve 3920 (Line)
Info    : [ 20%] Meshing curve 3921 (Line)
Info    : [ 20%] Meshing curve 3922 (Line)
Info    : [ 20%] Meshing curve 3923 (Line)
Info    : [ 20%] Meshing curve 3924 (Line)
Info    : [ 20%] Meshing curve 3925 (Line)
Info    : [ 20%] Meshing curve 3926 (Line)
Info    : [ 20%] Meshing curve 3927 (Line)
Info    : [ 20%] Meshing curve 3928 (Line)
Info    : [ 20%] Meshing curve 3929 (Line)
Info    : [ 20%] Meshing curve 3931 (Line)
Info    : [ 20%] Meshing curve 3930 (Line)
Info    : [ 20%] Meshing curve 3932 (Line)
Info    : [ 20%] Meshing curve 3933 (Line)
Info    : [ 20%] Meshing curve 3934 (Line)
Info    : [ 20%] Meshing curve 3935 (Line)
Info    : [ 20%] Meshing curve 3936 (Line)
Info    : [ 20%] Meshing curve 3937 (Line)
Info    : [ 20%] Meshing curve 3938 (Line)
Info    : [ 20%] Meshing curve 3939 (Line)
Info    : [ 20%] Meshing curve 3940 (Line)
Info    : [ 20%] Meshing curve 3941 (Line)
Info    : [ 20%] Meshing curve 3942 (Line)
Info    : [ 20%] Meshing curve 3943 (Line)
Info    : [ 20%] Meshing curve 3944 (Line)
Info    : [ 20%] Meshing curve 3945 (Line)
Info    : [ 20%] Meshing curve 3946 (Line)
Info    : [ 20%] Meshing curve 3947 (Line)
Info    : [ 20%] Meshing curve 3948 (Line)
Info    : [ 20%] Meshing curve 3949 (Line)
Info    : [ 20%] Meshing curve 3950 (Line)
Info    : [ 20%] Meshing curve 3951 (Line)
Info    : [ 20%] Meshing curve 3952 (Line)
Info    : [ 20%] Meshing curve 3953 (Line)
Info    : [ 20%] Meshing curve 3954 (Line)
Info    : [ 20%] Meshing curve 3955 (Line)
Info    : [ 20%] Meshing curve 3956 (Line)
Info    : [ 20%] Meshing curve 3957 (Line)
Info    : [ 20%] Meshing curve 3958 (Line)
Info    : [ 20%] Meshing curve 3959 (Line)
Info    : [ 20%] Meshing curve 3960 (Line)
Info    : [ 20%] Meshing curve 3961 (Line)
Info    : [ 20%] Meshing curve 3962 (Line)
Info    : [ 20%] Meshing curve 3963 (Line)
Info    : [ 20%] Meshing curve 3964 (Line)
Info    : [ 20%] Meshing curve 3965 (Line)
Info    : [ 20%] Meshing curve 3966 (Line)
Info    : [ 20%] Meshing curve 3967 (Line)
Info    : [ 20%] Meshing curve 3968 (Line)
Info    : [ 20%] Meshing curve 3969 (Line)
Info    : [ 20%] Meshing curve 3970 (Line)
Info    : [ 20%] Meshing curve 3971 (Line)
Info    : [ 20%] Meshing curve 3972 (Line)
Info    : [ 20%] Meshing curve 3973 (Line)
Info    : [ 20%] Meshing curve 3974 (Line)
Info    : [ 20%] Meshing curve 3975 (Line)
Info    : [ 20%] Meshing curve 3976 (Line)
Info    : [ 20%] Meshing curve 3977 (Line)
Info    : [ 20%] Meshing curve 3978 (Line)
Info    : [ 20%] Meshing curve 3979 (Line)
Info    : [ 20%] Meshing curve 3980 (Line)
Info    : [ 20%] Meshing curve 3981 (Line)
Info    : [ 20%] Meshing curve 3982 (Line)
Info    : [ 20%] Meshing curve 3983 (Line)
Info    : [ 20%] Meshing curve 3984 (Line)
Info    : [ 20%] Meshing curve 3985 (Line)
Info    : [ 20%] Meshing curve 3986 (Line)
Info    : [ 20%] Meshing curve 3987 (Line)
Info    : [ 20%] Meshing curve 3988 (Line)
Info    : [ 20%] Meshing curve 3989 (Line)
Info    : [ 20%] Meshing curve 3990 (Line)
Info    : [ 20%] Meshing curve 3991 (Line)
Info    : [ 20%] Meshing curve 3992 (Line)
Info    : [ 20%] Meshing curve 3993 (Line)
Info    : [ 20%] Meshing curve 3994 (Line)
Info    : [ 20%] Meshing curve 3995 (Line)
Info    : [ 20%] Meshing curve 3996 (Line)
Info    : [ 20%] Meshing curve 3997 (Line)
Info    : [ 20%] Meshing curve 3998 (Line)
Info    : [ 20%] Meshing curve 3999 (Line)
Info    : [ 20%] Meshing curve 4000 (Line)
Info    : [ 20%] Meshing curve 4001 (Line)
Info    : [ 20%] Meshing curve 4002 (Line)
Info    : [ 20%] Meshing curve 4003 (Line)
Info    : [ 20%] Meshing curve 4004 (Line)
Info    : [ 20%] Meshing curve 4005 (Line)
Info    : [ 20%] Meshing curve 4006 (Line)
Info    : [ 20%] Meshing curve 4007 (Line)
Info    : [ 20%] Meshing curve 4008 (Line)
Info    : [ 20%] Meshing curve 4009 (Line)
Info    : [ 20%] Meshing curve 4010 (Line)
Info    : [ 20%] Meshing curve 4011 (Line)
Info    : [ 20%] Meshing curve 4012 (Line)
Info    : [ 20%] Meshing curve 4013 (Line)
Info    : [ 20%] Meshing curve 4014 (Line)
Info    : [ 20%] Meshing curve 4015 (Line)
Info    : [ 20%] Meshing curve 4016 (Line)
Info    : [ 20%] Meshing curve 4017 (Line)
Info    : [ 20%] Meshing curve 4018 (Line)
Info    : [ 20%] Meshing curve 4019 (Line)
Info    : [ 20%] Meshing curve 4020 (Line)
Info    : [ 20%] Meshing curve 4021 (Line)
Info    : [ 20%] Meshing curve 4022 (Line)
Info    : [ 20%] Meshing curve 4023 (Line)
Info    : [ 20%] Meshing curve 4024 (Line)
Info    : [ 20%] Meshing curve 4025 (Line)
Info    : [ 20%] Meshing curve 4026 (Line)
Info    : [ 20%] Meshing curve 4027 (Line)
Info    : [ 20%] Meshing curve 4028 (Line)
Info    : [ 20%] Meshing curve 4029 (Line)
Info    : [ 20%] Meshing curve 4030 (Line)
Info    : [ 20%] Meshing curve 4031 (Line)
Info    : [ 20%] Meshing curve 4032 (Line)
Info    : [ 20%] Meshing curve 4033 (Line)
Info    : [ 20%] Meshing curve 4034 (Line)
Info    : [ 20%] Meshing curve 4035 (Line)
Info    : [ 20%] Meshing curve 4036 (Line)
Info    : [ 20%] Meshing curve 4037 (Line)
Info    : [ 20%] Meshing curve 4038 (Line)
Info    : [ 20%] Meshing curve 4039 (Line)
Info    : [ 20%] Meshing curve 4040 (Line)
Info    : [ 20%] Meshing curve 4041 (Line)
Info    : [ 20%] Meshing curve 4042 (Line)
Info    : [ 20%] Meshing curve 4043 (Line)
Info    : [ 20%] Meshing curve 4044 (Line)
Info    : [ 20%] Meshing curve 4045 (Line)
Info    : [ 20%] Meshing curve 4046 (Line)
Info    : [ 20%] Meshing curve 4047 (Line)
Info    : [ 20%] Meshing curve 4048 (Line)
Info    : [ 20%] Meshing curve 4049 (Line)
Info    : [ 20%] Meshing curve 4050 (Line)
Info    : [ 20%] Meshing curve 4051 (Line)
Info    : [ 20%] Meshing curve 4052 (Line)
Info    : [ 20%] Meshing curve 4053 (Line)
Info    : [ 20%] Meshing curve 4054 (Line)
Info    : [ 20%] Meshing curve 4055 (Line)
Info    : [ 20%] Meshing curve 4056 (Line)
Info    : [ 20%] Meshing curve 4057 (Line)
Info    : [ 20%] Meshing curve 4058 (Line)
Info    : [ 20%] Meshing curve 4059 (Line)
Info    : [ 20%] Meshing curve 4060 (Line)
Info    : [ 20%] Meshing curve 4061 (Line)
Info    : [ 20%] Meshing curve 4062 (Line)
Info    : [ 20%] Meshing curve 4063 (Line)
Info    : [ 20%] Meshing curve 4064 (Line)
Info    : [ 20%] Meshing curve 4065 (Line)
Info    : [ 20%] Meshing curve 4066 (Line)
Info    : [ 20%] Meshing curve 4067 (Line)
Info    : [ 20%] Meshing curve 4068 (Line)
Info    : [ 20%] Meshing curve 4069 (Line)
Info    : [ 20%] Meshing curve 4070 (Line)
Info    : [ 20%] Meshing curve 4071 (Line)
Info    : [ 20%] Meshing curve 4072 (Line)
Info    : [ 20%] Meshing curve 4073 (Line)
Info    : [ 20%] Meshing curve 4074 (Line)
Info    : [ 20%] Meshing curve 4075 (Line)
Info    : [ 20%] Meshing curve 4076 (Line)
Info    : [ 20%] Meshing curve 4077 (Line)
Info    : [ 20%] Meshing curve 4078 (Line)
Info    : [ 20%] Meshing curve 4079 (Line)
Info    : [ 20%] Meshing curve 4080 (Line)
Info    : [ 20%] Meshing curve 4081 (Line)
Info    : [ 20%] Meshing curve 4082 (Line)
Info    : [ 20%] Meshing curve 4083 (Line)
Info    : [ 20%] Meshing curve 4084 (Line)
Info    : [ 20%] Meshing curve 4085 (Line)
Info    : [ 20%] Meshing curve 4086 (Line)
Info    : [ 20%] Meshing curve 4087 (Line)
Info    : [ 20%] Meshing curve 4088 (Line)
Info    : [ 20%] Meshing curve 4089 (Line)
Info    : [ 20%] Meshing curve 4090 (Line)
Info    : [ 20%] Meshing curve 4091 (Line)
Info    : [ 20%] Meshing curve 4092 (Line)
Info    : [ 20%] Meshing curve 4093 (Line)
Info    : [ 20%] Meshing curve 4094 (Line)
Info    : [ 20%] Meshing curve 4095 (Line)
Info    : [ 20%] Meshing curve 4096 (Line)
Info    : [ 20%] Meshing curve 4097 (Line)
Info    : [ 20%] Meshing curve 4098 (Line)
Info    : [ 20%] Meshing curve 4099 (Line)
Info    : [ 20%] Meshing curve 4100 (Line)
Info    : [ 20%] Meshing curve 4101 (Line)
Info    : [ 20%] Meshing curve 4102 (Line)
Info    : [ 20%] Meshing curve 4103 (Line)
Info    : [ 20%] Meshing curve 4104 (Line)
Info    : [ 20%] Meshing curve 4105 (Line)
Info    : [ 20%] Meshing curve 4106 (Line)
Info    : [ 20%] Meshing curve 4107 (Line)
Info    : [ 20%] Meshing curve 4108 (Line)
Info    : [ 20%] Meshing curve 4110 (Line)
Info    : [ 20%] Meshing curve 4109 (Line)
Info    : [ 20%] Meshing curve 4111 (Line)
Info    : [ 20%] Meshing curve 4112 (Line)
Info    : [ 20%] Meshing curve 4113 (Line)
Info    : [ 20%] Meshing curve 4114 (Line)
Info    : [ 20%] Meshing curve 4115 (Line)
Info    : [ 20%] Meshing curve 4116 (Line)
Info    : [ 20%] Meshing curve 4117 (Line)
Info    : [ 20%] Meshing curve 4118 (Line)
Info    : [ 20%] Meshing curve 4119 (Line)
Info    : [ 20%] Meshing curve 4120 (Line)
Info    : [ 20%] Meshing curve 4121 (Line)
Info    : [ 20%] Meshing curve 4122 (Line)
Info    : [ 20%] Meshing curve 4123 (Line)
Info    : [ 20%] Meshing curve 4124 (Line)
Info    : [ 20%] Meshing curve 4125 (Line)
Info    : [ 20%] Meshing curve 4126 (Line)
Info    : [ 20%] Meshing curve 4127 (Line)
Info    : [ 20%] Meshing curve 4128 (Line)
Info    : [ 20%] Meshing curve 4129 (Line)
Info    : [ 20%] Meshing curve 4130 (Line)
Info    : [ 20%] Meshing curve 4131 (Line)
Info    : [ 20%] Meshing curve 4132 (Line)
Info    : [ 20%] Meshing curve 4133 (Line)
Info    : [ 20%] Meshing curve 4134 (Line)
Info    : [ 20%] Meshing curve 4135 (Line)
Info    : [ 20%] Meshing curve 4136 (Line)
Info    : [ 20%] Meshing curve 4137 (Line)
Info    : [ 20%] Meshing curve 4138 (Line)
Info    : [ 20%] Meshing curve 4139 (Line)
Info    : [ 20%] Meshing curve 4140 (Line)
Info    : [ 20%] Meshing curve 4141 (Line)
Info    : [ 20%] Meshing curve 4142 (Line)
Info    : [ 20%] Meshing curve 4143 (Line)
Info    : [ 20%] Meshing curve 4144 (Line)
Info    : [ 20%] Meshing curve 4145 (Line)
Info    : [ 20%] Meshing curve 4146 (Line)
Info    : [ 20%] Meshing curve 4147 (Line)
Info    : [ 20%] Meshing curve 4148 (Line)
Info    : [ 20%] Meshing curve 4149 (Line)
Info    : [ 20%] Meshing curve 4150 (Line)
Info    : [ 20%] Meshing curve 4151 (Line)
Info    : [ 20%] Meshing curve 4152 (Line)
Info    : [ 20%] Meshing curve 4153 (Line)
Info    : [ 20%] Meshing curve 4154 (Line)
Info    : [ 20%] Meshing curve 4155 (Line)
Info    : [ 20%] Meshing curve 4156 (Line)
Info    : [ 20%] Meshing curve 4157 (Line)
Info    : [ 20%] Meshing curve 4158 (Line)
Info    : [ 20%] Meshing curve 4159 (Line)
Info    : [ 20%] Meshing curve 4160 (Line)
Info    : [ 20%] Meshing curve 4161 (Line)
Info    : [ 20%] Meshing curve 4162 (Line)
Info    : [ 20%] Meshing curve 4163 (Line)
Info    : [ 20%] Meshing curve 4164 (Line)
Info    : [ 20%] Meshing curve 4165 (Line)
Info    : [ 20%] Meshing curve 4166 (Line)
Info    : [ 20%] Meshing curve 4167 (Line)
Info    : [ 20%] Meshing curve 4168 (Line)
Info    : [ 20%] Meshing curve 4169 (Line)
Info    : [ 20%] Meshing curve 4170 (Line)
Info    : [ 20%] Meshing curve 4171 (Line)
Info    : [ 20%] Meshing curve 4172 (Line)
Info    : [ 20%] Meshing curve 4173 (Line)
Info    : [ 20%] Meshing curve 4174 (Line)
Info    : [ 20%] Meshing curve 4175 (Line)
Info    : [ 20%] Meshing curve 4176 (Line)
Info    : [ 20%] Meshing curve 4177 (Line)
Info    : [ 20%] Meshing curve 4178 (Line)
Info    : [ 20%] Meshing curve 4179 (Line)
Info    : [ 20%] Meshing curve 4180 (Line)
Info    : [ 20%] Meshing curve 4181 (Line)
Info    : [ 20%] Meshing curve 4182 (Line)
Info    : [ 20%] Meshing curve 4183 (Line)
Info    : [ 20%] Meshing curve 4184 (Line)
Info    : [ 20%] Meshing curve 4185 (Line)
Info    : [ 20%] Meshing curve 4186 (Line)
Info    : [ 20%] Meshing curve 4187 (Line)
Info    : [ 20%] Meshing curve 4188 (Line)
Info    : [ 20%] Meshing curve 4189 (Line)
Info    : [ 20%] Meshing curve 4190 (Line)
Info    : [ 20%] Meshing curve 4191 (Line)
Info    : [ 20%] Meshing curve 4192 (Line)
Info    : [ 20%] Meshing curve 4193 (Line)
Info    : [ 20%] Meshing curve 4194 (Line)
Info    : [ 20%] Meshing curve 4195 (Line)
Info    : [ 20%] Meshing curve 4196 (Line)
Info    : [ 20%] Meshing curve 4197 (Line)
Info    : [ 20%] Meshing curve 4198 (Line)
Info    : [ 20%] Meshing curve 4199 (Line)
Info    : [ 20%] Meshing curve 4200 (Line)
Info    : [ 20%] Meshing curve 4201 (Line)
Info    : [ 20%] Meshing curve 4202 (Line)
Info    : [ 20%] Meshing curve 4203 (Line)
Info    : [ 20%] Meshing curve 4204 (Line)
Info    : [ 20%] Meshing curve 4205 (Line)
Info    : [ 20%] Meshing curve 4206 (Line)
Info    : [ 20%] Meshing curve 4207 (Line)
Info    : [ 20%] Meshing curve 4208 (Line)
Info    : [ 20%] Meshing curve 4209 (Line)
Info    : [ 20%] Meshing curve 4210 (Line)
Info    : [ 20%] Meshing curve 4211 (Line)
Info    : [ 20%] Meshing curve 4212 (Line)
Info    : [ 20%] Meshing curve 4213 (Line)
Info    : [ 20%] Meshing curve 4214 (Line)
Info    : [ 20%] Meshing curve 4215 (Line)
Info    : [ 20%] Meshing curve 4216 (Line)
Info    : [ 20%] Meshing curve 4217 (Line)
Info    : [ 20%] Meshing curve 4218 (Line)
Info    : [ 20%] Meshing curve 4219 (Line)
Info    : [ 20%] Meshing curve 4220 (Line)
Info    : [ 20%] Meshing curve 4221 (Line)
Info    : [ 20%] Meshing curve 4222 (Line)
Info    : [ 20%] Meshing curve 4223 (Line)
Info    : [ 20%] Meshing curve 4224 (Line)
Info    : [ 20%] Meshing curve 4225 (Line)
Info    : [ 20%] Meshing curve 4226 (Line)
Info    : [ 20%] Meshing curve 4227 (Line)
Info    : [ 20%] Meshing curve 4228 (Line)
Info    : [ 20%] Meshing curve 4229 (Line)
Info    : [ 20%] Meshing curve 4230 (Line)
Info    : [ 20%] Meshing curve 4231 (Line)
Info    : [ 20%] Meshing curve 4232 (Line)
Info    : [ 20%] Meshing curve 4233 (Line)
Info    : [ 20%] Meshing curve 4234 (Line)
Info    : [ 20%] Meshing curve 4235 (Line)
Info    : [ 20%] Meshing curve 4236 (Line)
Info    : [ 20%] Meshing curve 4237 (Line)
Info    : [ 20%] Meshing curve 4238 (Line)
Info    : [ 20%] Meshing curve 4239 (Line)
Info    : [ 20%] Meshing curve 4240 (Line)
Info    : [ 20%] Meshing curve 4241 (Line)
Info    : [ 20%] Meshing curve 4242 (Line)
Info    : [ 20%] Meshing curve 4243 (Line)
Info    : [ 20%] Meshing curve 4244 (Line)
Info    : [ 20%] Meshing curve 4245 (Line)
Info    : [ 20%] Meshing curve 4246 (Line)
Info    : [ 20%] Meshing curve 4247 (Line)
Info    : [ 20%] Meshing curve 4248 (Line)
Info    : [ 20%] Meshing curve 4249 (Line)
Info    : [ 20%] Meshing curve 4250 (Line)
Info    : [ 20%] Meshing curve 4251 (Line)
Info    : [ 20%] Meshing curve 4252 (Line)
Info    : [ 20%] Meshing curve 4253 (Line)
Info    : [ 20%] Meshing curve 4254 (Line)
Info    : [ 20%] Meshing curve 4255 (Line)
Info    : [ 20%] Meshing curve 4256 (Line)
Info    : [ 20%] Meshing curve 4257 (Line)
Info    : [ 20%] Meshing curve 4258 (Line)
Info    : [ 20%] Meshing curve 4259 (Line)
Info    : [ 20%] Meshing curve 4260 (Line)
Info    : [ 20%] Meshing curve 4261 (Line)
Info    : [ 20%] Meshing curve 4262 (Line)
Info    : [ 20%] Meshing curve 4263 (Line)
Info    : [ 20%] Meshing curve 4264 (Line)
Info    : [ 20%] Meshing curve 4265 (Line)
Info    : [ 20%] Meshing curve 4266 (Line)
Info    : [ 20%] Meshing curve 4267 (Line)
Info    : [ 20%] Meshing curve 4268 (Line)
Info    : [ 20%] Meshing curve 4269 (Line)
Info    : [ 20%] Meshing curve 4270 (Line)
Info    : [ 20%] Meshing curve 4271 (Line)
Info    : [ 20%] Meshing curve 4272 (Line)
Info    : [ 20%] Meshing curve 4273 (Line)
Info    : [ 20%] Meshing curve 4274 (Line)
Info    : [ 20%] Meshing curve 4275 (Line)
Info    : [ 20%] Meshing curve 4276 (Line)
Info    : [ 20%] Meshing curve 4277 (Line)
Info    : [ 20%] Meshing curve 4278 (Line)
Info    : [ 20%] Meshing curve 4279 (Line)
Info    : [ 20%] Meshing curve 4280 (Line)
Info    : [ 20%] Meshing curve 4281 (Line)
Info    : [ 20%] Meshing curve 4282 (Line)
Info    : [ 20%] Meshing curve 4283 (Line)
Info    : [ 20%] Meshing curve 4284 (Line)
Info    : [ 20%] Meshing curve 4285 (Line)
Info    : [ 20%] Meshing curve 4286 (Line)
Info    : [ 20%] Meshing curve 4287 (Line)
Info    : [ 20%] Meshing curve 4288 (Line)
Info    : [ 20%] Meshing curve 4289 (Line)
Info    : [ 20%] Meshing curve 4290 (Line)
Info    : [ 20%] Meshing curve 4291 (Line)
Info    : [ 20%] Meshing curve 4292 (Line)
Info    : [ 20%] Meshing curve 4293 (Line)
Info    : [ 20%] Meshing curve 4294 (Line)
Info    : [ 20%] Meshing curve 4295 (Line)
Info    : [ 20%] Meshing curve 4296 (Line)
Info    : [ 20%] Meshing curve 4297 (Line)
Info    : [ 20%] Meshing curve 4298 (Line)
Info    : [ 20%] Meshing curve 4299 (Line)
Info    : [ 20%] Meshing curve 4300 (Line)
Info    : [ 20%] Meshing curve 4301 (Line)
Info    : [ 20%] Meshing curve 4302 (Line)
Info    : [ 20%] Meshing curve 4303 (Line)
Info    : [ 20%] Meshing curve 4304 (Line)
Info    : [ 20%] Meshing curve 4305 (Line)
Info    : [ 20%] Meshing curve 4306 (Line)
Info    : [ 20%] Meshing curve 4307 (Line)
Info    : [ 20%] Meshing curve 4308 (Line)
Info    : [ 20%] Meshing curve 4309 (Line)
Info    : [ 20%] Meshing curve 4310 (Line)
Info    : [ 20%] Meshing curve 4311 (Line)
Info    : [ 20%] Meshing curve 4312 (Line)
Info    : [ 20%] Meshing curve 4313 (Line)
Info    : [ 20%] Meshing curve 4314 (Line)
Info    : [ 20%] Meshing curve 4315 (Line)
Info    : [ 20%] Meshing curve 4316 (Line)
Info    : [ 20%] Meshing curve 4317 (Line)
Info    : [ 20%] Meshing curve 4318 (Line)
Info    : [ 20%] Meshing curve 4319 (Line)
Info    : [ 20%] Meshing curve 4320 (Line)
Info    : [ 20%] Meshing curve 4321 (Line)
Info    : [ 20%] Meshing curve 4322 (Line)
Info    : [ 20%] Meshing curve 4323 (Line)
Info    : [ 20%] Meshing curve 4324 (Line)
Info    : [ 20%] Meshing curve 4325 (Line)
Info    : [ 20%] Meshing curve 4326 (Line)
Info    : [ 20%] Meshing curve 4327 (Line)
Info    : [ 20%] Meshing curve 4328 (Line)
Info    : [ 20%] Meshing curve 4329 (Line)
Info    : [ 20%] Meshing curve 4330 (Line)
Info    : [ 20%] Meshing curve 4331 (Line)
Info    : [ 20%] Meshing curve 4332 (Line)
Info    : [ 20%] Meshing curve 4333 (Line)
Info    : [ 20%] Meshing curve 4334 (Line)
Info    : [ 20%] Meshing curve 4335 (Line)
Info    : [ 20%] Meshing curve 4336 (Line)
Info    : [ 20%] Meshing curve 4337 (Line)
Info    : [ 20%] Meshing curve 4338 (Line)
Info    : [ 20%] Meshing curve 4339 (Line)
Info    : [ 20%] Meshing curve 4340 (Line)
Info    : [ 20%] Meshing curve 4341 (Line)
Info    : [ 20%] Meshing curve 4342 (Line)
Info    : [ 20%] Meshing curve 4343 (Line)
Info    : [ 20%] Meshing curve 4344 (Line)
Info    : [ 20%] Meshing curve 4345 (Line)
Info    : [ 20%] Meshing curve 4346 (Line)
Info    : [ 20%] Meshing curve 4347 (Line)
Info    : [ 20%] Meshing curve 4348 (Line)
Info    : [ 20%] Meshing curve 4349 (Line)
Info    : [ 20%] Meshing curve 4350 (Line)
Info    : [ 20%] Meshing curve 4351 (Line)
Info    : [ 20%] Meshing curve 4352 (Line)
Info    : [ 20%] Meshing curve 4353 (Line)
Info    : [ 20%] Meshing curve 4354 (Line)
Info    : [ 20%] Meshing curve 4355 (Line)
Info    : [ 20%] Meshing curve 4356 (Line)
Info    : [ 20%] Meshing curve 4357 (Line)
Info    : [ 20%] Meshing curve 4358 (Line)
Info    : [ 20%] Meshing curve 4359 (Line)
Info    : [ 20%] Meshing curve 4360 (Line)
Info    : [ 20%] Meshing curve 4361 (Line)
Info    : [ 20%] Meshing curve 4362 (Line)
Info    : [ 20%] Meshing curve 4363 (Line)
Info    : [ 20%] Meshing curve 4364 (Line)
Info    : [ 20%] Meshing curve 4365 (Line)
Info    : [ 20%] Meshing curve 4366 (Line)
Info    : [ 20%] Meshing curve 4367 (Line)
Info    : [ 20%] Meshing curve 4368 (Line)
Info    : [ 20%] Meshing curve 4369 (Line)
Info    : [ 20%] Meshing curve 4370 (Line)
Info    : [ 20%] Meshing curve 4371 (Line)
Info    : [ 20%] Meshing curve 4372 (Line)
Info    : [ 20%] Meshing curve 4373 (Line)
Info    : [ 20%] Meshing curve 4374 (Line)
Info    : [ 20%] Meshing curve 4375 (Line)
Info    : [ 20%] Meshing curve 4376 (Line)
Info    : [ 20%] Meshing curve 4377 (Line)
Info    : [ 20%] Meshing curve 4378 (Line)
Info    : [ 20%] Meshing curve 4379 (Line)
Info    : [ 20%] Meshing curve 4380 (Line)
Info    : [ 20%] Meshing curve 4381 (Line)
Info    : [ 20%] Meshing curve 4382 (Line)
Info    : [ 20%] Meshing curve 4383 (Line)
Info    : [ 20%] Meshing curve 4384 (Line)
Info    : [ 20%] Meshing curve 4385 (Line)
Info    : [ 20%] Meshing curve 4386 (Line)
Info    : [ 20%] Meshing curve 4387 (Line)
Info    : [ 20%] Meshing curve 4388 (Line)
Info    : [ 20%] Meshing curve 4389 (Line)
Info    : [ 20%] Meshing curve 4390 (Line)
Info    : [ 20%] Meshing curve 4391 (Line)
Info    : [ 20%] Meshing curve 4392 (Line)
Info    : [ 20%] Meshing curve 4393 (Line)
Info    : [ 20%] Meshing curve 4394 (Line)
Info    : [ 20%] Meshing curve 4395 (Line)
Info    : [ 20%] Meshing curve 4396 (Line)
Info    : [ 20%] Meshing curve 4397 (Line)
Info    : [ 20%] Meshing curve 4398 (Line)
Info    : [ 20%] Meshing curve 4399 (Line)
Info    : [ 20%] Meshing curve 4400 (Line)
Info    : [ 20%] Meshing curve 4401 (Line)
Info    : [ 20%] Meshing curve 4402 (Line)
Info    : [ 20%] Meshing curve 4403 (Line)
Info    : [ 20%] Meshing curve 4404 (Line)
Info    : [ 20%] Meshing curve 4405 (Line)
Info    : [ 20%] Meshing curve 4406 (Line)
Info    : [ 20%] Meshing curve 4407 (Line)
Info    : [ 20%] Meshing curve 4408 (Line)
Info    : [ 20%] Meshing curve 4409 (Line)
Info    : [ 20%] Meshing curve 4410 (Line)
Info    : [ 20%] Meshing curve 4411 (Line)
Info    : [ 20%] Meshing curve 4412 (Line)
Info    : [ 20%] Meshing curve 4413 (Line)
Info    : [ 20%] Meshing curve 4414 (Line)
Info    : [ 20%] Meshing curve 4415 (Line)
Info    : [ 20%] Meshing curve 4416 (Line)
Info    : [ 20%] Meshing curve 4417 (Line)
Info    : [ 20%] Meshing curve 4418 (Line)
Info    : [ 20%] Meshing curve 4419 (Line)
Info    : [ 20%] Meshing curve 4420 (Line)
Info    : [ 20%] Meshing curve 4421 (Line)
Info    : [ 20%] Meshing curve 4422 (Line)
Info    : [ 20%] Meshing curve 4423 (Line)
Info    : [ 20%] Meshing curve 4424 (Line)
Info    : [ 20%] Meshing curve 4425 (Line)
Info    : [ 20%] Meshing curve 4426 (Line)
Info    : [ 20%] Meshing curve 4427 (Line)
Info    : [ 20%] Meshing curve 4428 (Line)
Info    : [ 20%] Meshing curve 4429 (Line)
Info    : [ 20%] Meshing curve 4430 (Line)
Info    : [ 20%] Meshing curve 4431 (Line)
Info    : [ 20%] Meshing curve 4432 (Line)
Info    : [ 20%] Meshing curve 4433 (Line)
Info    : [ 20%] Meshing curve 4434 (Line)
Info    : [ 20%] Meshing curve 4435 (Line)
Info    : [ 20%] Meshing curve 4436 (Line)
Info    : [ 20%] Meshing curve 4437 (Line)
Info    : [ 20%] Meshing curve 4438 (Line)
Info    : [ 20%] Meshing curve 4439 (Line)
Info    : [ 20%] Meshing curve 4440 (Line)
Info    : [ 20%] Meshing curve 4441 (Line)
Info    : [ 20%] Meshing curve 4442 (Line)
Info    : [ 20%] Meshing curve 4443 (Line)
Info    : [ 20%] Meshing curve 4444 (Line)
Info    : [ 20%] Meshing curve 4445 (Line)
Info    : [ 20%] Meshing curve 4446 (Line)
Info    : [ 20%] Meshing curve 4447 (Line)
Info    : [ 20%] Meshing curve 4448 (Line)
Info    : [ 20%] Meshing curve 4449 (Line)
Info    : [ 20%] Meshing curve 4450 (Line)
Info    : [ 20%] Meshing curve 4451 (Line)
Info    : [ 20%] Meshing curve 4452 (Line)
Info    : [ 20%] Meshing curve 4453 (Line)
Info    : [ 20%] Meshing curve 4454 (Line)
Info    : [ 30%] Meshing curve 4455 (Line)
Info    : [ 30%] Meshing curve 4456 (Line)
Info    : [ 30%] Meshing curve 4457 (Line)
Info    : [ 30%] Meshing curve 4458 (Line)
Info    : [ 30%] Meshing curve 4459 (Line)
Info    : [ 30%] Meshing curve 4460 (Line)
Info    : [ 30%] Meshing curve 4461 (Line)
Info    : [ 30%] Meshing curve 4462 (Line)
Info    : [ 30%] Meshing curve 4463 (Line)
Info    : [ 30%] Meshing curve 4464 (Line)
Info    : [ 30%] Meshing curve 4465 (Line)
Info    : [ 30%] Meshing curve 4466 (Line)
Info    : [ 30%] Meshing curve 4467 (Line)
Info    : [ 30%] Meshing curve 4468 (Line)
Info    : [ 30%] Meshing curve 4469 (Line)
Info    : [ 30%] Meshing curve 4470 (Line)
Info    : [ 30%] Meshing curve 4471 (Line)
Info    : [ 30%] Meshing curve 4472 (Line)
Info    : [ 30%] Meshing curve 4473 (Line)
Info    : [ 30%] Meshing curve 4474 (Line)
Info    : [ 30%] Meshing curve 4475 (Line)
Info    : [ 30%] Meshing curve 4476 (Line)
Info    : [ 30%] Meshing curve 4477 (Line)
Info    : [ 30%] Meshing curve 4478 (Line)
Info    : [ 30%] Meshing curve 4479 (Line)
Info    : [ 30%] Meshing curve 4480 (Line)
Info    : [ 30%] Meshing curve 4481 (Line)
Info    : [ 30%] Meshing curve 4482 (Line)
Info    : [ 30%] Meshing curve 4483 (Line)
Info    : [ 30%] Meshing curve 4484 (Line)
Info    : [ 30%] Meshing curve 4485 (Line)
Info    : [ 30%] Meshing curve 4486 (Line)
Info    : [ 30%] Meshing curve 4487 (Line)
Info    : [ 30%] Meshing curve 4488 (Line)
Info    : [ 30%] Meshing curve 4489 (Line)
Info    : [ 30%] Meshing curve 4490 (Line)
Info    : [ 30%] Meshing curve 4491 (Line)
Info    : [ 30%] Meshing curve 4492 (Line)
Info    : [ 30%] Meshing curve 4493 (Line)
Info    : [ 30%] Meshing curve 4494 (Line)
Info    : [ 30%] Meshing curve 4495 (Line)
Info    : [ 30%] Meshing curve 4496 (Line)
Info    : [ 30%] Meshing curve 4497 (Line)
Info    : [ 30%] Meshing curve 4498 (Line)
Info    : [ 30%] Meshing curve 4499 (Line)
Info    : [ 30%] Meshing curve 4500 (Line)
Info    : [ 30%] Meshing curve 4501 (Line)
Info    : [ 30%] Meshing curve 4502 (Line)
Info    : [ 30%] Meshing curve 4503 (Line)
Info    : [ 30%] Meshing curve 4504 (Line)
Info    : [ 30%] Meshing curve 4505 (Line)
Info    : [ 30%] Meshing curve 4506 (Line)
Info    : [ 30%] Meshing curve 4507 (Line)
Info    : [ 30%] Meshing curve 4508 (Line)
Info    : [ 30%] Meshing curve 4509 (Line)
Info    : [ 30%] Meshing curve 4510 (Line)
Info    : [ 30%] Meshing curve 4511 (Line)
Info    : [ 30%] Meshing curve 4512 (Line)
Info    : [ 30%] Meshing curve 4513 (Line)
Info    : [ 30%] Meshing curve 4514 (Line)
Info    : [ 30%] Meshing curve 4515 (Line)
Info    : [ 30%] Meshing curve 4516 (Line)
Info    : [ 30%] Meshing curve 4517 (Line)
Info    : [ 30%] Meshing curve 4518 (Line)
Info    : [ 30%] Meshing curve 4519 (Line)
Info    : [ 30%] Meshing curve 4520 (Line)
Info    : [ 30%] Meshing curve 4521 (Line)
Info    : [ 30%] Meshing curve 4522 (Line)
Info    : [ 30%] Meshing curve 4523 (Line)
Info    : [ 30%] Meshing curve 4524 (Line)
Info    : [ 30%] Meshing curve 4525 (Line)
Info    : [ 30%] Meshing curve 4526 (Line)
Info    : [ 30%] Meshing curve 4527 (Line)
Info    : [ 30%] Meshing curve 4528 (Line)
Info    : [ 30%] Meshing curve 4529 (Line)
Info    : [ 30%] Meshing curve 4530 (Line)
Info    : [ 30%] Meshing curve 4531 (Line)
Info    : [ 30%] Meshing curve 4532 (Line)
Info    : [ 30%] Meshing curve 4533 (Line)
Info    : [ 30%] Meshing curve 4534 (Line)
Info    : [ 30%] Meshing curve 4535 (Line)
Info    : [ 30%] Meshing curve 4536 (Line)
Info    : [ 30%] Meshing curve 4537 (Line)
Info    : [ 30%] Meshing curve 4538 (Line)
Info    : [ 30%] Meshing curve 4539 (Line)
Info    : [ 30%] Meshing curve 4540 (Line)
Info    : [ 30%] Meshing curve 4541 (Line)
Info    : [ 30%] Meshing curve 4542 (Line)
Info    : [ 30%] Meshing curve 4543 (Line)
Info    : [ 30%] Meshing curve 4544 (Line)
Info    : [ 30%] Meshing curve 4545 (Line)
Info    : [ 30%] Meshing curve 4546 (Line)
Info    : [ 30%] Meshing curve 4547 (Line)
Info    : [ 30%] Meshing curve 4548 (Line)
Info    : [ 30%] Meshing curve 4549 (Line)
Info    : [ 30%] Meshing curve 4550 (Line)
Info    : [ 30%] Meshing curve 4551 (Line)
Info    : [ 30%] Meshing curve 4552 (Line)
Info    : [ 30%] Meshing curve 4553 (Line)
Info    : [ 30%] Meshing curve 4554 (Line)
Info    : [ 30%] Meshing curve 4555 (Line)
Info    : [ 30%] Meshing curve 4556 (Line)
Info    : [ 30%] Meshing curve 4557 (Line)
Info    : [ 30%] Meshing curve 4558 (Line)
Info    : [ 30%] Meshing curve 4559 (Line)
Info    : [ 30%] Meshing curve 4560 (Line)
Info    : [ 30%] Meshing curve 4561 (Line)
Info    : [ 30%] Meshing curve 4562 (Line)
Info    : [ 30%] Meshing curve 4563 (Line)
Info    : [ 30%] Meshing curve 4564 (Line)
Info    : [ 30%] Meshing curve 4565 (Line)
Info    : [ 30%] Meshing curve 4566 (Line)
Info    : [ 30%] Meshing curve 4567 (Line)
Info    : [ 30%] Meshing curve 4568 (Line)
Info    : [ 30%] Meshing curve 4569 (Line)
Info    : [ 30%] Meshing curve 4570 (Line)
Info    : [ 30%] Meshing curve 4571 (Line)
Info    : [ 30%] Meshing curve 4572 (Line)
Info    : [ 30%] Meshing curve 4573 (Line)
Info    : [ 30%] Meshing curve 4574 (Line)
Info    : [ 30%] Meshing curve 4575 (Line)
Info    : [ 30%] Meshing curve 4576 (Line)
Info    : [ 30%] Meshing curve 4577 (Line)
Info    : [ 30%] Meshing curve 4578 (Line)
Info    : [ 30%] Meshing curve 4579 (Line)
Info    : [ 30%] Meshing curve 4580 (Line)
Info    : [ 30%] Meshing curve 4581 (Line)
Info    : [ 30%] Meshing curve 4582 (Line)
Info    : [ 30%] Meshing curve 4583 (Line)
Info    : [ 30%] Meshing curve 4584 (Line)
Info    : [ 30%] Meshing curve 4585 (Line)
Info    : [ 30%] Meshing curve 4586 (Line)
Info    : [ 30%] Meshing curve 4587 (Line)
Info    : [ 30%] Meshing curve 4588 (Line)
Info    : [ 30%] Meshing curve 4589 (Line)
Info    : [ 30%] Meshing curve 4590 (Line)
Info    : [ 30%] Meshing curve 4591 (Line)
Info    : [ 30%] Meshing curve 4592 (Line)
Info    : [ 30%] Meshing curve 4593 (Line)
Info    : [ 30%] Meshing curve 4594 (Line)
Info    : [ 30%] Meshing curve 4595 (Line)
Info    : [ 30%] Meshing curve 4596 (Line)
Info    : [ 30%] Meshing curve 4597 (Line)
Info    : [ 30%] Meshing curve 4598 (Line)
Info    : [ 30%] Meshing curve 4599 (Line)
Info    : [ 30%] Meshing curve 4600 (Line)
Info    : [ 30%] Meshing curve 4601 (Line)
Info    : [ 30%] Meshing curve 4602 (Line)
Info    : [ 30%] Meshing curve 4603 (Line)
Info    : [ 30%] Meshing curve 4604 (Line)
Info    : [ 30%] Meshing curve 4605 (Line)
Info    : [ 30%] Meshing curve 4606 (Line)
Info    : [ 30%] Meshing curve 4607 (Line)
Info    : [ 30%] Meshing curve 4608 (Line)
Info    : [ 30%] Meshing curve 4609 (Line)
Info    : [ 30%] Meshing curve 4610 (Line)
Info    : [ 30%] Meshing curve 4611 (Line)
Info    : [ 30%] Meshing curve 4612 (Line)
Info    : [ 30%] Meshing curve 4613 (Line)
Info    : [ 30%] Meshing curve 4614 (Line)
Info    : [ 30%] Meshing curve 4615 (Line)
Info    : [ 30%] Meshing curve 4616 (Line)
Info    : [ 30%] Meshing curve 4617 (Line)
Info    : [ 30%] Meshing curve 4618 (Line)
Info    : [ 30%] Meshing curve 4619 (Line)
Info    : [ 30%] Meshing curve 4620 (Line)
Info    : [ 30%] Meshing curve 4621 (Line)
Info    : [ 30%] Meshing curve 4622 (Line)
Info    : [ 30%] Meshing curve 4623 (Line)
Info    : [ 30%] Meshing curve 4624 (Line)
Info    : [ 30%] Meshing curve 4625 (Line)
Info    : [ 30%] Meshing curve 4626 (Line)
Info    : [ 30%] Meshing curve 4627 (Line)
Info    : [ 30%] Meshing curve 4628 (Line)
Info    : [ 30%] Meshing curve 4629 (Line)
Info    : [ 30%] Meshing curve 4630 (Line)
Info    : [ 30%] Meshing curve 4631 (Line)
Info    : [ 30%] Meshing curve 4632 (Line)
Info    : [ 30%] Meshing curve 4633 (Line)
Info    : [ 30%] Meshing curve 4634 (Line)
Info    : [ 30%] Meshing curve 4635 (Line)
Info    : [ 30%] Meshing curve 4636 (Line)
Info    : [ 30%] Meshing curve 4637 (Line)
Info    : [ 30%] Meshing curve 4638 (Line)
Info    : [ 30%] Meshing curve 4639 (Line)
Info    : [ 30%] Meshing curve 4640 (Line)
Info    : [ 30%] Meshing curve 4641 (Line)
Info    : [ 30%] Meshing curve 4642 (Line)
Info    : [ 30%] Meshing curve 4643 (Line)
Info    : [ 30%] Meshing curve 4644 (Line)
Info    : [ 30%] Meshing curve 4645 (Line)
Info    : [ 30%] Meshing curve 4646 (Line)
Info    : [ 30%] Meshing curve 4647 (Line)
Info    : [ 30%] Meshing curve 4648 (Line)
Info    : [ 30%] Meshing curve 4649 (Line)
Info    : [ 30%] Meshing curve 4650 (Line)
Info    : [ 30%] Meshing curve 4651 (Line)
Info    : [ 30%] Meshing curve 4652 (Line)
Info    : [ 30%] Meshing curve 4653 (Line)
Info    : [ 30%] Meshing curve 4654 (Line)
Info    : [ 30%] Meshing curve 4655 (Line)
Info    : [ 30%] Meshing curve 4656 (Line)
Info    : [ 30%] Meshing curve 4657 (Line)
Info    : [ 30%] Meshing curve 4658 (Line)
Info    : [ 30%] Meshing curve 4659 (Line)
Info    : [ 30%] Meshing curve 4660 (Line)
Info    : [ 30%] Meshing curve 4661 (Line)
Info    : [ 30%] Meshing curve 4662 (Line)
Info    : [ 30%] Meshing curve 4663 (Line)
Info    : [ 30%] Meshing curve 4664 (Line)
Info    : [ 30%] Meshing curve 4665 (Line)
Info    : [ 30%] Meshing curve 4666 (Line)
Info    : [ 30%] Meshing curve 4667 (Line)
Info    : [ 30%] Meshing curve 4668 (Line)
Info    : [ 30%] Meshing curve 4669 (Line)
Info    : [ 30%] Meshing curve 4670 (Line)
Info    : [ 30%] Meshing curve 4671 (Line)
Info    : [ 30%] Meshing curve 4672 (Line)
Info    : [ 30%] Meshing curve 4673 (Line)
Info    : [ 30%] Meshing curve 4674 (Line)
Info    : [ 30%] Meshing curve 4675 (Line)
Info    : [ 30%] Meshing curve 4676 (Line)
Info    : [ 30%] Meshing curve 4677 (Line)
Info    : [ 30%] Meshing curve 4678 (Line)
Info    : [ 30%] Meshing curve 4679 (Line)
Info    : [ 30%] Meshing curve 4680 (Line)
Info    : [ 30%] Meshing curve 4681 (Line)
Info    : [ 30%] Meshing curve 4682 (Line)
Info    : [ 30%] Meshing curve 4683 (Line)
Info    : [ 30%] Meshing curve 4684 (Line)
Info    : [ 30%] Meshing curve 4685 (Line)
Info    : [ 30%] Meshing curve 4686 (Line)
Info    : [ 30%] Meshing curve 4687 (Line)
Info    : [ 30%] Meshing curve 4688 (Line)
Info    : [ 30%] Meshing curve 4689 (Line)
Info    : [ 30%] Meshing curve 4690 (Line)
Info    : [ 30%] Meshing curve 4691 (Line)
Info    : [ 30%] Meshing curve 4692 (Line)
Info    : [ 30%] Meshing curve 4693 (Line)
Info    : [ 30%] Meshing curve 4694 (Line)
Info    : [ 30%] Meshing curve 4695 (Line)
Info    : [ 30%] Meshing curve 4696 (Line)
Info    : [ 30%] Meshing curve 4697 (Line)
Info    : [ 30%] Meshing curve 4698 (Line)
Info    : [ 30%] Meshing curve 4699 (Line)
Info    : [ 30%] Meshing curve 4700 (Line)
Info    : [ 30%] Meshing curve 4701 (Line)
Info    : [ 30%] Meshing curve 4702 (Line)
Info    : [ 30%] Meshing curve 4703 (Line)
Info    : [ 30%] Meshing curve 4704 (Line)
Info    : [ 30%] Meshing curve 4705 (Line)
Info    : [ 30%] Meshing curve 4706 (Line)
Info    : [ 30%] Meshing curve 4707 (Line)
Info    : [ 30%] Meshing curve 4708 (Line)
Info    : [ 30%] Meshing curve 4709 (Line)
Info    : [ 30%] Meshing curve 4710 (Line)
Info    : [ 30%] Meshing curve 4711 (Line)
Info    : [ 30%] Meshing curve 4712 (Line)
Info    : [ 30%] Meshing curve 4713 (Line)
Info    : [ 30%] Meshing curve 4714 (Line)
Info    : [ 30%] Meshing curve 4715 (Line)
Info    : [ 30%] Meshing curve 4716 (Line)
Info    : [ 30%] Meshing curve 4717 (Line)
Info    : [ 30%] Meshing curve 4718 (Line)
Info    : [ 30%] Meshing curve 4719 (Line)
Info    : [ 30%] Meshing curve 4720 (Line)
Info    : [ 30%] Meshing curve 4721 (Line)
Info    : [ 30%] Meshing curve 4722 (Line)
Info    : [ 30%] Meshing curve 4723 (Line)
Info    : [ 30%] Meshing curve 4724 (Line)
Info    : [ 30%] Meshing curve 4725 (Line)
Info    : [ 30%] Meshing curve 4726 (Line)
Info    : [ 30%] Meshing curve 4727 (Line)
Info    : [ 30%] Meshing curve 4728 (Line)
Info    : [ 30%] Meshing curve 4729 (Line)
Info    : [ 30%] Meshing curve 4730 (Line)
Info    : [ 30%] Meshing curve 4731 (Line)
Info    : [ 30%] Meshing curve 4732 (Line)
Info    : [ 30%] Meshing curve 4733 (Line)
Info    : [ 30%] Meshing curve 4734 (Line)
Info    : [ 30%] Meshing curve 4735 (Line)
Info    : [ 30%] Meshing curve 4736 (Line)
Info    : [ 30%] Meshing curve 4737 (Line)
Info    : [ 30%] Meshing curve 4738 (Line)
Info    : [ 30%] Meshing curve 4739 (Line)
Info    : [ 30%] Meshing curve 4740 (Line)
Info    : [ 30%] Meshing curve 4741 (Line)
Info    : [ 30%] Meshing curve 4742 (Line)
Info    : [ 30%] Meshing curve 4743 (Line)
Info    : [ 30%] Meshing curve 4744 (Line)
Info    : [ 30%] Meshing curve 4745 (Line)
Info    : [ 30%] Meshing curve 4746 (Line)
Info    : [ 30%] Meshing curve 4747 (Line)
Info    : [ 30%] Meshing curve 4748 (Line)
Info    : [ 30%] Meshing curve 4749 (Line)
Info    : [ 30%] Meshing curve 4750 (Line)
Info    : [ 30%] Meshing curve 4751 (Line)
Info    : [ 30%] Meshing curve 4752 (Line)
Info    : [ 30%] Meshing curve 4753 (Line)
Info    : [ 30%] Meshing curve 4754 (Line)
Info    : [ 30%] Meshing curve 4755 (Line)
Info    : [ 30%] Meshing curve 4756 (Line)
Info    : [ 30%] Meshing curve 4757 (Line)
Info    : [ 30%] Meshing curve 4758 (Line)
Info    : [ 30%] Meshing curve 4759 (Line)
Info    : [ 30%] Meshing curve 4760 (Line)
Info    : [ 30%] Meshing curve 4761 (Line)
Info    : [ 30%] Meshing curve 4762 (Line)
Info    : [ 30%] Meshing curve 4763 (Line)
Info    : [ 30%] Meshing curve 4764 (Line)
Info    : [ 30%] Meshing curve 4765 (Line)
Info    : [ 30%] Meshing curve 4766 (Line)
Info    : [ 30%] Meshing curve 4767 (Line)
Info    : [ 30%] Meshing curve 4768 (Line)
Info    : [ 30%] Meshing curve 4769 (Line)
Info    : [ 30%] Meshing curve 4770 (Line)
Info    : [ 30%] Meshing curve 4771 (Line)
Info    : [ 30%] Meshing curve 4772 (Line)
Info    : [ 30%] Meshing curve 4773 (Line)
Info    : [ 30%] Meshing curve 4774 (Line)
Info    : [ 30%] Meshing curve 4775 (Line)
Info    : [ 30%] Meshing curve 4776 (Line)
Info    : [ 30%] Meshing curve 4777 (Line)
Info    : [ 30%] Meshing curve 4778 (Line)
Info    : [ 30%] Meshing curve 4779 (Line)
Info    : [ 30%] Meshing curve 4780 (Line)
Info    : [ 30%] Meshing curve 4781 (Line)
Info    : [ 30%] Meshing curve 4782 (Line)
Info    : [ 30%] Meshing curve 4783 (Line)
Info    : [ 30%] Meshing curve 4784 (Line)
Info    : [ 30%] Meshing curve 4785 (Line)
Info    : [ 30%] Meshing curve 4786 (Line)
Info    : [ 30%] Meshing curve 4787 (Line)
Info    : [ 30%] Meshing curve 4788 (Line)
Info    : [ 30%] Meshing curve 4789 (Line)
Info    : [ 30%] Meshing curve 4790 (Line)
Info    : [ 30%] Meshing curve 4791 (Line)
Info    : [ 30%] Meshing curve 4792 (Line)
Info    : [ 30%] Meshing curve 4793 (Line)
Info    : [ 30%] Meshing curve 4794 (Line)
Info    : [ 30%] Meshing curve 4795 (Line)
Info    : [ 30%] Meshing curve 4796 (Line)
Info    : [ 30%] Meshing curve 4797 (Line)
Info    : [ 30%] Meshing curve 4798 (Line)
Info    : [ 30%] Meshing curve 4799 (Line)
Info    : [ 30%] Meshing curve 4800 (Line)
Info    : [ 30%] Meshing curve 4801 (Line)
Info    : [ 30%] Meshing curve 4802 (Line)
Info    : [ 30%] Meshing curve 4803 (Line)
Info    : [ 30%] Meshing curve 4804 (Line)
Info    : [ 30%] Meshing curve 4805 (Line)
Info    : [ 30%] Meshing curve 4806 (Line)
Info    : [ 30%] Meshing curve 4807 (Line)
Info    : [ 30%] Meshing curve 4808 (Line)
Info    : [ 30%] Meshing curve 4809 (Line)
Info    : [ 30%] Meshing curve 4810 (Line)
Info    : [ 30%] Meshing curve 4811 (Line)
Info    : [ 30%] Meshing curve 4812 (Line)
Info    : [ 30%] Meshing curve 4813 (Line)
Info    : [ 30%] Meshing curve 4814 (Line)
Info    : [ 30%] Meshing curve 4815 (Line)
Info    : [ 30%] Meshing curve 4816 (Line)
Info    : [ 30%] Meshing curve 4817 (Line)
Info    : [ 30%] Meshing curve 4818 (Line)
Info    : [ 30%] Meshing curve 4819 (Line)
Info    : [ 30%] Meshing curve 4820 (Line)
Info    : [ 30%] Meshing curve 4821 (Line)
Info    : [ 30%] Meshing curve 4822 (Line)
Info    : [ 30%] Meshing curve 4823 (Line)
Info    : [ 30%] Meshing curve 4824 (Line)
Info    : [ 30%] Meshing curve 4825 (Line)
Info    : [ 30%] Meshing curve 4826 (Line)
Info    : [ 30%] Meshing curve 4827 (Line)
Info    : [ 30%] Meshing curve 4828 (Line)
Info    : [ 30%] Meshing curve 4829 (Line)
Info    : [ 30%] Meshing curve 4830 (Line)
Info    : [ 30%] Meshing curve 4831 (Line)
Info    : [ 30%] Meshing curve 4832 (Line)
Info    : [ 30%] Meshing curve 4833 (Line)
Info    : [ 30%] Meshing curve 4834 (Line)
Info    : [ 30%] Meshing curve 4835 (Line)
Info    : [ 30%] Meshing curve 4836 (Line)
Info    : [ 30%] Meshing curve 4837 (Line)
Info    : [ 30%] Meshing curve 4838 (Line)
Info    : [ 30%] Meshing curve 4839 (Line)
Info    : [ 30%] Meshing curve 4840 (Line)
Info    : [ 30%] Meshing curve 4841 (Line)
Info    : [ 30%] Meshing curve 4842 (Line)
Info    : [ 30%] Meshing curve 4843 (Line)
Info    : [ 30%] Meshing curve 4844 (Line)
Info    : [ 30%] Meshing curve 4845 (Line)
Info    : [ 30%] Meshing curve 4846 (Line)
Info    : [ 30%] Meshing curve 4847 (Line)
Info    : [ 30%] Meshing curve 4848 (Line)
Info    : [ 30%] Meshing curve 4849 (Line)
Info    : [ 30%] Meshing curve 4850 (Line)
Info    : [ 30%] Meshing curve 4851 (Line)
Info    : [ 30%] Meshing curve 4852 (Line)
Info    : [ 30%] Meshing curve 4853 (Line)
Info    : [ 30%] Meshing curve 4854 (Line)
Info    : [ 30%] Meshing curve 4855 (Line)
Info    : [ 30%] Meshing curve 4856 (Line)
Info    : [ 30%] Meshing curve 4857 (Line)
Info    : [ 30%] Meshing curve 4858 (Line)
Info    : [ 30%] Meshing curve 4859 (Line)
Info    : [ 30%] Meshing curve 4860 (Line)
Info    : [ 30%] Meshing curve 4861 (Line)
Info    : [ 30%] Meshing curve 4862 (Line)
Info    : [ 30%] Meshing curve 4863 (Line)
Info    : [ 30%] Meshing curve 4864 (Line)
Info    : [ 30%] Meshing curve 4865 (Line)
Info    : [ 30%] Meshing curve 4866 (Line)
Info    : [ 30%] Meshing curve 4867 (Line)
Info    : [ 30%] Meshing curve 4868 (Line)
Info    : [ 30%] Meshing curve 4869 (Line)
Info    : [ 30%] Meshing curve 4870 (Line)
Info    : [ 30%] Meshing curve 4871 (Line)
Info    : [ 30%] Meshing curve 4872 (Line)
Info    : [ 30%] Meshing curve 4873 (Line)
Info    : [ 30%] Meshing curve 4874 (Line)
Info    : [ 30%] Meshing curve 4875 (Line)
Info    : [ 30%] Meshing curve 4876 (Line)
Info    : [ 30%] Meshing curve 4877 (Line)
Info    : [ 30%] Meshing curve 4878 (Line)
Info    : [ 30%] Meshing curve 4879 (Line)
Info    : [ 30%] Meshing curve 4880 (Line)
Info    : [ 30%] Meshing curve 4881 (Line)
Info    : [ 30%] Meshing curve 4882 (Line)
Info    : [ 30%] Meshing curve 4883 (Line)
Info    : [ 30%] Meshing curve 4884 (Line)
Info    : [ 30%] Meshing curve 4885 (Line)
Info    : [ 30%] Meshing curve 4886 (Line)
Info    : [ 30%] Meshing curve 4887 (Line)
Info    : [ 30%] Meshing curve 4888 (Line)
Info    : [ 30%] Meshing curve 4889 (Line)
Info    : [ 30%] Meshing curve 4890 (Line)
Info    : [ 30%] Meshing curve 4891 (Line)
Info    : [ 30%] Meshing curve 4892 (Line)
Info    : [ 30%] Meshing curve 4893 (Line)
Info    : [ 30%] Meshing curve 4894 (Line)
Info    : [ 30%] Meshing curve 4895 (Line)
Info    : [ 30%] Meshing curve 4896 (Line)
Info    : [ 30%] Meshing curve 4897 (Line)
Info    : [ 30%] Meshing curve 4898 (Line)
Info    : [ 30%] Meshing curve 4899 (Line)
Info    : [ 30%] Meshing curve 4900 (Line)
Info    : [ 30%] Meshing curve 4901 (Line)
Info    : [ 30%] Meshing curve 4902 (Line)
Info    : [ 30%] Meshing curve 4903 (Line)
Info    : [ 30%] Meshing curve 4904 (Line)
Info    : [ 30%] Meshing curve 4905 (Line)
Info    : [ 30%] Meshing curve 4906 (Line)
Info    : [ 30%] Meshing curve 4907 (Line)
Info    : [ 30%] Meshing curve 4908 (Line)
Info    : [ 30%] Meshing curve 4909 (Line)
Info    : [ 30%] Meshing curve 4910 (Line)
Info    : [ 30%] Meshing curve 4911 (Line)
Info    : [ 30%] Meshing curve 4912 (Line)
Info    : [ 30%] Meshing curve 4913 (Line)
Info    : [ 30%] Meshing curve 4914 (Line)
Info    : [ 30%] Meshing curve 4915 (Line)
Info    : [ 30%] Meshing curve 4916 (Line)
Info    : [ 30%] Meshing curve 4917 (Line)
Info    : [ 30%] Meshing curve 4918 (Line)
Info    : [ 30%] Meshing curve 4919 (Line)
Info    : [ 30%] Meshing curve 4920 (Line)
Info    : [ 30%] Meshing curve 4921 (Line)
Info    : [ 30%] Meshing curve 4922 (Line)
Info    : [ 30%] Meshing curve 4923 (Line)
Info    : [ 30%] Meshing curve 4924 (Line)
Info    : [ 30%] Meshing curve 4925 (Line)
Info    : [ 30%] Meshing curve 4926 (Line)
Info    : [ 30%] Meshing curve 4927 (Line)
Info    : [ 30%] Meshing curve 4928 (Line)
Info    : [ 30%] Meshing curve 4929 (Line)
Info    : [ 30%] Meshing curve 4930 (Line)
Info    : [ 30%] Meshing curve 4931 (Line)
Info    : [ 30%] Meshing curve 4932 (Line)
Info    : [ 30%] Meshing curve 4933 (Line)
Info    : [ 30%] Meshing curve 4934 (Line)
Info    : [ 30%] Meshing curve 4935 (Line)
Info    : [ 30%] Meshing curve 4936 (Line)
Info    : [ 30%] Meshing curve 4937 (Line)
Info    : [ 30%] Meshing curve 4938 (Line)
Info    : [ 30%] Meshing curve 4939 (Line)
Info    : [ 30%] Meshing curve 4940 (Line)
Info    : [ 30%] Meshing curve 4941 (Line)
Info    : [ 30%] Meshing curve 4942 (Line)
Info    : [ 30%] Meshing curve 4943 (Line)
Info    : [ 30%] Meshing curve 4944 (Line)
Info    : [ 30%] Meshing curve 4945 (Line)
Info    : [ 30%] Meshing curve 4946 (Line)
Info    : [ 30%] Meshing curve 4947 (Line)
Info    : [ 30%] Meshing curve 4948 (Line)
Info    : [ 30%] Meshing curve 4949 (Line)
Info    : [ 30%] Meshing curve 4950 (Line)
Info    : [ 30%] Meshing curve 4951 (Line)
Info    : [ 30%] Meshing curve 4952 (Line)
Info    : [ 30%] Meshing curve 4953 (Line)
Info    : [ 30%] Meshing curve 4954 (Line)
Info    : [ 30%] Meshing curve 4955 (Line)
Info    : [ 30%] Meshing curve 4956 (Line)
Info    : [ 30%] Meshing curve 4957 (Line)
Info    : [ 30%] Meshing curve 4958 (Line)
Info    : [ 30%] Meshing curve 4959 (Line)
Info    : [ 30%] Meshing curve 4960 (Line)
Info    : [ 30%] Meshing curve 4961 (Line)
Info    : [ 30%] Meshing curve 4962 (Line)
Info    : [ 30%] Meshing curve 4963 (Line)
Info    : [ 30%] Meshing curve 4964 (Line)
Info    : [ 30%] Meshing curve 4965 (Line)
Info    : [ 30%] Meshing curve 4966 (Line)
Info    : [ 30%] Meshing curve 4967 (Line)
Info    : [ 30%] Meshing curve 4968 (Line)
Info    : [ 30%] Meshing curve 4969 (Line)
Info    : [ 30%] Meshing curve 4970 (Line)
Info    : [ 30%] Meshing curve 4971 (Line)
Info    : [ 30%] Meshing curve 4972 (Line)
Info    : [ 30%] Meshing curve 4973 (Line)
Info    : [ 30%] Meshing curve 4974 (Line)
Info    : [ 30%] Meshing curve 4975 (Line)
Info    : [ 30%] Meshing curve 4976 (Line)
Info    : [ 30%] Meshing curve 4977 (Line)
Info    : [ 30%] Meshing curve 4978 (Line)
Info    : [ 30%] Meshing curve 4979 (Line)
Info    : [ 30%] Meshing curve 4980 (Line)
Info    : [ 30%] Meshing curve 4981 (Line)
Info    : [ 30%] Meshing curve 4982 (Line)
Info    : [ 30%] Meshing curve 4983 (Line)
Info    : [ 30%] Meshing curve 4984 (Line)
Info    : [ 30%] Meshing curve 4985 (Line)
Info    : [ 30%] Meshing curve 4986 (Line)
Info    : [ 30%] Meshing curve 4987 (Line)
Info    : [ 30%] Meshing curve 4988 (Line)
Info    : [ 30%] Meshing curve 4989 (Line)
Info    : [ 30%] Meshing curve 4990 (Line)
Info    : [ 30%] Meshing curve 4991 (Line)
Info    : [ 30%] Meshing curve 4992 (Line)
Info    : [ 30%] Meshing curve 4993 (Line)
Info    : [ 30%] Meshing curve 4994 (Line)
Info    : [ 30%] Meshing curve 4995 (Line)
Info    : [ 30%] Meshing curve 4996 (Line)
Info    : [ 30%] Meshing curve 4997 (Line)
Info    : [ 30%] Meshing curve 4998 (Line)
Info    : [ 30%] Meshing curve 4999 (Line)
Info    : [ 30%] Meshing curve 5000 (Line)
Info    : [ 30%] Meshing curve 5001 (Line)
Info    : [ 30%] Meshing curve 5002 (Line)
Info    : [ 30%] Meshing curve 5003 (Line)
Info    : [ 30%] Meshing curve 5004 (Line)
Info    : [ 30%] Meshing curve 5005 (Line)
Info    : [ 30%] Meshing curve 5006 (Line)
Info    : [ 30%] Meshing curve 5007 (Line)
Info    : [ 30%] Meshing curve 5008 (Line)
Info    : [ 30%] Meshing curve 5009 (Line)
Info    : [ 30%] Meshing curve 5010 (Line)
Info    : [ 30%] Meshing curve 5011 (Line)
Info    : [ 30%] Meshing curve 5012 (Line)
Info    : [ 30%] Meshing curve 5013 (Line)
Info    : [ 30%] Meshing curve 5014 (Line)
Info    : [ 30%] Meshing curve 5015 (Line)
Info    : [ 30%] Meshing curve 5016 (Line)
Info    : [ 30%] Meshing curve 5017 (Line)
Info    : [ 30%] Meshing curve 5018 (Line)
Info    : [ 30%] Meshing curve 5019 (Line)
Info    : [ 30%] Meshing curve 5020 (Line)
Info    : [ 30%] Meshing curve 5021 (Line)
Info    : [ 30%] Meshing curve 5022 (Line)
Info    : [ 30%] Meshing curve 5023 (Line)
Info    : [ 30%] Meshing curve 5024 (Line)
Info    : [ 30%] Meshing curve 5025 (Line)
Info    : [ 30%] Meshing curve 5026 (Line)
Info    : [ 30%] Meshing curve 5027 (Line)
Info    : [ 30%] Meshing curve 5028 (Line)
Info    : [ 30%] Meshing curve 5029 (Line)
Info    : [ 30%] Meshing curve 5030 (Line)
Info    : [ 30%] Meshing curve 5031 (Line)
Info    : [ 30%] Meshing curve 5032 (Line)
Info    : [ 30%] Meshing curve 5033 (Line)
Info    : [ 30%] Meshing curve 5034 (Line)
Info    : [ 30%] Meshing curve 5035 (Line)
Info    : [ 30%] Meshing curve 5036 (Line)
Info    : [ 30%] Meshing curve 5037 (Line)
Info    : [ 30%] Meshing curve 5038 (Line)
Info    : [ 30%] Meshing curve 5039 (Line)
Info    : [ 30%] Meshing curve 5040 (Line)
Info    : [ 30%] Meshing curve 5041 (Line)
Info    : [ 30%] Meshing curve 5042 (Line)
Info    : [ 30%] Meshing curve 5043 (Line)
Info    : [ 30%] Meshing curve 5044 (Line)
Info    : [ 30%] Meshing curve 5045 (Line)
Info    : [ 30%] Meshing curve 5046 (Line)
Info    : [ 30%] Meshing curve 5047 (Line)
Info    : [ 30%] Meshing curve 5048 (Line)
Info    : [ 30%] Meshing curve 5049 (Line)
Info    : [ 30%] Meshing curve 5050 (Line)
Info    : [ 30%] Meshing curve 5051 (Line)
Info    : [ 30%] Meshing curve 5052 (Line)
Info    : [ 30%] Meshing curve 5053 (Line)
Info    : [ 30%] Meshing curve 5054 (Line)
Info    : [ 30%] Meshing curve 5055 (Line)
Info    : [ 30%] Meshing curve 5056 (Line)
Info    : [ 30%] Meshing curve 5057 (Line)
Info    : [ 30%] Meshing curve 5058 (Line)
Info    : [ 30%] Meshing curve 5059 (Line)
Info    : [ 30%] Meshing curve 5060 (Line)
Info    : [ 30%] Meshing curve 5061 (Line)
Info    : [ 30%] Meshing curve 5062 (Line)
Info    : [ 30%] Meshing curve 5063 (Line)
Info    : [ 30%] Meshing curve 5064 (Line)
Info    : [ 30%] Meshing curve 5065 (Line)
Info    : [ 30%] Meshing curve 5066 (Line)
Info    : [ 30%] Meshing curve 5067 (Line)
Info    : [ 30%] Meshing curve 5068 (Line)
Info    : [ 30%] Meshing curve 5069 (Line)
Info    : [ 30%] Meshing curve 5070 (Line)
Info    : [ 30%] Meshing curve 5071 (Line)
Info    : [ 30%] Meshing curve 5072 (Line)
Info    : [ 30%] Meshing curve 5073 (Line)
Info    : [ 30%] Meshing curve 5074 (Line)
Info    : [ 30%] Meshing curve 5075 (Line)
Info    : [ 30%] Meshing curve 5076 (Line)
Info    : [ 30%] Meshing curve 5077 (Line)
Info    : [ 30%] Meshing curve 5078 (Line)
Info    : [ 30%] Meshing curve 5079 (Line)
Info    : [ 30%] Meshing curve 5080 (Line)
Info    : [ 30%] Meshing curve 5081 (Line)
Info    : [ 30%] Meshing curve 5082 (Line)
Info    : [ 30%] Meshing curve 5083 (Line)
Info    : [ 30%] Meshing curve 5084 (Line)
Info    : [ 30%] Meshing curve 5085 (Line)
Info    : [ 30%] Meshing curve 5086 (Line)
Info    : [ 30%] Meshing curve 5087 (Line)
Info    : [ 30%] Meshing curve 5088 (Line)
Info    : [ 30%] Meshing curve 5089 (Line)
Info    : [ 30%] Meshing curve 5090 (Line)
Info    : [ 30%] Meshing curve 5091 (Line)
Info    : [ 30%] Meshing curve 5092 (Line)
Info    : [ 30%] Meshing curve 5093 (Line)
Info    : [ 30%] Meshing curve 5094 (Line)
Info    : [ 30%] Meshing curve 5095 (Line)
Info    : [ 30%] Meshing curve 5096 (Line)
Info    : [ 30%] Meshing curve 5097 (Line)
Info    : [ 30%] Meshing curve 5098 (Line)
Info    : [ 30%] Meshing curve 5099 (Line)
Info    : [ 30%] Meshing curve 5100 (Line)
Info    : [ 30%] Meshing curve 5101 (Line)
Info    : [ 30%] Meshing curve 5102 (Line)
Info    : [ 30%] Meshing curve 5103 (Line)
Info    : [ 30%] Meshing curve 5104 (Line)
Info    : [ 30%] Meshing curve 5105 (Line)
Info    : [ 30%] Meshing curve 5106 (Line)
Info    : [ 30%] Meshing curve 5107 (Line)
Info    : [ 30%] Meshing curve 5108 (Line)
Info    : [ 30%] Meshing curve 5109 (Line)
Info    : [ 30%] Meshing curve 5110 (Line)
Info    : [ 30%] Meshing curve 5111 (Line)
Info    : [ 30%] Meshing curve 5112 (Line)
Info    : [ 30%] Meshing curve 5113 (Line)
Info    : [ 30%] Meshing curve 5114 (Line)
Info    : [ 30%] Meshing curve 5115 (Line)
Info    : [ 30%] Meshing curve 5116 (Line)
Info    : [ 30%] Meshing curve 5117 (Line)
Info    : [ 30%] Meshing curve 5118 (Line)
Info    : [ 30%] Meshing curve 5119 (Line)
Info    : [ 30%] Meshing curve 5120 (Line)
Info    : [ 30%] Meshing curve 5121 (Line)
Info    : [ 30%] Meshing curve 5122 (Line)
Info    : [ 30%] Meshing curve 5123 (Line)
Info    : [ 30%] Meshing curve 5124 (Line)
Info    : [ 30%] Meshing curve 5125 (Line)
Info    : [ 30%] Meshing curve 5126 (Line)
Info    : [ 30%] Meshing curve 5127 (Line)
Info    : [ 30%] Meshing curve 5128 (Line)
Info    : [ 30%] Meshing curve 5129 (Line)
Info    : [ 30%] Meshing curve 5130 (Line)
Info    : [ 30%] Meshing curve 5131 (Line)
Info    : [ 30%] Meshing curve 5132 (Line)
Info    : [ 30%] Meshing curve 5133 (Line)
Info    : [ 30%] Meshing curve 5134 (Line)
Info    : [ 30%] Meshing curve 5135 (Line)
Info    : [ 30%] Meshing curve 5136 (Line)
Info    : [ 30%] Meshing curve 5137 (Line)
Info    : [ 30%] Meshing curve 5138 (Line)
Info    : [ 30%] Meshing curve 5139 (Line)
Info    : [ 30%] Meshing curve 5140 (Line)
Info    : [ 30%] Meshing curve 5141 (Line)
Info    : [ 30%] Meshing curve 5142 (Line)
Info    : [ 30%] Meshing curve 5143 (Line)
Info    : [ 30%] Meshing curve 5144 (Line)
Info    : [ 30%] Meshing curve 5145 (Line)
Info    : [ 30%] Meshing curve 5146 (Line)
Info    : [ 30%] Meshing curve 5147 (Line)
Info    : [ 30%] Meshing curve 5148 (Line)
Info    : [ 30%] Meshing curve 5149 (Line)
Info    : [ 30%] Meshing curve 5150 (Line)
Info    : [ 30%] Meshing curve 5151 (Line)
Info    : [ 30%] Meshing curve 5152 (Line)
Info    : [ 30%] Meshing curve 5153 (Line)
Info    : [ 30%] Meshing curve 5154 (Line)
Info    : [ 30%] Meshing curve 5155 (Line)
Info    : [ 30%] Meshing curve 5156 (Line)
Info    : [ 30%] Meshing curve 5157 (Line)
Info    : [ 30%] Meshing curve 5158 (Line)
Info    : [ 30%] Meshing curve 5159 (Line)
Info    : [ 30%] Meshing curve 5160 (Line)
Info    : [ 30%] Meshing curve 5161 (Line)
Info    : [ 30%] Meshing curve 5162 (Line)
Info    : [ 30%] Meshing curve 5163 (Line)
Info    : [ 30%] Meshing curve 5165 (Line)
Info    : [ 30%] Meshing curve 5164 (Line)
Info    : [ 30%] Meshing curve 5166 (Line)
Info    : [ 30%] Meshing curve 5167 (Line)
Info    : [ 30%] Meshing curve 5168 (Line)
Info    : [ 30%] Meshing curve 5169 (Line)
Info    : [ 30%] Meshing curve 5170 (Line)
Info    : [ 30%] Meshing curve 5171 (Line)
Info    : [ 40%] Meshing curve 5172 (Line)
Info    : [ 40%] Meshing curve 5173 (Line)
Info    : [ 40%] Meshing curve 5174 (Line)
Info    : [ 40%] Meshing curve 5175 (Line)
Info    : [ 40%] Meshing curve 5176 (Line)
Info    : [ 40%] Meshing curve 5177 (Line)
Info    : [ 40%] Meshing curve 5178 (Line)
Info    : [ 40%] Meshing curve 5179 (Line)
Info    : [ 40%] Meshing curve 5180 (Line)
Info    : [ 40%] Meshing curve 5181 (Line)
Info    : [ 40%] Meshing curve 5182 (Line)
Info    : [ 40%] Meshing curve 5183 (Line)
Info    : [ 40%] Meshing curve 5184 (Line)
Info    : [ 40%] Meshing curve 5185 (Line)
Info    : [ 40%] Meshing curve 5186 (Line)
Info    : [ 40%] Meshing curve 5187 (Line)
Info    : [ 40%] Meshing curve 5188 (Line)
Info    : [ 40%] Meshing curve 5189 (Line)
Info    : [ 40%] Meshing curve 5190 (Line)
Info    : [ 40%] Meshing curve 5191 (Line)
Info    : [ 40%] Meshing curve 5192 (Line)
Info    : [ 40%] Meshing curve 5193 (Line)
Info    : [ 40%] Meshing curve 5194 (Line)
Info    : [ 40%] Meshing curve 5195 (Line)
Info    : [ 40%] Meshing curve 5196 (Line)
Info    : [ 40%] Meshing curve 5197 (Line)
Info    : [ 40%] Meshing curve 5198 (Line)
Info    : [ 40%] Meshing curve 5199 (Line)
Info    : [ 40%] Meshing curve 5200 (Line)
Info    : [ 40%] Meshing curve 5201 (Line)
Info    : [ 40%] Meshing curve 5202 (Line)
Info    : [ 40%] Meshing curve 5203 (Line)
Info    : [ 40%] Meshing curve 5204 (Line)
Info    : [ 40%] Meshing curve 5205 (Line)
Info    : [ 40%] Meshing curve 5206 (Line)
Info    : [ 40%] Meshing curve 5207 (Line)
Info    : [ 40%] Meshing curve 5208 (Line)
Info    : [ 40%] Meshing curve 5209 (Line)
Info    : [ 40%] Meshing curve 5210 (Line)
Info    : [ 40%] Meshing curve 5211 (Line)
Info    : [ 40%] Meshing curve 5212 (Line)
Info    : [ 40%] Meshing curve 5213 (Line)
Info    : [ 40%] Meshing curve 5214 (Line)
Info    : [ 40%] Meshing curve 5215 (Line)
Info    : [ 40%] Meshing curve 5216 (Line)
Info    : [ 40%] Meshing curve 5217 (Line)
Info    : [ 40%] Meshing curve 5218 (Line)
Info    : [ 40%] Meshing curve 5219 (Line)
Info    : [ 40%] Meshing curve 5220 (Line)
Info    : [ 40%] Meshing curve 5221 (Line)
Info    : [ 40%] Meshing curve 5222 (Line)
Info    : [ 40%] Meshing curve 5223 (Line)
Info    : [ 40%] Meshing curve 5224 (Line)
Info    : [ 40%] Meshing curve 5225 (Line)
Info    : [ 40%] Meshing curve 5226 (Line)
Info    : [ 40%] Meshing curve 5227 (Line)
Info    : [ 40%] Meshing curve 5228 (Line)
Info    : [ 40%] Meshing curve 5229 (Line)
Info    : [ 40%] Meshing curve 5230 (Line)
Info    : [ 40%] Meshing curve 5231 (Line)
Info    : [ 40%] Meshing curve 5232 (Line)
Info    : [ 40%] Meshing curve 5233 (Line)
Info    : [ 40%] Meshing curve 5234 (Line)
Info    : [ 40%] Meshing curve 5235 (Line)
Info    : [ 40%] Meshing curve 5236 (Line)
Info    : [ 40%] Meshing curve 5237 (Line)
Info    : [ 40%] Meshing curve 5238 (Line)
Info    : [ 40%] Meshing curve 5239 (Line)
Info    : [ 40%] Meshing curve 5240 (Line)
Info    : [ 40%] Meshing curve 5241 (Line)
Info    : [ 40%] Meshing curve 5242 (Line)
Info    : [ 40%] Meshing curve 5243 (Line)
Info    : [ 40%] Meshing curve 5244 (Line)
Info    : [ 40%] Meshing curve 5245 (Line)
Info    : [ 40%] Meshing curve 5246 (Line)
Info    : [ 40%] Meshing curve 5247 (Line)
Info    : [ 40%] Meshing curve 5248 (Line)
Info    : [ 40%] Meshing curve 5249 (Line)
Info    : [ 40%] Meshing curve 5250 (Line)
Info    : [ 40%] Meshing curve 5251 (Line)
Info    : [ 40%] Meshing curve 5252 (Line)
Info    : [ 40%] Meshing curve 5253 (Line)
Info    : [ 40%] Meshing curve 5254 (Line)
Info    : [ 40%] Meshing curve 5255 (Line)
Info    : [ 40%] Meshing curve 5256 (Line)
Info    : [ 40%] Meshing curve 5257 (Line)
Info    : [ 40%] Meshing curve 5258 (Line)
Info    : [ 40%] Meshing curve 5259 (Line)
Info    : [ 40%] Meshing curve 5260 (Line)
Info    : [ 40%] Meshing curve 5261 (Line)
Info    : [ 40%] Meshing curve 5262 (Line)
Info    : [ 40%] Meshing curve 5263 (Line)
Info    : [ 40%] Meshing curve 5264 (Line)
Info    : [ 40%] Meshing curve 5265 (Line)
Info    : [ 40%] Meshing curve 5266 (Line)
Info    : [ 40%] Meshing curve 5267 (Line)
Info    : [ 40%] Meshing curve 5268 (Line)
Info    : [ 40%] Meshing curve 5269 (Line)
Info    : [ 40%] Meshing curve 5270 (Line)
Info    : [ 40%] Meshing curve 5271 (Line)
Info    : [ 40%] Meshing curve 5272 (Line)
Info    : [ 40%] Meshing curve 5273 (Line)
Info    : [ 40%] Meshing curve 5274 (Line)
Info    : [ 40%] Meshing curve 5275 (Line)
Info    : [ 40%] Meshing curve 5276 (Line)
Info    : [ 40%] Meshing curve 5277 (Line)
Info    : [ 40%] Meshing curve 5278 (Line)
Info    : [ 40%] Meshing curve 5279 (Line)
Info    : [ 40%] Meshing curve 5280 (Line)
Info    : [ 40%] Meshing curve 5281 (Line)
Info    : [ 40%] Meshing curve 5282 (Line)
Info    : [ 40%] Meshing curve 5283 (Line)
Info    : [ 40%] Meshing curve 5284 (Line)
Info    : [ 40%] Meshing curve 5285 (Line)
Info    : [ 40%] Meshing curve 5286 (Line)
Info    : [ 40%] Meshing curve 5287 (Line)
Info    : [ 40%] Meshing curve 5288 (Line)
Info    : [ 40%] Meshing curve 5289 (Line)
Info    : [ 40%] Meshing curve 5290 (Line)
Info    : [ 40%] Meshing curve 5291 (Line)
Info    : [ 40%] Meshing curve 5292 (Line)
Info    : [ 40%] Meshing curve 5293 (Line)
Info    : [ 40%] Meshing curve 5294 (Line)
Info    : [ 40%] Meshing curve 5295 (Line)
Info    : [ 40%] Meshing curve 5296 (Line)
Info    : [ 40%] Meshing curve 5297 (Line)
Info    : [ 40%] Meshing curve 5298 (Line)
Info    : [ 40%] Meshing curve 5299 (Line)
Info    : [ 40%] Meshing curve 5300 (Line)
Info    : [ 40%] Meshing curve 5301 (Line)
Info    : [ 40%] Meshing curve 5302 (Line)
Info    : [ 40%] Meshing curve 5303 (Line)
Info    : [ 40%] Meshing curve 5304 (Line)
Info    : [ 40%] Meshing curve 5305 (Line)
Info    : [ 40%] Meshing curve 5306 (Line)
Info    : [ 40%] Meshing curve 5307 (Line)
Info    : [ 40%] Meshing curve 5308 (Line)
Info    : [ 40%] Meshing curve 5309 (Line)
Info    : [ 40%] Meshing curve 5310 (Line)
Info    : [ 40%] Meshing curve 5311 (Line)
Info    : [ 40%] Meshing curve 5312 (Line)
Info    : [ 40%] Meshing curve 5313 (Line)
Info    : [ 40%] Meshing curve 5314 (Line)
Info    : [ 40%] Meshing curve 5315 (Line)
Info    : [ 40%] Meshing curve 5316 (Line)
Info    : [ 40%] Meshing curve 5317 (Line)
Info    : [ 40%] Meshing curve 5318 (Line)
Info    : [ 40%] Meshing curve 5319 (Line)
Info    : [ 40%] Meshing curve 5320 (Line)
Info    : [ 40%] Meshing curve 5321 (Line)
Info    : [ 40%] Meshing curve 5322 (Line)
Info    : [ 40%] Meshing curve 5323 (Line)
Info    : [ 40%] Meshing curve 5324 (Line)
Info    : [ 40%] Meshing curve 5325 (Line)
Info    : [ 40%] Meshing curve 5326 (Line)
Info    : [ 40%] Meshing curve 5327 (Line)
Info    : [ 40%] Meshing curve 5328 (Line)
Info    : [ 40%] Meshing curve 5329 (Line)
Info    : [ 40%] Meshing curve 5330 (Line)
Info    : [ 40%] Meshing curve 5331 (Line)
Info    : [ 40%] Meshing curve 5332 (Line)
Info    : [ 40%] Meshing curve 5333 (Line)
Info    : [ 40%] Meshing curve 5334 (Line)
Info    : [ 40%] Meshing curve 5335 (Line)
Info    : [ 40%] Meshing curve 5336 (Line)
Info    : [ 40%] Meshing curve 5337 (Line)
Info    : [ 40%] Meshing curve 5338 (Line)
Info    : [ 40%] Meshing curve 5339 (Line)
Info    : [ 40%] Meshing curve 5340 (Line)
Info    : [ 40%] Meshing curve 5341 (Line)
Info    : [ 40%] Meshing curve 5342 (Line)
Info    : [ 40%] Meshing curve 5343 (Line)
Info    : [ 40%] Meshing curve 5345 (Line)
Info    : [ 40%] Meshing curve 5344 (Line)
Info    : [ 40%] Meshing curve 5346 (Line)
Info    : [ 40%] Meshing curve 5347 (Line)
Info    : [ 40%] Meshing curve 5348 (Line)
Info    : [ 40%] Meshing curve 5349 (Line)
Info    : [ 40%] Meshing curve 5350 (Line)
Info    : [ 40%] Meshing curve 5351 (Line)
Info    : [ 40%] Meshing curve 5352 (Line)
Info    : [ 40%] Meshing curve 5353 (Line)
Info    : [ 40%] Meshing curve 5354 (Line)
Info    : [ 40%] Meshing curve 5355 (Line)
Info    : [ 40%] Meshing curve 5356 (Line)
Info    : [ 40%] Meshing curve 5357 (Line)
Info    : [ 40%] Meshing curve 5358 (Line)
Info    : [ 40%] Meshing curve 5359 (Line)
Info    : [ 40%] Meshing curve 5360 (Line)
Info    : [ 40%] Meshing curve 5361 (Line)
Info    : [ 40%] Meshing curve 5362 (Line)
Info    : [ 40%] Meshing curve 5363 (Line)
Info    : [ 40%] Meshing curve 5364 (Line)
Info    : [ 40%] Meshing curve 5365 (Line)
Info    : [ 40%] Meshing curve 5366 (Line)
Info    : [ 40%] Meshing curve 5367 (Line)
Info    : [ 40%] Meshing curve 5368 (Line)
Info    : [ 40%] Meshing curve 5369 (Line)
Info    : [ 40%] Meshing curve 5370 (Line)
Info    : [ 40%] Meshing curve 5371 (Line)
Info    : [ 40%] Meshing curve 5372 (Line)
Info    : [ 40%] Meshing curve 5373 (Line)
Info    : [ 40%] Meshing curve 5374 (Line)
Info    : [ 40%] Meshing curve 5375 (Line)
Info    : [ 40%] Meshing curve 5376 (Line)
Info    : [ 40%] Meshing curve 5377 (Line)
Info    : [ 40%] Meshing curve 5378 (Line)
Info    : [ 40%] Meshing curve 5379 (Line)
Info    : [ 40%] Meshing curve 5380 (Line)
Info    : [ 40%] Meshing curve 5381 (Line)
Info    : [ 40%] Meshing curve 5382 (Line)
Info    : [ 40%] Meshing curve 5383 (Line)
Info    : [ 40%] Meshing curve 5384 (Line)
Info    : [ 40%] Meshing curve 5385 (Line)
Info    : [ 40%] Meshing curve 5386 (Line)
Info    : [ 40%] Meshing curve 5388 (Line)
Info    : [ 40%] Meshing curve 5387 (Line)
Info    : [ 40%] Meshing curve 5389 (Line)
Info    : [ 40%] Meshing curve 5390 (Line)
Info    : [ 40%] Meshing curve 5391 (Line)
Info    : [ 40%] Meshing curve 5392 (Line)
Info    : [ 40%] Meshing curve 5393 (Line)
Info    : [ 40%] Meshing curve 5394 (Line)
Info    : [ 40%] Meshing curve 5395 (Line)
Info    : [ 40%] Meshing curve 5396 (Line)
Info    : [ 40%] Meshing curve 5397 (Line)
Info    : [ 40%] Meshing curve 5398 (Line)
Info    : [ 40%] Meshing curve 5399 (Line)
Info    : [ 40%] Meshing curve 5400 (Line)
Info    : [ 40%] Meshing curve 5401 (Line)
Info    : [ 40%] Meshing curve 5402 (Line)
Info    : [ 40%] Meshing curve 5403 (Line)
Info    : [ 40%] Meshing curve 5404 (Line)
Info    : [ 40%] Meshing curve 5405 (Line)
Info    : [ 40%] Meshing curve 5406 (Line)
Info    : [ 40%] Meshing curve 5407 (Line)
Info    : [ 40%] Meshing curve 5408 (Line)
Info    : [ 40%] Meshing curve 5409 (Line)
Info    : [ 40%] Meshing curve 5410 (Line)
Info    : [ 40%] Meshing curve 5411 (Line)
Info    : [ 40%] Meshing curve 5412 (Line)
Info    : [ 40%] Meshing curve 5413 (Line)
Info    : [ 40%] Meshing curve 5414 (Line)
Info    : [ 40%] Meshing curve 5415 (Line)
Info    : [ 40%] Meshing curve 5416 (Line)
Info    : [ 40%] Meshing curve 5417 (Line)
Info    : [ 40%] Meshing curve 5418 (Line)
Info    : [ 40%] Meshing curve 5419 (Line)
Info    : [ 40%] Meshing curve 5420 (Line)
Info    : [ 40%] Meshing curve 5421 (Line)
Info    : [ 40%] Meshing curve 5422 (Line)
Info    : [ 40%] Meshing curve 5423 (Line)
Info    : [ 40%] Meshing curve 5424 (Line)
Info    : [ 40%] Meshing curve 5425 (Line)
Info    : [ 40%] Meshing curve 5426 (Line)
Info    : [ 40%] Meshing curve 5427 (Line)
Info    : [ 40%] Meshing curve 5428 (Line)
Info    : [ 40%] Meshing curve 5429 (Line)
Info    : [ 40%] Meshing curve 5430 (Line)
Info    : [ 40%] Meshing curve 5431 (Line)
Info    : [ 40%] Meshing curve 5432 (Line)
Info    : [ 40%] Meshing curve 5433 (Line)
Info    : [ 40%] Meshing curve 5434 (Line)
Info    : [ 40%] Meshing curve 5435 (Line)
Info    : [ 40%] Meshing curve 5436 (Line)
Info    : [ 40%] Meshing curve 5437 (Line)
Info    : [ 40%] Meshing curve 5438 (Line)
Info    : [ 40%] Meshing curve 5439 (Line)
Info    : [ 40%] Meshing curve 5440 (Line)
Info    : [ 40%] Meshing curve 5441 (Line)
Info    : [ 40%] Meshing curve 5442 (Line)
Info    : [ 40%] Meshing curve 5443 (Line)
Info    : [ 40%] Meshing curve 5444 (Line)
Info    : [ 40%] Meshing curve 5445 (Line)
Info    : [ 40%] Meshing curve 5446 (Line)
Info    : [ 40%] Meshing curve 5447 (Line)
Info    : [ 40%] Meshing curve 5448 (Line)
Info    : [ 40%] Meshing curve 5449 (Line)
Info    : [ 40%] Meshing curve 5450 (Line)
Info    : [ 40%] Meshing curve 5451 (Line)
Info    : [ 40%] Meshing curve 5452 (Line)
Info    : [ 40%] Meshing curve 5453 (Line)
Info    : [ 40%] Meshing curve 5454 (Line)
Info    : [ 40%] Meshing curve 5455 (Line)
Info    : [ 40%] Meshing curve 5456 (Line)
Info    : [ 40%] Meshing curve 5457 (Line)
Info    : [ 40%] Meshing curve 5458 (Line)
Info    : [ 40%] Meshing curve 5459 (Line)
Info    : [ 40%] Meshing curve 5460 (Line)
Info    : [ 40%] Meshing curve 5461 (Line)
Info    : [ 40%] Meshing curve 5462 (Line)
Info    : [ 40%] Meshing curve 5463 (Line)
Info    : [ 40%] Meshing curve 5464 (Line)
Info    : [ 40%] Meshing curve 5465 (Line)
Info    : [ 40%] Meshing curve 5466 (Line)
Info    : [ 40%] Meshing curve 5467 (Line)
Info    : [ 40%] Meshing curve 5468 (Line)
Info    : [ 40%] Meshing curve 5469 (Line)
Info    : [ 40%] Meshing curve 5470 (Line)
Info    : [ 40%] Meshing curve 5471 (Line)
Info    : [ 40%] Meshing curve 5472 (Line)
Info    : [ 40%] Meshing curve 5473 (Line)
Info    : [ 40%] Meshing curve 5474 (Line)
Info    : [ 40%] Meshing curve 5475 (Line)
Info    : [ 40%] Meshing curve 5476 (Line)
Info    : [ 40%] Meshing curve 5477 (Line)
Info    : [ 40%] Meshing curve 5478 (Line)
Info    : [ 40%] Meshing curve 5479 (Line)
Info    : [ 40%] Meshing curve 5480 (Line)
Info    : [ 40%] Meshing curve 5481 (Line)
Info    : [ 40%] Meshing curve 5482 (Line)
Info    : [ 40%] Meshing curve 5483 (Line)
Info    : [ 40%] Meshing curve 5484 (Line)
Info    : [ 40%] Meshing curve 5485 (Line)
Info    : [ 40%] Meshing curve 5486 (Line)
Info    : [ 40%] Meshing curve 5487 (Line)
Info    : [ 40%] Meshing curve 5488 (Line)
Info    : [ 40%] Meshing curve 5489 (Line)
Info    : [ 40%] Meshing curve 5490 (Line)
Info    : [ 40%] Meshing curve 5491 (Line)
Info    : [ 40%] Meshing curve 5492 (Line)
Info    : [ 40%] Meshing curve 5493 (Line)
Info    : [ 40%] Meshing curve 5494 (Line)
Info    : [ 40%] Meshing curve 5495 (Line)
Info    : [ 40%] Meshing curve 5496 (Line)
Info    : [ 40%] Meshing curve 5497 (Line)
Info    : [ 40%] Meshing curve 5498 (Line)
Info    : [ 40%] Meshing curve 5499 (Line)
Info    : [ 40%] Meshing curve 5500 (Line)
Info    : [ 40%] Meshing curve 5501 (Line)
Info    : [ 40%] Meshing curve 5502 (Line)
Info    : [ 40%] Meshing curve 5503 (Line)
Info    : [ 40%] Meshing curve 5504 (Line)
Info    : [ 40%] Meshing curve 5505 (Line)
Info    : [ 40%] Meshing curve 5506 (Line)
Info    : [ 40%] Meshing curve 5507 (Line)
Info    : [ 40%] Meshing curve 5508 (Line)
Info    : [ 40%] Meshing curve 5509 (Line)
Info    : [ 40%] Meshing curve 5510 (Line)
Info    : [ 40%] Meshing curve 5511 (Line)
Info    : [ 40%] Meshing curve 5512 (Line)
Info    : [ 40%] Meshing curve 5513 (Line)
Info    : [ 40%] Meshing curve 5514 (Line)
Info    : [ 40%] Meshing curve 5515 (Line)
Info    : [ 40%] Meshing curve 5516 (Line)
Info    : [ 40%] Meshing curve 5517 (Line)
Info    : [ 40%] Meshing curve 5518 (Line)
Info    : [ 40%] Meshing curve 5519 (Line)
Info    : [ 40%] Meshing curve 5520 (Line)
Info    : [ 40%] Meshing curve 5521 (Line)
Info    : [ 40%] Meshing curve 5522 (Line)
Info    : [ 40%] Meshing curve 5523 (Line)
Info    : [ 40%] Meshing curve 5524 (Line)
Info    : [ 40%] Meshing curve 5525 (Line)
Info    : [ 40%] Meshing curve 5526 (Line)
Info    : [ 40%] Meshing curve 5527 (Line)
Info    : [ 40%] Meshing curve 5528 (Line)
Info    : [ 40%] Meshing curve 5529 (Line)
Info    : [ 40%] Meshing curve 5530 (Line)
Info    : [ 40%] Meshing curve 5531 (Line)
Info    : [ 40%] Meshing curve 5532 (Line)
Info    : [ 40%] Meshing curve 5533 (Line)
Info    : [ 40%] Meshing curve 5534 (Line)
Info    : [ 40%] Meshing curve 5535 (Line)
Info    : [ 40%] Meshing curve 5536 (Line)
Info    : [ 40%] Meshing curve 5537 (Line)
Info    : [ 40%] Meshing curve 5538 (Line)
Info    : [ 40%] Meshing curve 5539 (Line)
Info    : [ 40%] Meshing curve 5540 (Line)
Info    : [ 40%] Meshing curve 5541 (Line)
Info    : [ 40%] Meshing curve 5542 (Line)
Info    : [ 40%] Meshing curve 5543 (Line)
Info    : [ 40%] Meshing curve 5544 (Line)
Info    : [ 40%] Meshing curve 5545 (Line)
Info    : [ 40%] Meshing curve 5546 (Line)
Info    : [ 40%] Meshing curve 5547 (Line)
Info    : [ 40%] Meshing curve 5548 (Line)
Info    : [ 40%] Meshing curve 5549 (Line)
Info    : [ 40%] Meshing curve 5551 (Line)
Info    : [ 40%] Meshing curve 5550 (Line)
Info    : [ 40%] Meshing curve 5552 (Line)
Info    : [ 40%] Meshing curve 5553 (Line)
Info    : [ 40%] Meshing curve 5554 (Line)
Info    : [ 40%] Meshing curve 5555 (Line)
Info    : [ 40%] Meshing curve 5556 (Line)
Info    : [ 40%] Meshing curve 5557 (Line)
Info    : [ 40%] Meshing curve 5558 (Line)
Info    : [ 40%] Meshing curve 5559 (Line)
Info    : [ 40%] Meshing curve 5560 (Line)
Info    : [ 40%] Meshing curve 5561 (Line)
Info    : [ 40%] Meshing curve 5562 (Line)
Info    : [ 40%] Meshing curve 5563 (Line)
Info    : [ 40%] Meshing curve 5564 (Line)
Info    : [ 40%] Meshing curve 5565 (Line)
Info    : [ 40%] Meshing curve 5566 (Line)
Info    : [ 40%] Meshing curve 5567 (Line)
Info    : [ 40%] Meshing curve 5568 (Line)
Info    : [ 40%] Meshing curve 5569 (Line)
Info    : [ 40%] Meshing curve 5570 (Line)
Info    : [ 40%] Meshing curve 5571 (Line)
Info    : [ 40%] Meshing curve 5572 (Line)
Info    : [ 40%] Meshing curve 5573 (Line)
Info    : [ 40%] Meshing curve 5574 (Line)
Info    : [ 40%] Meshing curve 5575 (Line)
Info    : [ 40%] Meshing curve 5576 (Line)
Info    : [ 40%] Meshing curve 5577 (Line)
Info    : [ 40%] Meshing curve 5578 (Line)
Info    : [ 40%] Meshing curve 5579 (Line)
Info    : [ 40%] Meshing curve 5580 (Line)
Info    : [ 40%] Meshing curve 5581 (Line)
Info    : [ 40%] Meshing curve 5582 (Line)
Info    : [ 40%] Meshing curve 5583 (Line)
Info    : [ 40%] Meshing curve 5584 (Line)
Info    : [ 40%] Meshing curve 5585 (Line)
Info    : [ 40%] Meshing curve 5586 (Line)
Info    : [ 40%] Meshing curve 5587 (Line)
Info    : [ 40%] Meshing curve 5588 (Line)
Info    : [ 40%] Meshing curve 5589 (Line)
Info    : [ 40%] Meshing curve 5590 (Line)
Info    : [ 40%] Meshing curve 5591 (Line)
Info    : [ 40%] Meshing curve 5592 (Line)
Info    : [ 40%] Meshing curve 5593 (Line)
Info    : [ 40%] Meshing curve 5594 (Line)
Info    : [ 40%] Meshing curve 5595 (Line)
Info    : [ 40%] Meshing curve 5596 (Line)
Info    : [ 40%] Meshing curve 5597 (Line)
Info    : [ 40%] Meshing curve 5598 (Line)
Info    : [ 40%] Meshing curve 5599 (Line)
Info    : [ 40%] Meshing curve 5600 (Line)
Info    : [ 40%] Meshing curve 5601 (Line)
Info    : [ 40%] Meshing curve 5602 (Line)
Info    : [ 40%] Meshing curve 5603 (Line)
Info    : [ 40%] Meshing curve 5604 (Line)
Info    : [ 40%] Meshing curve 5605 (Line)
Info    : [ 40%] Meshing curve 5606 (Line)
Info    : [ 40%] Meshing curve 5607 (Line)
Info    : [ 40%] Meshing curve 5608 (Line)
Info    : [ 40%] Meshing curve 5609 (Line)
Info    : [ 40%] Meshing curve 5610 (Line)
Info    : [ 40%] Meshing curve 5611 (Line)
Info    : [ 40%] Meshing curve 5612 (Line)
Info    : [ 40%] Meshing curve 5613 (Line)
Info    : [ 40%] Meshing curve 5614 (Line)
Info    : [ 40%] Meshing curve 5615 (Line)
Info    : [ 40%] Meshing curve 5616 (Line)
Info    : [ 40%] Meshing curve 5617 (Line)
Info    : [ 40%] Meshing curve 5618 (Line)
Info    : [ 40%] Meshing curve 5619 (Line)
Info    : [ 40%] Meshing curve 5620 (Line)
Info    : [ 40%] Meshing curve 5621 (Line)
Info    : [ 40%] Meshing curve 5622 (Line)
Info    : [ 40%] Meshing curve 5623 (Line)
Info    : [ 40%] Meshing curve 5624 (Line)
Info    : [ 40%] Meshing curve 5625 (Line)
Info    : [ 40%] Meshing curve 5626 (Line)
Info    : [ 40%] Meshing curve 5627 (Line)
Info    : [ 40%] Meshing curve 5628 (Line)
Info    : [ 40%] Meshing curve 5629 (Line)
Info    : [ 40%] Meshing curve 5630 (Line)
Info    : [ 40%] Meshing curve 5631 (Line)
Info    : [ 40%] Meshing curve 5632 (Line)
Info    : [ 40%] Meshing curve 5633 (Line)
Info    : [ 40%] Meshing curve 5634 (Line)
Info    : [ 40%] Meshing curve 5635 (Line)
Info    : [ 40%] Meshing curve 5636 (Line)
Info    : [ 40%] Meshing curve 5637 (Line)
Info    : [ 40%] Meshing curve 5638 (Line)
Info    : [ 40%] Meshing curve 5639 (Line)
Info    : [ 40%] Meshing curve 5640 (Line)
Info    : [ 40%] Meshing curve 5641 (Line)
Info    : [ 40%] Meshing curve 5642 (Line)
Info    : [ 40%] Meshing curve 5643 (Line)
Info    : [ 40%] Meshing curve 5644 (Line)
Info    : [ 40%] Meshing curve 5645 (Line)
Info    : [ 40%] Meshing curve 5646 (Line)
Info    : [ 40%] Meshing curve 5647 (Line)
Info    : [ 40%] Meshing curve 5648 (Line)
Info    : [ 40%] Meshing curve 5649 (Line)
Info    : [ 40%] Meshing curve 5650 (Line)
Info    : [ 40%] Meshing curve 5651 (Line)
Info    : [ 40%] Meshing curve 5652 (Line)
Info    : [ 40%] Meshing curve 5653 (Line)
Info    : [ 40%] Meshing curve 5654 (Line)
Info    : [ 40%] Meshing curve 5655 (Line)
Info    : [ 40%] Meshing curve 5656 (Line)
Info    : [ 40%] Meshing curve 5657 (Line)
Info    : [ 40%] Meshing curve 5658 (Line)
Info    : [ 40%] Meshing curve 5659 (Line)
Info    : [ 40%] Meshing curve 5660 (Line)
Info    : [ 40%] Meshing curve 5661 (Line)
Info    : [ 40%] Meshing curve 5662 (Line)
Info    : [ 40%] Meshing curve 5663 (Line)
Info    : [ 40%] Meshing curve 5664 (Line)
Info    : [ 40%] Meshing curve 5665 (Line)
Info    : [ 40%] Meshing curve 5666 (Line)
Info    : [ 40%] Meshing curve 5667 (Line)
Info    : [ 40%] Meshing curve 5668 (Line)
Info    : [ 40%] Meshing curve 5669 (Line)
Info    : [ 40%] Meshing curve 5670 (Line)
Info    : [ 40%] Meshing curve 5671 (Line)
Info    : [ 40%] Meshing curve 5672 (Line)
Info    : [ 40%] Meshing curve 5673 (Line)
Info    : [ 40%] Meshing curve 5674 (Line)
Info    : [ 40%] Meshing curve 5675 (Line)
Info    : [ 40%] Meshing curve 5676 (Line)
Info    : [ 40%] Meshing curve 5677 (Line)
Info    : [ 40%] Meshing curve 5678 (Line)
Info    : [ 40%] Meshing curve 5679 (Line)
Info    : [ 40%] Meshing curve 5680 (Line)
Info    : [ 40%] Meshing curve 5681 (Line)
Info    : [ 40%] Meshing curve 5682 (Line)
Info    : [ 40%] Meshing curve 5683 (Line)
Info    : [ 40%] Meshing curve 5684 (Line)
Info    : [ 40%] Meshing curve 5685 (Line)
Info    : [ 40%] Meshing curve 5686 (Line)
Info    : [ 40%] Meshing curve 5687 (Line)
Info    : [ 40%] Meshing curve 5688 (Line)
Info    : [ 40%] Meshing curve 5689 (Line)
Info    : [ 40%] Meshing curve 5690 (Line)
Info    : [ 40%] Meshing curve 5691 (Line)
Info    : [ 40%] Meshing curve 5692 (Line)
Info    : [ 40%] Meshing curve 5693 (Line)
Info    : [ 40%] Meshing curve 5694 (Line)
Info    : [ 40%] Meshing curve 5695 (Line)
Info    : [ 40%] Meshing curve 5696 (Line)
Info    : [ 40%] Meshing curve 5697 (Line)
Info    : [ 40%] Meshing curve 5698 (Line)
Info    : [ 40%] Meshing curve 5699 (Line)
Info    : [ 40%] Meshing curve 5700 (Line)
Info    : [ 40%] Meshing curve 5701 (Line)
Info    : [ 40%] Meshing curve 5702 (Line)
Info    : [ 40%] Meshing curve 5703 (Line)
Info    : [ 40%] Meshing curve 5704 (Line)
Info    : [ 40%] Meshing curve 5705 (Line)
Info    : [ 40%] Meshing curve 5706 (Line)
Info    : [ 40%] Meshing curve 5707 (Line)
Info    : [ 40%] Meshing curve 5708 (Line)
Info    : [ 40%] Meshing curve 5709 (Line)
Info    : [ 40%] Meshing curve 5710 (Line)
Info    : [ 40%] Meshing curve 5711 (Line)
Info    : [ 40%] Meshing curve 5712 (Line)
Info    : [ 40%] Meshing curve 5713 (Line)
Info    : [ 40%] Meshing curve 5714 (Line)
Info    : [ 40%] Meshing curve 5715 (Line)
Info    : [ 40%] Meshing curve 5716 (Line)
Info    : [ 40%] Meshing curve 5717 (Line)
Info    : [ 40%] Meshing curve 5718 (Line)
Info    : [ 40%] Meshing curve 5719 (Line)
Info    : [ 40%] Meshing curve 5720 (Line)
Info    : [ 40%] Meshing curve 5721 (Line)
Info    : [ 40%] Meshing curve 5722 (Line)
Info    : [ 40%] Meshing curve 5723 (Line)
Info    : [ 40%] Meshing curve 5724 (Line)
Info    : [ 40%] Meshing curve 5725 (Line)
Info    : [ 40%] Meshing curve 5726 (Line)
Info    : [ 40%] Meshing curve 5727 (Line)
Info    : [ 40%] Meshing curve 5728 (Line)
Info    : [ 40%] Meshing curve 5729 (Line)
Info    : [ 40%] Meshing curve 5730 (Line)
Info    : [ 40%] Meshing curve 5731 (Line)
Info    : [ 40%] Meshing curve 5732 (Line)
Info    : [ 40%] Meshing curve 5733 (Line)
Info    : [ 40%] Meshing curve 5734 (Line)
Info    : [ 40%] Meshing curve 5735 (Line)
Info    : [ 40%] Meshing curve 5736 (Line)
Info    : [ 40%] Meshing curve 5737 (Line)
Info    : [ 40%] Meshing curve 5738 (Line)
Info    : [ 40%] Meshing curve 5739 (Line)
Info    : [ 40%] Meshing curve 5740 (Line)
Info    : [ 40%] Meshing curve 5741 (Line)
Info    : [ 40%] Meshing curve 5742 (Line)
Info    : [ 40%] Meshing curve 5743 (Line)
Info    : [ 40%] Meshing curve 5744 (Line)
Info    : [ 40%] Meshing curve 5745 (Line)
Info    : [ 40%] Meshing curve 5746 (Line)
Info    : [ 40%] Meshing curve 5747 (Line)
Info    : [ 40%] Meshing curve 5748 (Line)
Info    : [ 40%] Meshing curve 5749 (Line)
Info    : [ 40%] Meshing curve 5750 (Line)
Info    : [ 40%] Meshing curve 5751 (Line)
Info    : [ 40%] Meshing curve 5752 (Line)
Info    : [ 40%] Meshing curve 5753 (Line)
Info    : [ 40%] Meshing curve 5754 (Line)
Info    : [ 40%] Meshing curve 5755 (Line)
Info    : [ 40%] Meshing curve 5756 (Line)
Info    : [ 40%] Meshing curve 5757 (Line)
Info    : [ 40%] Meshing curve 5758 (Line)
Info    : [ 40%] Meshing curve 5759 (Line)
Info    : [ 40%] Meshing curve 5760 (Line)
Info    : [ 40%] Meshing curve 5761 (Line)
Info    : [ 40%] Meshing curve 5762 (Line)
Info    : [ 40%] Meshing curve 5763 (Line)
Info    : [ 40%] Meshing curve 5764 (Line)
Info    : [ 40%] Meshing curve 5765 (Line)
Info    : [ 40%] Meshing curve 5766 (Line)
Info    : [ 40%] Meshing curve 5767 (Line)
Info    : [ 40%] Meshing curve 5768 (Line)
Info    : [ 40%] Meshing curve 5769 (Line)
Info    : [ 40%] Meshing curve 5770 (Line)
Info    : [ 40%] Meshing curve 5771 (Line)
Info    : [ 40%] Meshing curve 5772 (Line)
Info    : [ 40%] Meshing curve 5773 (Line)
Info    : [ 40%] Meshing curve 5774 (Line)
Info    : [ 40%] Meshing curve 5775 (Line)
Info    : [ 40%] Meshing curve 5776 (Line)
Info    : [ 40%] Meshing curve 5777 (Line)
Info    : [ 40%] Meshing curve 5778 (Line)
Info    : [ 40%] Meshing curve 5779 (Line)
Info    : [ 40%] Meshing curve 5780 (Line)
Info    : [ 40%] Meshing curve 5781 (Line)
Info    : [ 40%] Meshing curve 5782 (Line)
Info    : [ 40%] Meshing curve 5783 (Line)
Info    : [ 40%] Meshing curve 5784 (Line)
Info    : [ 40%] Meshing curve 5785 (Line)
Info    : [ 40%] Meshing curve 5786 (Line)
Info    : [ 40%] Meshing curve 5787 (Line)
Info    : [ 40%] Meshing curve 5788 (Line)
Info    : [ 40%] Meshing curve 5789 (Line)
Info    : [ 40%] Meshing curve 5790 (Line)
Info    : [ 40%] Meshing curve 5791 (Line)
Info    : [ 40%] Meshing curve 5792 (Line)
Info    : [ 40%] Meshing curve 5793 (Line)
Info    : [ 40%] Meshing curve 5794 (Line)
Info    : [ 40%] Meshing curve 5795 (Line)
Info    : [ 40%] Meshing curve 5796 (Line)
Info    : [ 40%] Meshing curve 5797 (Line)
Info    : [ 40%] Meshing curve 5798 (Line)
Info    : [ 40%] Meshing curve 5799 (Line)
Info    : [ 40%] Meshing curve 5800 (Line)
Info    : [ 40%] Meshing curve 5801 (Line)
Info    : [ 40%] Meshing curve 5802 (Line)
Info    : [ 40%] Meshing curve 5803 (Line)
Info    : [ 40%] Meshing curve 5804 (Line)
Info    : [ 40%] Meshing curve 5805 (Line)
Info    : [ 40%] Meshing curve 5806 (Line)
Info    : [ 40%] Meshing curve 5807 (Line)
Info    : [ 40%] Meshing curve 5808 (Line)
Info    : [ 40%] Meshing curve 5809 (Line)
Info    : [ 40%] Meshing curve 5810 (Line)
Info    : [ 40%] Meshing curve 5811 (Line)
Info    : [ 40%] Meshing curve 5812 (Line)
Info    : [ 40%] Meshing curve 5813 (Line)
Info    : [ 40%] Meshing curve 5814 (Line)
Info    : [ 40%] Meshing curve 5815 (Line)
Info    : [ 40%] Meshing curve 5816 (Line)
Info    : [ 40%] Meshing curve 5817 (Line)
Info    : [ 40%] Meshing curve 5818 (Line)
Info    : [ 40%] Meshing curve 5819 (Line)
Info    : [ 40%] Meshing curve 5820 (Line)
Info    : [ 40%] Meshing curve 5821 (Line)
Info    : [ 40%] Meshing curve 5822 (Line)
Info    : [ 40%] Meshing curve 5823 (Line)
Info    : [ 40%] Meshing curve 5824 (Line)
Info    : [ 40%] Meshing curve 5825 (Line)
Info    : [ 40%] Meshing curve 5826 (Line)
Info    : [ 40%] Meshing curve 5827 (Line)
Info    : [ 40%] Meshing curve 5828 (Line)
Info    : [ 40%] Meshing curve 5829 (Line)
Info    : [ 40%] Meshing curve 5830 (Line)
Info    : [ 40%] Meshing curve 5831 (Line)
Info    : [ 40%] Meshing curve 5832 (Line)
Info    : [ 40%] Meshing curve 5833 (Line)
Info    : [ 40%] Meshing curve 5834 (Line)
Info    : [ 40%] Meshing curve 5835 (Line)
Info    : [ 40%] Meshing curve 5836 (Line)
Info    : [ 40%] Meshing curve 5837 (Line)
Info    : [ 40%] Meshing curve 5838 (Line)
Info    : [ 40%] Meshing curve 5839 (Line)
Info    : [ 40%] Meshing curve 5840 (Line)
Info    : [ 40%] Meshing curve 5841 (Line)
Info    : [ 40%] Meshing curve 5842 (Line)
Info    : [ 40%] Meshing curve 5843 (Line)
Info    : [ 40%] Meshing curve 5844 (Line)
Info    : [ 40%] Meshing curve 5845 (Line)
Info    : [ 40%] Meshing curve 5846 (Line)
Info    : [ 40%] Meshing curve 5847 (Line)
Info    : [ 40%] Meshing curve 5848 (Line)
Info    : [ 40%] Meshing curve 5849 (Line)
Info    : [ 40%] Meshing curve 5850 (Line)
Info    : [ 40%] Meshing curve 5851 (Line)
Info    : [ 40%] Meshing curve 5852 (Line)
Info    : [ 40%] Meshing curve 5853 (Line)
Info    : [ 40%] Meshing curve 5854 (Line)
Info    : [ 40%] Meshing curve 5855 (Line)
Info    : [ 40%] Meshing curve 5856 (Line)
Info    : [ 40%] Meshing curve 5857 (Line)
Info    : [ 40%] Meshing curve 5858 (Line)
Info    : [ 40%] Meshing curve 5859 (Line)
Info    : [ 40%] Meshing curve 5860 (Line)
Info    : [ 40%] Meshing curve 5861 (Line)
Info    : [ 40%] Meshing curve 5862 (Line)
Info    : [ 40%] Meshing curve 5863 (Line)
Info    : [ 40%] Meshing curve 5864 (Line)
Info    : [ 40%] Meshing curve 5865 (Line)
Info    : [ 40%] Meshing curve 5866 (Line)
Info    : [ 40%] Meshing curve 5867 (Line)
Info    : [ 40%] Meshing curve 5868 (Line)
Info    : [ 40%] Meshing curve 5869 (Line)
Info    : [ 40%] Meshing curve 5870 (Line)
Info    : [ 40%] Meshing curve 5871 (Line)
Info    : [ 40%] Meshing curve 5872 (Line)
Info    : [ 40%] Meshing curve 5873 (Line)
Info    : [ 40%] Meshing curve 5874 (Line)
Info    : [ 40%] Meshing curve 5875 (Line)
Info    : [ 40%] Meshing curve 5876 (Line)
Info    : [ 40%] Meshing curve 5877 (Line)
Info    : [ 40%] Meshing curve 5878 (Line)
Info    : [ 40%] Meshing curve 5879 (Line)
Info    : [ 40%] Meshing curve 5880 (Line)
Info    : [ 40%] Meshing curve 5881 (Line)
Info    : [ 40%] Meshing curve 5882 (Line)
Info    : [ 40%] Meshing curve 5883 (Line)
Info    : [ 40%] Meshing curve 5884 (Line)
Info    : [ 40%] Meshing curve 5885 (Line)
Info    : [ 40%] Meshing curve 5886 (Line)
Info    : [ 40%] Meshing curve 5887 (Line)
Info    : [ 40%] Meshing curve 5888 (Line)
Info    : [ 40%] Meshing curve 5889 (Line)
Info    : [ 50%] Meshing curve 5890 (Line)
Info    : [ 50%] Meshing curve 5891 (Line)
Info    : [ 50%] Meshing curve 5892 (Line)
Info    : [ 50%] Meshing curve 5893 (Line)
Info    : [ 50%] Meshing curve 5894 (Line)
Info    : [ 50%] Meshing curve 5895 (Line)
Info    : [ 50%] Meshing curve 5896 (Line)
Info    : [ 50%] Meshing curve 5897 (Line)
Info    : [ 50%] Meshing curve 5898 (Line)
Info    : [ 50%] Meshing curve 5899 (Line)
Info    : [ 50%] Meshing curve 5900 (Line)
Info    : [ 50%] Meshing curve 5901 (Line)
Info    : [ 50%] Meshing curve 5902 (Line)
Info    : [ 50%] Meshing curve 5903 (Line)
Info    : [ 50%] Meshing curve 5904 (Line)
Info    : [ 50%] Meshing curve 5905 (Line)
Info    : [ 50%] Meshing curve 5906 (Line)
Info    : [ 50%] Meshing curve 5907 (Line)
Info    : [ 50%] Meshing curve 5908 (Line)
Info    : [ 50%] Meshing curve 5909 (Line)
Info    : [ 50%] Meshing curve 5910 (Line)
Info    : [ 50%] Meshing curve 5911 (Line)
Info    : [ 50%] Meshing curve 5912 (Line)
Info    : [ 50%] Meshing curve 5913 (Line)
Info    : [ 50%] Meshing curve 5914 (Line)
Info    : [ 50%] Meshing curve 5915 (Line)
Info    : [ 50%] Meshing curve 5916 (Line)
Info    : [ 50%] Meshing curve 5917 (Line)
Info    : [ 50%] Meshing curve 5918 (Line)
Info    : [ 50%] Meshing curve 5919 (Line)
Info    : [ 50%] Meshing curve 5920 (Line)
Info    : [ 50%] Meshing curve 5921 (Line)
Info    : [ 50%] Meshing curve 5922 (Line)
Info    : [ 50%] Meshing curve 5923 (Line)
Info    : [ 50%] Meshing curve 5924 (Line)
Info    : [ 50%] Meshing curve 5925 (Line)
Info    : [ 50%] Meshing curve 5926 (Line)
Info    : [ 50%] Meshing curve 5927 (Line)
Info    : [ 50%] Meshing curve 5928 (Line)
Info    : [ 50%] Meshing curve 5929 (Line)
Info    : [ 50%] Meshing curve 5930 (Line)
Info    : [ 50%] Meshing curve 5931 (Line)
Info    : [ 50%] Meshing curve 5932 (Line)
Info    : [ 50%] Meshing curve 5933 (Line)
Info    : [ 50%] Meshing curve 5934 (Line)
Info    : [ 50%] Meshing curve 5935 (Line)
Info    : [ 50%] Meshing curve 5936 (Line)
Info    : [ 50%] Meshing curve 5937 (Line)
Info    : [ 50%] Meshing curve 5938 (Line)
Info    : [ 50%] Meshing curve 5939 (Line)
Info    : [ 50%] Meshing curve 5940 (Line)
Info    : [ 50%] Meshing curve 5941 (Line)
Info    : [ 50%] Meshing curve 5942 (Line)
Info    : [ 50%] Meshing curve 5943 (Line)
Info    : [ 50%] Meshing curve 5944 (Line)
Info    : [ 50%] Meshing curve 5945 (Line)
Info    : [ 50%] Meshing curve 5946 (Line)
Info    : [ 50%] Meshing curve 5947 (Line)
Info    : [ 50%] Meshing curve 5948 (Line)
Info    : [ 50%] Meshing curve 5949 (Line)
Info    : [ 50%] Meshing curve 5950 (Line)
Info    : [ 50%] Meshing curve 5951 (Line)
Info    : [ 50%] Meshing curve 5952 (Line)
Info    : [ 50%] Meshing curve 5953 (Line)
Info    : [ 50%] Meshing curve 5954 (Line)
Info    : [ 50%] Meshing curve 5955 (Line)
Info    : [ 50%] Meshing curve 5956 (Line)
Info    : [ 50%] Meshing curve 5957 (Line)
Info    : [ 50%] Meshing curve 5958 (Line)
Info    : [ 50%] Meshing curve 5959 (Line)
Info    : [ 50%] Meshing curve 5960 (Line)
Info    : [ 50%] Meshing curve 5961 (Line)
Info    : [ 50%] Meshing curve 5962 (Line)
Info    : [ 50%] Meshing curve 5963 (Line)
Info    : [ 50%] Meshing curve 5964 (Line)
Info    : [ 50%] Meshing curve 5965 (Line)
Info    : [ 50%] Meshing curve 5966 (Line)
Info    : [ 50%] Meshing curve 5967 (Line)
Info    : [ 50%] Meshing curve 5968 (Line)
Info    : [ 50%] Meshing curve 5969 (Line)
Info    : [ 50%] Meshing curve 5970 (Line)
Info    : [ 50%] Meshing curve 5971 (Line)
Info    : [ 50%] Meshing curve 5972 (Line)
Info    : [ 50%] Meshing curve 5973 (Line)
Info    : [ 50%] Meshing curve 5974 (Line)
Info    : [ 50%] Meshing curve 5975 (Line)
Info    : [ 50%] Meshing curve 5976 (Line)
Info    : [ 50%] Meshing curve 5977 (Line)
Info    : [ 50%] Meshing curve 5978 (Line)
Info    : [ 50%] Meshing curve 5979 (Line)
Info    : [ 50%] Meshing curve 5980 (Line)
Info    : [ 50%] Meshing curve 5981 (Line)
Info    : [ 50%] Meshing curve 5982 (Line)
Info    : [ 50%] Meshing curve 5983 (Line)
Info    : [ 50%] Meshing curve 5984 (Line)
Info    : [ 50%] Meshing curve 5985 (Line)
Info    : [ 50%] Meshing curve 5986 (Line)
Info    : [ 50%] Meshing curve 5987 (Line)
Info    : [ 50%] Meshing curve 5988 (Line)
Info    : [ 50%] Meshing curve 5989 (Line)
Info    : [ 50%] Meshing curve 5990 (Line)
Info    : [ 50%] Meshing curve 5991 (Line)
Info    : [ 50%] Meshing curve 5992 (Line)
Info    : [ 50%] Meshing curve 5993 (Line)
Info    : [ 50%] Meshing curve 5994 (Line)
Info    : [ 50%] Meshing curve 5995 (Line)
Info    : [ 50%] Meshing curve 5996 (Line)
Info    : [ 50%] Meshing curve 5997 (Line)
Info    : [ 50%] Meshing curve 5998 (Line)
Info    : [ 50%] Meshing curve 5999 (Line)
Info    : [ 50%] Meshing curve 6000 (Line)
Info    : [ 50%] Meshing curve 6001 (Line)
Info    : [ 50%] Meshing curve 6002 (Line)
Info    : [ 50%] Meshing curve 6003 (Line)
Info    : [ 50%] Meshing curve 6004 (Line)
Info    : [ 50%] Meshing curve 6005 (Line)
Info    : [ 50%] Meshing curve 6006 (Line)
Info    : [ 50%] Meshing curve 6007 (Line)
Info    : [ 50%] Meshing curve 6008 (Line)
Info    : [ 50%] Meshing curve 6009 (Line)
Info    : [ 50%] Meshing curve 6010 (Line)
Info    : [ 50%] Meshing curve 6011 (Line)
Info    : [ 50%] Meshing curve 6012 (Line)
Info    : [ 50%] Meshing curve 6013 (Line)
Info    : [ 50%] Meshing curve 6014 (Line)
Info    : [ 50%] Meshing curve 6015 (Line)
Info    : [ 50%] Meshing curve 6016 (Line)
Info    : [ 50%] Meshing curve 6017 (Line)
Info    : [ 50%] Meshing curve 6018 (Line)
Info    : [ 50%] Meshing curve 6019 (Line)
Info    : [ 50%] Meshing curve 6020 (Line)
Info    : [ 50%] Meshing curve 6021 (Line)
Info    : [ 50%] Meshing curve 6022 (Line)
Info    : [ 50%] Meshing curve 6023 (Line)
Info    : [ 50%] Meshing curve 6024 (Line)
Info    : [ 50%] Meshing curve 6025 (Line)
Info    : [ 50%] Meshing curve 6026 (Line)
Info    : [ 50%] Meshing curve 6027 (Line)
Info    : [ 50%] Meshing curve 6028 (Line)
Info    : [ 50%] Meshing curve 6029 (Line)
Info    : [ 50%] Meshing curve 6030 (Line)
Info    : [ 50%] Meshing curve 6031 (Line)
Info    : [ 50%] Meshing curve 6032 (Line)
Info    : [ 50%] Meshing curve 6033 (Line)
Info    : [ 50%] Meshing curve 6034 (Line)
Info    : [ 50%] Meshing curve 6035 (Line)
Info    : [ 50%] Meshing curve 6036 (Line)
Info    : [ 50%] Meshing curve 6037 (Line)
Info    : [ 50%] Meshing curve 6038 (Line)
Info    : [ 50%] Meshing curve 6039 (Line)
Info    : [ 50%] Meshing curve 6040 (Line)
Info    : [ 50%] Meshing curve 6041 (Line)
Info    : [ 50%] Meshing curve 6042 (Line)
Info    : [ 50%] Meshing curve 6043 (Line)
Info    : [ 50%] Meshing curve 6044 (Line)
Info    : [ 50%] Meshing curve 6045 (Line)
Info    : [ 50%] Meshing curve 6046 (Line)
Info    : [ 50%] Meshing curve 6047 (Line)
Info    : [ 50%] Meshing curve 6048 (Line)
Info    : [ 50%] Meshing curve 6049 (Line)
Info    : [ 50%] Meshing curve 6050 (Line)
Info    : [ 50%] Meshing curve 6051 (Line)
Info    : [ 50%] Meshing curve 6052 (Line)
Info    : [ 50%] Meshing curve 6053 (Line)
Info    : [ 50%] Meshing curve 6054 (Line)
Info    : [ 50%] Meshing curve 6055 (Line)
Info    : [ 50%] Meshing curve 6056 (Line)
Info    : [ 50%] Meshing curve 6057 (Line)
Info    : [ 50%] Meshing curve 6058 (Line)
Info    : [ 50%] Meshing curve 6059 (Line)
Info    : [ 50%] Meshing curve 6060 (Line)
Info    : [ 50%] Meshing curve 6061 (Line)
Info    : [ 50%] Meshing curve 6062 (Line)
Info    : [ 50%] Meshing curve 6063 (Line)
Info    : [ 50%] Meshing curve 6064 (Line)
Info    : [ 50%] Meshing curve 6065 (Line)
Info    : [ 50%] Meshing curve 6067 (Line)
Info    : [ 50%] Meshing curve 6066 (Line)
Info    : [ 50%] Meshing curve 6068 (Line)
Info    : [ 50%] Meshing curve 6069 (Line)
Info    : [ 50%] Meshing curve 6070 (Line)
Info    : [ 50%] Meshing curve 6071 (Line)
Info    : [ 50%] Meshing curve 6072 (Line)
Info    : [ 50%] Meshing curve 6073 (Line)
Info    : [ 50%] Meshing curve 6074 (Line)
Info    : [ 50%] Meshing curve 6075 (Line)
Info    : [ 50%] Meshing curve 6076 (Line)
Info    : [ 50%] Meshing curve 6077 (Line)
Info    : [ 50%] Meshing curve 6078 (Line)
Info    : [ 50%] Meshing curve 6079 (Line)
Info    : [ 50%] Meshing curve 6080 (Line)
Info    : [ 50%] Meshing curve 6081 (Line)
Info    : [ 50%] Meshing curve 6082 (Line)
Info    : [ 50%] Meshing curve 6083 (Line)
Info    : [ 50%] Meshing curve 6084 (Line)
Info    : [ 50%] Meshing curve 6085 (Line)
Info    : [ 50%] Meshing curve 6086 (Line)
Info    : [ 50%] Meshing curve 6087 (Line)
Info    : [ 50%] Meshing curve 6088 (Line)
Info    : [ 50%] Meshing curve 6089 (Line)
Info    : [ 50%] Meshing curve 6090 (Line)
Info    : [ 50%] Meshing curve 6091 (Line)
Info    : [ 50%] Meshing curve 6092 (Line)
Info    : [ 50%] Meshing curve 6093 (Line)
Info    : [ 50%] Meshing curve 6094 (Line)
Info    : [ 50%] Meshing curve 6095 (Line)
Info    : [ 50%] Meshing curve 6096 (Line)
Info    : [ 50%] Meshing curve 6097 (Line)
Info    : [ 50%] Meshing curve 6098 (Line)
Info    : [ 50%] Meshing curve 6099 (Line)
Info    : [ 50%] Meshing curve 6100 (Line)
Info    : [ 50%] Meshing curve 6101 (Line)
Info    : [ 50%] Meshing curve 6102 (Line)
Info    : [ 50%] Meshing curve 6103 (Line)
Info    : [ 50%] Meshing curve 6104 (Line)
Info    : [ 50%] Meshing curve 6105 (Line)
Info    : [ 50%] Meshing curve 6106 (Line)
Info    : [ 50%] Meshing curve 6107 (Line)
Info    : [ 50%] Meshing curve 6108 (Line)
Info    : [ 50%] Meshing curve 6109 (Line)
Info    : [ 50%] Meshing curve 6110 (Line)
Info    : [ 50%] Meshing curve 6111 (Line)
Info    : [ 50%] Meshing curve 6112 (Line)
Info    : [ 50%] Meshing curve 6113 (Line)
Info    : [ 50%] Meshing curve 6114 (Line)
Info    : [ 50%] Meshing curve 6115 (Line)
Info    : [ 50%] Meshing curve 6116 (Line)
Info    : [ 50%] Meshing curve 6117 (Line)
Info    : [ 50%] Meshing curve 6118 (Line)
Info    : [ 50%] Meshing curve 6119 (Line)
Info    : [ 50%] Meshing curve 6120 (Line)
Info    : [ 50%] Meshing curve 6121 (Line)
Info    : [ 50%] Meshing curve 6122 (Line)
Info    : [ 50%] Meshing curve 6123 (Line)
Info    : [ 50%] Meshing curve 6124 (Line)
Info    : [ 50%] Meshing curve 6125 (Line)
Info    : [ 50%] Meshing curve 6126 (Line)
Info    : [ 50%] Meshing curve 6127 (Line)
Info    : [ 50%] Meshing curve 6128 (Line)
Info    : [ 50%] Meshing curve 6129 (Line)
Info    : [ 50%] Meshing curve 6130 (Line)
Info    : [ 50%] Meshing curve 6131 (Line)
Info    : [ 50%] Meshing curve 6132 (Line)
Info    : [ 50%] Meshing curve 6133 (Line)
Info    : [ 50%] Meshing curve 6134 (Line)
Info    : [ 50%] Meshing curve 6135 (Line)
Info    : [ 50%] Meshing curve 6136 (Line)
Info    : [ 50%] Meshing curve 6137 (Line)
Info    : [ 50%] Meshing curve 6138 (Line)
Info    : [ 50%] Meshing curve 6139 (Line)
Info    : [ 50%] Meshing curve 6140 (Line)
Info    : [ 50%] Meshing curve 6141 (Line)
Info    : [ 50%] Meshing curve 6142 (Line)
Info    : [ 50%] Meshing curve 6143 (Line)
Info    : [ 50%] Meshing curve 6144 (Line)
Info    : [ 50%] Meshing curve 6145 (Line)
Info    : [ 50%] Meshing curve 6146 (Line)
Info    : [ 50%] Meshing curve 6147 (Line)
Info    : [ 50%] Meshing curve 6148 (Line)
Info    : [ 50%] Meshing curve 6149 (Line)
Info    : [ 50%] Meshing curve 6150 (Line)
Info    : [ 50%] Meshing curve 6151 (Line)
Info    : [ 50%] Meshing curve 6152 (Line)
Info    : [ 50%] Meshing curve 6153 (Line)
Info    : [ 50%] Meshing curve 6154 (Line)
Info    : [ 50%] Meshing curve 6155 (Line)
Info    : [ 50%] Meshing curve 6156 (Line)
Info    : [ 50%] Meshing curve 6157 (Line)
Info    : [ 50%] Meshing curve 6158 (Line)
Info    : [ 50%] Meshing curve 6159 (Line)
Info    : [ 50%] Meshing curve 6160 (Line)
Info    : [ 50%] Meshing curve 6161 (Line)
Info    : [ 50%] Meshing curve 6162 (Line)
Info    : [ 50%] Meshing curve 6163 (Line)
Info    : [ 50%] Meshing curve 6164 (Line)
Info    : [ 50%] Meshing curve 6165 (Line)
Info    : [ 50%] Meshing curve 6166 (Line)
Info    : [ 50%] Meshing curve 6167 (Line)
Info    : [ 50%] Meshing curve 6168 (Line)
Info    : [ 50%] Meshing curve 6169 (Line)
Info    : [ 50%] Meshing curve 6170 (Line)
Info    : [ 50%] Meshing curve 6171 (Line)
Info    : [ 50%] Meshing curve 6172 (Line)
Info    : [ 50%] Meshing curve 6173 (Line)
Info    : [ 50%] Meshing curve 6174 (Line)
Info    : [ 50%] Meshing curve 6175 (Line)
Info    : [ 50%] Meshing curve 6176 (Line)
Info    : [ 50%] Meshing curve 6177 (Line)
Info    : [ 50%] Meshing curve 6178 (Line)
Info    : [ 50%] Meshing curve 6179 (Line)
Info    : [ 50%] Meshing curve 6180 (Line)
Info    : [ 50%] Meshing curve 6181 (Line)
Info    : [ 50%] Meshing curve 6182 (Line)
Info    : [ 50%] Meshing curve 6183 (Line)
Info    : [ 50%] Meshing curve 6184 (Line)
Info    : [ 50%] Meshing curve 6185 (Line)
Info    : [ 50%] Meshing curve 6186 (Line)
Info    : [ 50%] Meshing curve 6187 (Line)
Info    : [ 50%] Meshing curve 6188 (Line)
Info    : [ 50%] Meshing curve 6189 (Line)
Info    : [ 50%] Meshing curve 6190 (Line)
Info    : [ 50%] Meshing curve 6191 (Line)
Info    : [ 50%] Meshing curve 6192 (Line)
Info    : [ 50%] Meshing curve 6193 (Line)
Info    : [ 50%] Meshing curve 6194 (Line)
Info    : [ 50%] Meshing curve 6195 (Line)
Info    : [ 50%] Meshing curve 6196 (Line)
Info    : [ 50%] Meshing curve 6197 (Line)
Info    : [ 50%] Meshing curve 6198 (Line)
Info    : [ 50%] Meshing curve 6199 (Line)
Info    : [ 50%] Meshing curve 6200 (Line)
Info    : [ 50%] Meshing curve 6201 (Line)
Info    : [ 50%] Meshing curve 6202 (Line)
Info    : [ 50%] Meshing curve 6203 (Line)
Info    : [ 50%] Meshing curve 6204 (Line)
Info    : [ 50%] Meshing curve 6205 (Line)
Info    : [ 50%] Meshing curve 6206 (Line)
Info    : [ 50%] Meshing curve 6207 (Line)
Info    : [ 50%] Meshing curve 6208 (Line)
Info    : [ 50%] Meshing curve 6209 (Line)
Info    : [ 50%] Meshing curve 6210 (Line)
Info    : [ 50%] Meshing curve 6211 (Line)
Info    : [ 50%] Meshing curve 6212 (Line)
Info    : [ 50%] Meshing curve 6213 (Line)
Info    : [ 50%] Meshing curve 6214 (Line)
Info    : [ 50%] Meshing curve 6215 (Line)
Info    : [ 50%] Meshing curve 6216 (Line)
Info    : [ 50%] Meshing curve 6217 (Line)
Info    : [ 50%] Meshing curve 6218 (Line)
Info    : [ 50%] Meshing curve 6220 (Line)
Info    : [ 50%] Meshing curve 6221 (Line)
Info    : [ 50%] Meshing curve 6219 (Line)
Info    : [ 50%] Meshing curve 6222 (Line)
Info    : [ 50%] Meshing curve 6223 (Line)
Info    : [ 50%] Meshing curve 6224 (Line)
Info    : [ 50%] Meshing curve 6225 (Line)
Info    : [ 50%] Meshing curve 6226 (Line)
Info    : [ 50%] Meshing curve 6227 (Line)
Info    : [ 50%] Meshing curve 6228 (Line)
Info    : [ 50%] Meshing curve 6229 (Line)
Info    : [ 50%] Meshing curve 6230 (Line)
Info    : [ 50%] Meshing curve 6231 (Line)
Info    : [ 50%] Meshing curve 6232 (Line)
Info    : [ 50%] Meshing curve 6233 (Line)
Info    : [ 50%] Meshing curve 6234 (Line)
Info    : [ 50%] Meshing curve 6235 (Line)
Info    : [ 50%] Meshing curve 6236 (Line)
Info    : [ 50%] Meshing curve 6237 (Line)
Info    : [ 50%] Meshing curve 6238 (Line)
Info    : [ 50%] Meshing curve 6239 (Line)
Info    : [ 50%] Meshing curve 6240 (Line)
Info    : [ 50%] Meshing curve 6241 (Line)
Info    : [ 50%] Meshing curve 6242 (Line)
Info    : [ 50%] Meshing curve 6243 (Line)
Info    : [ 50%] Meshing curve 6244 (Line)
Info    : [ 50%] Meshing curve 6245 (Line)
Info    : [ 50%] Meshing curve 6246 (Line)
Info    : [ 50%] Meshing curve 6247 (Line)
Info    : [ 50%] Meshing curve 6248 (Line)
Info    : [ 50%] Meshing curve 6249 (Line)
Info    : [ 50%] Meshing curve 6250 (Line)
Info    : [ 50%] Meshing curve 6251 (Line)
Info    : [ 50%] Meshing curve 6252 (Line)
Info    : [ 50%] Meshing curve 6253 (Line)
Info    : [ 50%] Meshing curve 6254 (Line)
Info    : [ 50%] Meshing curve 6255 (Line)
Info    : [ 50%] Meshing curve 6256 (Line)
Info    : [ 50%] Meshing curve 6257 (Line)
Info    : [ 50%] Meshing curve 6258 (Line)
Info    : [ 50%] Meshing curve 6259 (Line)
Info    : [ 50%] Meshing curve 6260 (Line)
Info    : [ 50%] Meshing curve 6261 (Line)
Info    : [ 50%] Meshing curve 6262 (Line)
Info    : [ 50%] Meshing curve 6263 (Line)
Info    : [ 50%] Meshing curve 6264 (Line)
Info    : [ 50%] Meshing curve 6265 (Line)
Info    : [ 50%] Meshing curve 6266 (Line)
Info    : [ 50%] Meshing curve 6267 (Line)
Info    : [ 50%] Meshing curve 6268 (Line)
Info    : [ 50%] Meshing curve 6269 (Line)
Info    : [ 50%] Meshing curve 6270 (Line)
Info    : [ 50%] Meshing curve 6271 (Line)
Info    : [ 50%] Meshing curve 6272 (Line)
Info    : [ 50%] Meshing curve 6273 (Line)
Info    : [ 50%] Meshing curve 6274 (Line)
Info    : [ 50%] Meshing curve 6275 (Line)
Info    : [ 50%] Meshing curve 6276 (Line)
Info    : [ 50%] Meshing curve 6277 (Line)
Info    : [ 50%] Meshing curve 6278 (Line)
Info    : [ 50%] Meshing curve 6279 (Line)
Info    : [ 50%] Meshing curve 6280 (Line)
Info    : [ 50%] Meshing curve 6281 (Line)
Info    : [ 50%] Meshing curve 6282 (Line)
Info    : [ 50%] Meshing curve 6283 (Line)
Info    : [ 50%] Meshing curve 6284 (Line)
Info    : [ 50%] Meshing curve 6285 (Line)
Info    : [ 50%] Meshing curve 6286 (Line)
Info    : [ 50%] Meshing curve 6287 (Line)
Info    : [ 50%] Meshing curve 6288 (Line)
Info    : [ 50%] Meshing curve 6289 (Line)
Info    : [ 50%] Meshing curve 6290 (Line)
Info    : [ 50%] Meshing curve 6291 (Line)
Info    : [ 50%] Meshing curve 6292 (Line)
Info    : [ 50%] Meshing curve 6293 (Line)
Info    : [ 50%] Meshing curve 6294 (Line)
Info    : [ 50%] Meshing curve 6295 (Line)
Info    : [ 50%] Meshing curve 6296 (Line)
Info    : [ 50%] Meshing curve 6297 (Line)
Info    : [ 50%] Meshing curve 6298 (Line)
Info    : [ 50%] Meshing curve 6299 (Line)
Info    : [ 50%] Meshing curve 6300 (Line)
Info    : [ 50%] Meshing curve 6301 (Line)
Info    : [ 50%] Meshing curve 6302 (Line)
Info    : [ 50%] Meshing curve 6303 (Line)
Info    : [ 50%] Meshing curve 6304 (Line)
Info    : [ 50%] Meshing curve 6305 (Line)
Info    : [ 50%] Meshing curve 6306 (Line)
Info    : [ 50%] Meshing curve 6307 (Line)
Info    : [ 50%] Meshing curve 6308 (Line)
Info    : [ 50%] Meshing curve 6309 (Line)
Info    : [ 50%] Meshing curve 6310 (Line)
Info    : [ 50%] Meshing curve 6311 (Line)
Info    : [ 50%] Meshing curve 6312 (Line)
Info    : [ 50%] Meshing curve 6313 (Line)
Info    : [ 50%] Meshing curve 6314 (Line)
Info    : [ 50%] Meshing curve 6315 (Line)
Info    : [ 50%] Meshing curve 6316 (Line)
Info    : [ 50%] Meshing curve 6317 (Line)
Info    : [ 50%] Meshing curve 6318 (Line)
Info    : [ 50%] Meshing curve 6319 (Line)
Info    : [ 50%] Meshing curve 6320 (Line)
Info    : [ 50%] Meshing curve 6321 (Line)
Info    : [ 50%] Meshing curve 6322 (Line)
Info    : [ 50%] Meshing curve 6323 (Line)
Info    : [ 50%] Meshing curve 6324 (Line)
Info    : [ 50%] Meshing curve 6325 (Line)
Info    : [ 50%] Meshing curve 6326 (Line)
Info    : [ 50%] Meshing curve 6327 (Line)
Info    : [ 50%] Meshing curve 6328 (Line)
Info    : [ 50%] Meshing curve 6329 (Line)
Info    : [ 50%] Meshing curve 6330 (Line)
Info    : [ 50%] Meshing curve 6331 (Line)
Info    : [ 50%] Meshing curve 6332 (Line)
Info    : [ 50%] Meshing curve 6333 (Line)
Info    : [ 50%] Meshing curve 6334 (Line)
Info    : [ 50%] Meshing curve 6335 (Line)
Info    : [ 50%] Meshing curve 6336 (Line)
Info    : [ 50%] Meshing curve 6337 (Line)
Info    : [ 50%] Meshing curve 6338 (Line)
Info    : [ 50%] Meshing curve 6339 (Line)
Info    : [ 50%] Meshing curve 6340 (Line)
Info    : [ 50%] Meshing curve 6341 (Line)
Info    : [ 50%] Meshing curve 6342 (Line)
Info    : [ 50%] Meshing curve 6343 (Line)
Info    : [ 50%] Meshing curve 6344 (Line)
Info    : [ 50%] Meshing curve 6345 (Line)
Info    : [ 50%] Meshing curve 6346 (Line)
Info    : [ 50%] Meshing curve 6347 (Line)
Info    : [ 50%] Meshing curve 6348 (Line)
Info    : [ 50%] Meshing curve 6349 (Line)
Info    : [ 50%] Meshing curve 6350 (Line)
Info    : [ 50%] Meshing curve 6351 (Line)
Info    : [ 50%] Meshing curve 6352 (Line)
Info    : [ 50%] Meshing curve 6353 (Line)
Info    : [ 50%] Meshing curve 6354 (Line)
Info    : [ 50%] Meshing curve 6355 (Line)
Info    : [ 50%] Meshing curve 6356 (Line)
Info    : [ 50%] Meshing curve 6357 (Line)
Info    : [ 50%] Meshing curve 6358 (Line)
Info    : [ 50%] Meshing curve 6359 (Line)
Info    : [ 50%] Meshing curve 6360 (Line)
Info    : [ 50%] Meshing curve 6361 (Line)
Info    : [ 50%] Meshing curve 6362 (Line)
Info    : [ 50%] Meshing curve 6363 (Line)
Info    : [ 50%] Meshing curve 6364 (Line)
Info    : [ 50%] Meshing curve 6365 (Line)
Info    : [ 50%] Meshing curve 6366 (Line)
Info    : [ 50%] Meshing curve 6367 (Line)
Info    : [ 50%] Meshing curve 6368 (Line)
Info    : [ 50%] Meshing curve 6369 (Line)
Info    : [ 50%] Meshing curve 6370 (Line)
Info    : [ 50%] Meshing curve 6371 (Line)
Info    : [ 50%] Meshing curve 6372 (Line)
Info    : [ 50%] Meshing curve 6373 (Line)
Info    : [ 50%] Meshing curve 6374 (Line)
Info    : [ 50%] Meshing curve 6375 (Line)
Info    : [ 50%] Meshing curve 6376 (Line)
Info    : [ 50%] Meshing curve 6377 (Line)
Info    : [ 50%] Meshing curve 6378 (Line)
Info    : [ 50%] Meshing curve 6379 (Line)
Info    : [ 50%] Meshing curve 6380 (Line)
Info    : [ 50%] Meshing curve 6381 (Line)
Info    : [ 50%] Meshing curve 6382 (Line)
Info    : [ 50%] Meshing curve 6383 (Line)
Info    : [ 50%] Meshing curve 6384 (Line)
Info    : [ 50%] Meshing curve 6385 (Line)
Info    : [ 50%] Meshing curve 6386 (Line)
Info    : [ 50%] Meshing curve 6387 (Line)
Info    : [ 50%] Meshing curve 6388 (Line)
Info    : [ 50%] Meshing curve 6389 (Line)
Info    : [ 50%] Meshing curve 6390 (Line)
Info    : [ 50%] Meshing curve 6391 (Line)
Info    : [ 50%] Meshing curve 6392 (Line)
Info    : [ 50%] Meshing curve 6393 (Line)
Info    : [ 50%] Meshing curve 6394 (Line)
Info    : [ 50%] Meshing curve 6395 (Line)
Info    : [ 50%] Meshing curve 6396 (Line)
Info    : [ 50%] Meshing curve 6397 (Line)
Info    : [ 50%] Meshing curve 6398 (Line)
Info    : [ 50%] Meshing curve 6399 (Line)
Info    : [ 50%] Meshing curve 6400 (Line)
Info    : [ 50%] Meshing curve 6401 (Line)
Info    : [ 50%] Meshing curve 6402 (Line)
Info    : [ 50%] Meshing curve 6403 (Line)
Info    : [ 50%] Meshing curve 6404 (Line)
Info    : [ 50%] Meshing curve 6405 (Line)
Info    : [ 50%] Meshing curve 6406 (Line)
Info    : [ 50%] Meshing curve 6407 (Line)
Info    : [ 50%] Meshing curve 6408 (Line)
Info    : [ 50%] Meshing curve 6409 (Line)
Info    : [ 50%] Meshing curve 6410 (Line)
Info    : [ 50%] Meshing curve 6411 (Line)
Info    : [ 50%] Meshing curve 6412 (Line)
Info    : [ 50%] Meshing curve 6413 (Line)
Info    : [ 50%] Meshing curve 6414 (Line)
Info    : [ 50%] Meshing curve 6415 (Line)
Info    : [ 50%] Meshing curve 6416 (Line)
Info    : [ 50%] Meshing curve 6417 (Line)
Info    : [ 50%] Meshing curve 6418 (Line)
Info    : [ 50%] Meshing curve 6419 (Line)
Info    : [ 50%] Meshing curve 6420 (Line)
Info    : [ 50%] Meshing curve 6421 (Line)
Info    : [ 50%] Meshing curve 6422 (Line)
Info    : [ 50%] Meshing curve 6423 (Line)
Info    : [ 50%] Meshing curve 6424 (Line)
Info    : [ 50%] Meshing curve 6425 (Line)
Info    : [ 50%] Meshing curve 6426 (Line)
Info    : [ 50%] Meshing curve 6427 (Line)
Info    : [ 50%] Meshing curve 6428 (Line)
Info    : [ 50%] Meshing curve 6429 (Line)
Info    : [ 50%] Meshing curve 6430 (Line)
Info    : [ 50%] Meshing curve 6431 (Line)
Info    : [ 50%] Meshing curve 6432 (Line)
Info    : [ 50%] Meshing curve 6433 (Line)
Info    : [ 50%] Meshing curve 6434 (Line)
Info    : [ 50%] Meshing curve 6435 (Line)
Info    : [ 50%] Meshing curve 6436 (Line)
Info    : [ 50%] Meshing curve 6437 (Line)
Info    : [ 50%] Meshing curve 6438 (Line)
Info    : [ 50%] Meshing curve 6439 (Line)
Info    : [ 50%] Meshing curve 6440 (Line)
Info    : [ 50%] Meshing curve 6441 (Line)
Info    : [ 50%] Meshing curve 6442 (Line)
Info    : [ 50%] Meshing curve 6443 (Line)
Info    : [ 50%] Meshing curve 6444 (Line)
Info    : [ 50%] Meshing curve 6445 (Line)
Info    : [ 50%] Meshing curve 6446 (Line)
Info    : [ 50%] Meshing curve 6447 (Line)
Info    : [ 50%] Meshing curve 6448 (Line)
Info    : [ 50%] Meshing curve 6449 (Line)
Info    : [ 50%] Meshing curve 6450 (Line)
Info    : [ 50%] Meshing curve 6451 (Line)
Info    : [ 50%] Meshing curve 6452 (Line)
Info    : [ 50%] Meshing curve 6453 (Line)
Info    : [ 50%] Meshing curve 6454 (Line)
Info    : [ 50%] Meshing curve 6455 (Line)
Info    : [ 50%] Meshing curve 6456 (Line)
Info    : [ 50%] Meshing curve 6457 (Line)
Info    : [ 50%] Meshing curve 6458 (Line)
Info    : [ 50%] Meshing curve 6459 (Line)
Info    : [ 50%] Meshing curve 6460 (Line)
Info    : [ 50%] Meshing curve 6461 (Line)
Info    : [ 50%] Meshing curve 6462 (Line)
Info    : [ 50%] Meshing curve 6463 (Line)
Info    : [ 50%] Meshing curve 6464 (Line)
Info    : [ 50%] Meshing curve 6465 (Line)
Info    : [ 50%] Meshing curve 6466 (Line)
Info    : [ 50%] Meshing curve 6467 (Line)
Info    : [ 50%] Meshing curve 6468 (Line)
Info    : [ 50%] Meshing curve 6469 (Line)
Info    : [ 50%] Meshing curve 6470 (Line)
Info    : [ 50%] Meshing curve 6471 (Line)
Info    : [ 50%] Meshing curve 6472 (Line)
Info    : [ 50%] Meshing curve 6473 (Line)
Info    : [ 50%] Meshing curve 6474 (Line)
Info    : [ 50%] Meshing curve 6475 (Line)
Info    : [ 50%] Meshing curve 6476 (Line)
Info    : [ 50%] Meshing curve 6477 (Line)
Info    : [ 50%] Meshing curve 6478 (Line)
Info    : [ 50%] Meshing curve 6479 (Line)
Info    : [ 50%] Meshing curve 6480 (Line)
Info    : [ 50%] Meshing curve 6481 (Line)
Info    : [ 50%] Meshing curve 6482 (Line)
Info    : [ 50%] Meshing curve 6483 (Line)
Info    : [ 50%] Meshing curve 6484 (Line)
Info    : [ 50%] Meshing curve 6485 (Line)
Info    : [ 50%] Meshing curve 6486 (Line)
Info    : [ 50%] Meshing curve 6487 (Line)
Info    : [ 50%] Meshing curve 6488 (Line)
Info    : [ 50%] Meshing curve 6489 (Line)
Info    : [ 50%] Meshing curve 6490 (Line)
Info    : [ 50%] Meshing curve 6491 (Line)
Info    : [ 50%] Meshing curve 6492 (Line)
Info    : [ 50%] Meshing curve 6493 (Line)
Info    : [ 50%] Meshing curve 6494 (Line)
Info    : [ 50%] Meshing curve 6495 (Line)
Info    : [ 50%] Meshing curve 6496 (Line)
Info    : [ 50%] Meshing curve 6497 (Line)
Info    : [ 50%] Meshing curve 6498 (Line)
Info    : [ 50%] Meshing curve 6499 (Line)
Info    : [ 50%] Meshing curve 6500 (Line)
Info    : [ 50%] Meshing curve 6501 (Line)
Info    : [ 50%] Meshing curve 6502 (Line)
Info    : [ 50%] Meshing curve 6503 (Line)
Info    : [ 50%] Meshing curve 6504 (Line)
Info    : [ 50%] Meshing curve 6505 (Line)
Info    : [ 50%] Meshing curve 6506 (Line)
Info    : [ 50%] Meshing curve 6507 (Line)
Info    : [ 50%] Meshing curve 6508 (Line)
Info    : [ 50%] Meshing curve 6509 (Line)
Info    : [ 50%] Meshing curve 6510 (Line)
Info    : [ 50%] Meshing curve 6511 (Line)
Info    : [ 50%] Meshing curve 6512 (Line)
Info    : [ 50%] Meshing curve 6513 (Line)
Info    : [ 50%] Meshing curve 6514 (Line)
Info    : [ 50%] Meshing curve 6515 (Line)
Info    : [ 50%] Meshing curve 6516 (Line)
Info    : [ 50%] Meshing curve 6517 (Line)
Info    : [ 50%] Meshing curve 6518 (Line)
Info    : [ 50%] Meshing curve 6519 (Line)
Info    : [ 50%] Meshing curve 6520 (Line)
Info    : [ 50%] Meshing curve 6521 (Line)
Info    : [ 50%] Meshing curve 6522 (Line)
Info    : [ 50%] Meshing curve 6523 (Line)
Info    : [ 50%] Meshing curve 6524 (Line)
Info    : [ 50%] Meshing curve 6525 (Line)
Info    : [ 50%] Meshing curve 6526 (Line)
Info    : [ 50%] Meshing curve 6527 (Line)
Info    : [ 50%] Meshing curve 6528 (Line)
Info    : [ 50%] Meshing curve 6529 (Line)
Info    : [ 50%] Meshing curve 6530 (Line)
Info    : [ 50%] Meshing curve 6531 (Line)
Info    : [ 50%] Meshing curve 6532 (Line)
Info    : [ 50%] Meshing curve 6533 (Line)
Info    : [ 50%] Meshing curve 6534 (Line)
Info    : [ 50%] Meshing curve 6535 (Line)
Info    : [ 50%] Meshing curve 6536 (Line)
Info    : [ 50%] Meshing curve 6537 (Line)
Info    : [ 50%] Meshing curve 6538 (Line)
Info    : [ 50%] Meshing curve 6539 (Line)
Info    : [ 50%] Meshing curve 6540 (Line)
Info    : [ 50%] Meshing curve 6541 (Line)
Info    : [ 50%] Meshing curve 6542 (Line)
Info    : [ 50%] Meshing curve 6543 (Line)
Info    : [ 50%] Meshing curve 6544 (Line)
Info    : [ 50%] Meshing curve 6545 (Line)
Info    : [ 50%] Meshing curve 6546 (Line)
Info    : [ 50%] Meshing curve 6547 (Line)
Info    : [ 50%] Meshing curve 6548 (Line)
Info    : [ 50%] Meshing curve 6549 (Line)
Info    : [ 50%] Meshing curve 6550 (Line)
Info    : [ 50%] Meshing curve 6551 (Line)
Info    : [ 50%] Meshing curve 6552 (Line)
Info    : [ 50%] Meshing curve 6553 (Line)
Info    : [ 50%] Meshing curve 6554 (Line)
Info    : [ 50%] Meshing curve 6555 (Line)
Info    : [ 50%] Meshing curve 6556 (Line)
Info    : [ 50%] Meshing curve 6557 (Line)
Info    : [ 50%] Meshing curve 6558 (Line)
Info    : [ 50%] Meshing curve 6559 (Line)
Info    : [ 50%] Meshing curve 6560 (Line)
Info    : [ 50%] Meshing curve 6561 (Line)
Info    : [ 50%] Meshing curve 6562 (Line)
Info    : [ 50%] Meshing curve 6563 (Line)
Info    : [ 50%] Meshing curve 6564 (Line)
Info    : [ 50%] Meshing curve 6565 (Line)
Info    : [ 50%] Meshing curve 6566 (Line)
Info    : [ 50%] Meshing curve 6567 (Line)
Info    : [ 50%] Meshing curve 6568 (Line)
Info    : [ 50%] Meshing curve 6569 (Line)
Info    : [ 50%] Meshing curve 6570 (Line)
Info    : [ 50%] Meshing curve 6571 (Line)
Info    : [ 50%] Meshing curve 6572 (Line)
Info    : [ 50%] Meshing curve 6573 (Line)
Info    : [ 50%] Meshing curve 6574 (Line)
Info    : [ 50%] Meshing curve 6575 (Line)
Info    : [ 50%] Meshing curve 6576 (Line)
Info    : [ 50%] Meshing curve 6577 (Line)
Info    : [ 50%] Meshing curve 6578 (Line)
Info    : [ 50%] Meshing curve 6579 (Line)
Info    : [ 50%] Meshing curve 6580 (Line)
Info    : [ 50%] Meshing curve 6581 (Line)
Info    : [ 50%] Meshing curve 6582 (Line)
Info    : [ 50%] Meshing curve 6583 (Line)
Info    : [ 50%] Meshing curve 6584 (Line)
Info    : [ 50%] Meshing curve 6585 (Line)
Info    : [ 50%] Meshing curve 6586 (Line)
Info    : [ 50%] Meshing curve 6587 (Line)
Info    : [ 50%] Meshing curve 6588 (Line)
Info    : [ 50%] Meshing curve 6589 (Line)
Info    : [ 50%] Meshing curve 6590 (Line)
Info    : [ 50%] Meshing curve 6591 (Line)
Info    : [ 50%] Meshing curve 6592 (Line)
Info    : [ 50%] Meshing curve 6593 (Line)
Info    : [ 50%] Meshing curve 6594 (Line)
Info    : [ 50%] Meshing curve 6595 (Line)
Info    : [ 50%] Meshing curve 6596 (Line)
Info    : [ 50%] Meshing curve 6597 (Line)
Info    : [ 50%] Meshing curve 6598 (Line)
Info    : [ 50%] Meshing curve 6599 (Line)
Info    : [ 50%] Meshing curve 6600 (Line)
Info    : [ 50%] Meshing curve 6601 (Line)
Info    : [ 50%] Meshing curve 6602 (Line)
Info    : [ 50%] Meshing curve 6603 (Line)
Info    : [ 50%] Meshing curve 6604 (Line)
Info    : [ 50%] Meshing curve 6605 (Line)
Info    : [ 50%] Meshing curve 6606 (Line)
Info    : [ 50%] Meshing curve 6607 (Line)
Info    : [ 50%] Meshing curve 6608 (Line)
Info    : [ 60%] Meshing curve 6609 (Line)
Info    : [ 60%] Meshing curve 6610 (Line)
Info    : [ 60%] Meshing curve 6611 (Line)
Info    : [ 60%] Meshing curve 6612 (Line)
Info    : [ 60%] Meshing curve 6613 (Line)
Info    : [ 60%] Meshing curve 6614 (Line)
Info    : [ 60%] Meshing curve 6615 (Line)
Info    : [ 60%] Meshing curve 6616 (Line)
Info    : [ 60%] Meshing curve 6617 (Line)
Info    : [ 60%] Meshing curve 6618 (Line)
Info    : [ 60%] Meshing curve 6619 (Line)
Info    : [ 60%] Meshing curve 6620 (Line)
Info    : [ 60%] Meshing curve 6621 (Line)
Info    : [ 60%] Meshing curve 6622 (Line)
Info    : [ 60%] Meshing curve 6623 (Line)
Info    : [ 60%] Meshing curve 6624 (Line)
Info    : [ 60%] Meshing curve 6625 (Line)
Info    : [ 60%] Meshing curve 6626 (Line)
Info    : [ 60%] Meshing curve 6627 (Line)
Info    : [ 60%] Meshing curve 6628 (Line)
Info    : [ 60%] Meshing curve 6629 (Line)
Info    : [ 60%] Meshing curve 6630 (Line)
Info    : [ 60%] Meshing curve 6631 (Line)
Info    : [ 60%] Meshing curve 6632 (Line)
Info    : [ 60%] Meshing curve 6633 (Line)
Info    : [ 60%] Meshing curve 6634 (Line)
Info    : [ 60%] Meshing curve 6635 (Line)
Info    : [ 60%] Meshing curve 6636 (Line)
Info    : [ 60%] Meshing curve 6637 (Line)
Info    : [ 60%] Meshing curve 6638 (Line)
Info    : [ 60%] Meshing curve 6639 (Line)
Info    : [ 60%] Meshing curve 6640 (Line)
Info    : [ 60%] Meshing curve 6641 (Line)
Info    : [ 60%] Meshing curve 6642 (Line)
Info    : [ 60%] Meshing curve 6643 (Line)
Info    : [ 60%] Meshing curve 6644 (Line)
Info    : [ 60%] Meshing curve 6645 (Line)
Info    : [ 60%] Meshing curve 6646 (Line)
Info    : [ 60%] Meshing curve 6647 (Line)
Info    : [ 60%] Meshing curve 6648 (Line)
Info    : [ 60%] Meshing curve 6649 (Line)
Info    : [ 60%] Meshing curve 6650 (Line)
Info    : [ 60%] Meshing curve 6651 (Line)
Info    : [ 60%] Meshing curve 6652 (Line)
Info    : [ 60%] Meshing curve 6653 (Line)
Info    : [ 60%] Meshing curve 6654 (Line)
Info    : [ 60%] Meshing curve 6655 (Line)
Info    : [ 60%] Meshing curve 6656 (Line)
Info    : [ 60%] Meshing curve 6657 (Line)
Info    : [ 60%] Meshing curve 6658 (Line)
Info    : [ 60%] Meshing curve 6659 (Line)
Info    : [ 60%] Meshing curve 6660 (Line)
Info    : [ 60%] Meshing curve 6661 (Line)
Info    : [ 60%] Meshing curve 6662 (Line)
Info    : [ 60%] Meshing curve 6663 (Line)
Info    : [ 60%] Meshing curve 6664 (Line)
Info    : [ 60%] Meshing curve 6665 (Line)
Info    : [ 60%] Meshing curve 6666 (Line)
Info    : [ 60%] Meshing curve 6667 (Line)
Info    : [ 60%] Meshing curve 6668 (Line)
Info    : [ 60%] Meshing curve 6669 (Line)
Info    : [ 60%] Meshing curve 6670 (Line)
Info    : [ 60%] Meshing curve 6671 (Line)
Info    : [ 60%] Meshing curve 6672 (Line)
Info    : [ 60%] Meshing curve 6673 (Line)
Info    : [ 60%] Meshing curve 6674 (Line)
Info    : [ 60%] Meshing curve 6675 (Line)
Info    : [ 60%] Meshing curve 6676 (Line)
Info    : [ 60%] Meshing curve 6677 (Line)
Info    : [ 60%] Meshing curve 6678 (Line)
Info    : [ 60%] Meshing curve 6679 (Line)
Info    : [ 60%] Meshing curve 6680 (Line)
Info    : [ 60%] Meshing curve 6681 (Line)
Info    : [ 60%] Meshing curve 6682 (Line)
Info    : [ 60%] Meshing curve 6683 (Line)
Info    : [ 60%] Meshing curve 6684 (Line)
Info    : [ 60%] Meshing curve 6685 (Line)
Info    : [ 60%] Meshing curve 6686 (Line)
Info    : [ 60%] Meshing curve 6687 (Line)
Info    : [ 60%] Meshing curve 6688 (Line)
Info    : [ 60%] Meshing curve 6689 (Line)
Info    : [ 60%] Meshing curve 6690 (Line)
Info    : [ 60%] Meshing curve 6691 (Line)
Info    : [ 60%] Meshing curve 6692 (Line)
Info    : [ 60%] Meshing curve 6693 (Line)
Info    : [ 60%] Meshing curve 6694 (Line)
Info    : [ 60%] Meshing curve 6695 (Line)
Info    : [ 60%] Meshing curve 6696 (Line)
Info    : [ 60%] Meshing curve 6697 (Line)
Info    : [ 60%] Meshing curve 6698 (Line)
Info    : [ 60%] Meshing curve 6699 (Line)
Info    : [ 60%] Meshing curve 6700 (Line)
Info    : [ 60%] Meshing curve 6701 (Line)
Info    : [ 60%] Meshing curve 6702 (Line)
Info    : [ 60%] Meshing curve 6703 (Line)
Info    : [ 60%] Meshing curve 6704 (Line)
Info    : [ 60%] Meshing curve 6705 (Line)
Info    : [ 60%] Meshing curve 6706 (Line)
Info    : [ 60%] Meshing curve 6707 (Line)
Info    : [ 60%] Meshing curve 6708 (Line)
Info    : [ 60%] Meshing curve 6709 (Line)
Info    : [ 60%] Meshing curve 6710 (Line)
Info    : [ 60%] Meshing curve 6711 (Line)
Info    : [ 60%] Meshing curve 6712 (Line)
Info    : [ 60%] Meshing curve 6713 (Line)
Info    : [ 60%] Meshing curve 6714 (Line)
Info    : [ 60%] Meshing curve 6715 (Line)
Info    : [ 60%] Meshing curve 6716 (Line)
Info    : [ 60%] Meshing curve 6717 (Line)
Info    : [ 60%] Meshing curve 6718 (Line)
Info    : [ 60%] Meshing curve 6719 (Line)
Info    : [ 60%] Meshing curve 6720 (Line)
Info    : [ 60%] Meshing curve 6721 (Line)
Info    : [ 60%] Meshing curve 6722 (Line)
Info    : [ 60%] Meshing curve 6723 (Line)
Info    : [ 60%] Meshing curve 6724 (Line)
Info    : [ 60%] Meshing curve 6725 (Line)
Info    : [ 60%] Meshing curve 6726 (Line)
Info    : [ 60%] Meshing curve 6727 (Line)
Info    : [ 60%] Meshing curve 6728 (Line)
Info    : [ 60%] Meshing curve 6729 (Line)
Info    : [ 60%] Meshing curve 6730 (Line)
Info    : [ 60%] Meshing curve 6731 (Line)
Info    : [ 60%] Meshing curve 6732 (Line)
Info    : [ 60%] Meshing curve 6733 (Line)
Info    : [ 60%] Meshing curve 6734 (Line)
Info    : [ 60%] Meshing curve 6735 (Line)
Info    : [ 60%] Meshing curve 6736 (Line)
Info    : [ 60%] Meshing curve 6737 (Line)
Info    : [ 60%] Meshing curve 6738 (Line)
Info    : [ 60%] Meshing curve 6739 (Line)
Info    : [ 60%] Meshing curve 6740 (Line)
Info    : [ 60%] Meshing curve 6741 (Line)
Info    : [ 60%] Meshing curve 6742 (Line)
Info    : [ 60%] Meshing curve 6743 (Line)
Info    : [ 60%] Meshing curve 6744 (Line)
Info    : [ 60%] Meshing curve 6745 (Line)
Info    : [ 60%] Meshing curve 6746 (Line)
Info    : [ 60%] Meshing curve 6747 (Line)
Info    : [ 60%] Meshing curve 6748 (Line)
Info    : [ 60%] Meshing curve 6749 (Line)
Info    : [ 60%] Meshing curve 6750 (Line)
Info    : [ 60%] Meshing curve 6751 (Line)
Info    : [ 60%] Meshing curve 6752 (Line)
Info    : [ 60%] Meshing curve 6753 (Line)
Info    : [ 60%] Meshing curve 6755 (Line)
Info    : [ 60%] Meshing curve 6754 (Line)
Info    : [ 60%] Meshing curve 6756 (Line)
Info    : [ 60%] Meshing curve 6757 (Line)
Info    : [ 60%] Meshing curve 6758 (Line)
Info    : [ 60%] Meshing curve 6759 (Line)
Info    : [ 60%] Meshing curve 6760 (Line)
Info    : [ 60%] Meshing curve 6761 (Line)
Info    : [ 60%] Meshing curve 6762 (Line)
Info    : [ 60%] Meshing curve 6763 (Line)
Info    : [ 60%] Meshing curve 6764 (Line)
Info    : [ 60%] Meshing curve 6765 (Line)
Info    : [ 60%] Meshing curve 6766 (Line)
Info    : [ 60%] Meshing curve 6767 (Line)
Info    : [ 60%] Meshing curve 6768 (Line)
Info    : [ 60%] Meshing curve 6769 (Line)
Info    : [ 60%] Meshing curve 6770 (Line)
Info    : [ 60%] Meshing curve 6771 (Line)
Info    : [ 60%] Meshing curve 6772 (Line)
Info    : [ 60%] Meshing curve 6773 (Line)
Info    : [ 60%] Meshing curve 6774 (Line)
Info    : [ 60%] Meshing curve 6775 (Line)
Info    : [ 60%] Meshing curve 6776 (Line)
Info    : [ 60%] Meshing curve 6777 (Line)
Info    : [ 60%] Meshing curve 6778 (Line)
Info    : [ 60%] Meshing curve 6779 (Line)
Info    : [ 60%] Meshing curve 6780 (Line)
Info    : [ 60%] Meshing curve 6781 (Line)
Info    : [ 60%] Meshing curve 6782 (Line)
Info    : [ 60%] Meshing curve 6783 (Line)
Info    : [ 60%] Meshing curve 6784 (Line)
Info    : [ 60%] Meshing curve 6785 (Line)
Info    : [ 60%] Meshing curve 6786 (Line)
Info    : [ 60%] Meshing curve 6787 (Line)
Info    : [ 60%] Meshing curve 6788 (Line)
Info    : [ 60%] Meshing curve 6789 (Line)
Info    : [ 60%] Meshing curve 6790 (Line)
Info    : [ 60%] Meshing curve 6791 (Line)
Info    : [ 60%] Meshing curve 6792 (Line)
Info    : [ 60%] Meshing curve 6793 (Line)
Info    : [ 60%] Meshing curve 6794 (Line)
Info    : [ 60%] Meshing curve 6795 (Line)
Info    : [ 60%] Meshing curve 6796 (Line)
Info    : [ 60%] Meshing curve 6797 (Line)
Info    : [ 60%] Meshing curve 6798 (Line)
Info    : [ 60%] Meshing curve 6799 (Line)
Info    : [ 60%] Meshing curve 6800 (Line)
Info    : [ 60%] Meshing curve 6801 (Line)
Info    : [ 60%] Meshing curve 6802 (Line)
Info    : [ 60%] Meshing curve 6803 (Line)
Info    : [ 60%] Meshing curve 6804 (Line)
Info    : [ 60%] Meshing curve 6805 (Line)
Info    : [ 60%] Meshing curve 6806 (Line)
Info    : [ 60%] Meshing curve 6807 (Line)
Info    : [ 60%] Meshing curve 6808 (Line)
Info    : [ 60%] Meshing curve 6809 (Line)
Info    : [ 60%] Meshing curve 6810 (Line)
Info    : [ 60%] Meshing curve 6811 (Line)
Info    : [ 60%] Meshing curve 6812 (Line)
Info    : [ 60%] Meshing curve 6813 (Line)
Info    : [ 60%] Meshing curve 6814 (Line)
Info    : [ 60%] Meshing curve 6815 (Line)
Info    : [ 60%] Meshing curve 6816 (Line)
Info    : [ 60%] Meshing curve 6817 (Line)
Info    : [ 60%] Meshing curve 6818 (Line)
Info    : [ 60%] Meshing curve 6819 (Line)
Info    : [ 60%] Meshing curve 6820 (Line)
Info    : [ 60%] Meshing curve 6821 (Line)
Info    : [ 60%] Meshing curve 6822 (Line)
Info    : [ 60%] Meshing curve 6823 (Line)
Info    : [ 60%] Meshing curve 6824 (Line)
Info    : [ 60%] Meshing curve 6825 (Line)
Info    : [ 60%] Meshing curve 6826 (Line)
Info    : [ 60%] Meshing curve 6827 (Line)
Info    : [ 60%] Meshing curve 6828 (Line)
Info    : [ 60%] Meshing curve 6829 (Line)
Info    : [ 60%] Meshing curve 6830 (Line)
Info    : [ 60%] Meshing curve 6831 (Line)
Info    : [ 60%] Meshing curve 6832 (Line)
Info    : [ 60%] Meshing curve 6833 (Line)
Info    : [ 60%] Meshing curve 6834 (Line)
Info    : [ 60%] Meshing curve 6835 (Line)
Info    : [ 60%] Meshing curve 6836 (Line)
Info    : [ 60%] Meshing curve 6837 (Line)
Info    : [ 60%] Meshing curve 6838 (Line)
Info    : [ 60%] Meshing curve 6839 (Line)
Info    : [ 60%] Meshing curve 6840 (Line)
Info    : [ 60%] Meshing curve 6841 (Line)
Info    : [ 60%] Meshing curve 6842 (Line)
Info    : [ 60%] Meshing curve 6843 (Line)
Info    : [ 60%] Meshing curve 6844 (Line)
Info    : [ 60%] Meshing curve 6845 (Line)
Info    : [ 60%] Meshing curve 6846 (Line)
Info    : [ 60%] Meshing curve 6847 (Line)
Info    : [ 60%] Meshing curve 6848 (Line)
Info    : [ 60%] Meshing curve 6849 (Line)
Info    : [ 60%] Meshing curve 6850 (Line)
Info    : [ 60%] Meshing curve 6851 (Line)
Info    : [ 60%] Meshing curve 6852 (Line)
Info    : [ 60%] Meshing curve 6853 (Line)
Info    : [ 60%] Meshing curve 6854 (Line)
Info    : [ 60%] Meshing curve 6855 (Line)
Info    : [ 60%] Meshing curve 6856 (Line)
Info    : [ 60%] Meshing curve 6857 (Line)
Info    : [ 60%] Meshing curve 6858 (Line)
Info    : [ 60%] Meshing curve 6859 (Line)
Info    : [ 60%] Meshing curve 6860 (Line)
Info    : [ 60%] Meshing curve 6861 (Line)
Info    : [ 60%] Meshing curve 6862 (Line)
Info    : [ 60%] Meshing curve 6863 (Line)
Info    : [ 60%] Meshing curve 6864 (Line)
Info    : [ 60%] Meshing curve 6865 (Line)
Info    : [ 60%] Meshing curve 6866 (Line)
Info    : [ 60%] Meshing curve 6867 (Line)
Info    : [ 60%] Meshing curve 6868 (Line)
Info    : [ 60%] Meshing curve 6869 (Line)
Info    : [ 60%] Meshing curve 6870 (Line)
Info    : [ 60%] Meshing curve 6871 (Line)
Info    : [ 60%] Meshing curve 6872 (Line)
Info    : [ 60%] Meshing curve 6873 (Line)
Info    : [ 60%] Meshing curve 6874 (Line)
Info    : [ 60%] Meshing curve 6875 (Line)
Info    : [ 60%] Meshing curve 6876 (Line)
Info    : [ 60%] Meshing curve 6877 (Line)
Info    : [ 60%] Meshing curve 6878 (Line)
Info    : [ 60%] Meshing curve 6879 (Line)
Info    : [ 60%] Meshing curve 6880 (Line)
Info    : [ 60%] Meshing curve 6881 (Line)
Info    : [ 60%] Meshing curve 6882 (Line)
Info    : [ 60%] Meshing curve 6883 (Line)
Info    : [ 60%] Meshing curve 6884 (Line)
Info    : [ 60%] Meshing curve 6885 (Line)
Info    : [ 60%] Meshing curve 6886 (Line)
Info    : [ 60%] Meshing curve 6887 (Line)
Info    : [ 60%] Meshing curve 6888 (Line)
Info    : [ 60%] Meshing curve 6889 (Line)
Info    : [ 60%] Meshing curve 6890 (Line)
Info    : [ 60%] Meshing curve 6891 (Line)
Info    : [ 60%] Meshing curve 6892 (Line)
Info    : [ 60%] Meshing curve 6893 (Line)
Info    : [ 60%] Meshing curve 6894 (Line)
Info    : [ 60%] Meshing curve 6895 (Line)
Info    : [ 60%] Meshing curve 6896 (Line)
Info    : [ 60%] Meshing curve 6897 (Line)
Info    : [ 60%] Meshing curve 6898 (Line)
Info    : [ 60%] Meshing curve 6899 (Line)
Info    : [ 60%] Meshing curve 6900 (Line)
Info    : [ 60%] Meshing curve 6901 (Line)
Info    : [ 60%] Meshing curve 6902 (Line)
Info    : [ 60%] Meshing curve 6903 (Line)
Info    : [ 60%] Meshing curve 6904 (Line)
Info    : [ 60%] Meshing curve 6905 (Line)
Info    : [ 60%] Meshing curve 6906 (Line)
Info    : [ 60%] Meshing curve 6907 (Line)
Info    : [ 60%] Meshing curve 6908 (Line)
Info    : [ 60%] Meshing curve 6909 (Line)
Info    : [ 60%] Meshing curve 6910 (Line)
Info    : [ 60%] Meshing curve 6911 (Line)
Info    : [ 60%] Meshing curve 6912 (Line)
Info    : [ 60%] Meshing curve 6913 (Line)
Info    : [ 60%] Meshing curve 6914 (Line)
Info    : [ 60%] Meshing curve 6915 (Line)
Info    : [ 60%] Meshing curve 6916 (Line)
Info    : [ 60%] Meshing curve 6917 (Line)
Info    : [ 60%] Meshing curve 6918 (Line)
Info    : [ 60%] Meshing curve 6919 (Line)
Info    : [ 60%] Meshing curve 6920 (Line)
Info    : [ 60%] Meshing curve 6921 (Line)
Info    : [ 60%] Meshing curve 6922 (Line)
Info    : [ 60%] Meshing curve 6923 (Line)
Info    : [ 60%] Meshing curve 6924 (Line)
Info    : [ 60%] Meshing curve 6925 (Line)
Info    : [ 60%] Meshing curve 6926 (Line)
Info    : [ 60%] Meshing curve 6927 (Line)
Info    : [ 60%] Meshing curve 6928 (Line)
Info    : [ 60%] Meshing curve 6929 (Line)
Info    : [ 60%] Meshing curve 6930 (Line)
Info    : [ 60%] Meshing curve 6931 (Line)
Info    : [ 60%] Meshing curve 6932 (Line)
Info    : [ 60%] Meshing curve 6933 (Line)
Info    : [ 60%] Meshing curve 6934 (Line)
Info    : [ 60%] Meshing curve 6935 (Line)
Info    : [ 60%] Meshing curve 6936 (Line)
Info    : [ 60%] Meshing curve 6937 (Line)
Info    : [ 60%] Meshing curve 6938 (Line)
Info    : [ 60%] Meshing curve 6939 (Line)
Info    : [ 60%] Meshing curve 6940 (Line)
Info    : [ 60%] Meshing curve 6941 (Line)
Info    : [ 60%] Meshing curve 6942 (Line)
Info    : [ 60%] Meshing curve 6943 (Line)
Info    : [ 60%] Meshing curve 6944 (Line)
Info    : [ 60%] Meshing curve 6945 (Line)
Info    : [ 60%] Meshing curve 6946 (Line)
Info    : [ 60%] Meshing curve 6947 (Line)
Info    : [ 60%] Meshing curve 6948 (Line)
Info    : [ 60%] Meshing curve 6949 (Line)
Info    : [ 60%] Meshing curve 6950 (Line)
Info    : [ 60%] Meshing curve 6951 (Line)
Info    : [ 60%] Meshing curve 6952 (Line)
Info    : [ 60%] Meshing curve 6953 (Line)
Info    : [ 60%] Meshing curve 6954 (Line)
Info    : [ 60%] Meshing curve 6955 (Line)
Info    : [ 60%] Meshing curve 6956 (Line)
Info    : [ 60%] Meshing curve 6957 (Line)
Info    : [ 60%] Meshing curve 6958 (Line)
Info    : [ 60%] Meshing curve 6959 (Line)
Info    : [ 60%] Meshing curve 6960 (Line)
Info    : [ 60%] Meshing curve 6961 (Line)
Info    : [ 60%] Meshing curve 6962 (Line)
Info    : [ 60%] Meshing curve 6963 (Line)
Info    : [ 60%] Meshing curve 6964 (Line)
Info    : [ 60%] Meshing curve 6965 (Line)
Info    : [ 60%] Meshing curve 6966 (Line)
Info    : [ 60%] Meshing curve 6967 (Line)
Info    : [ 60%] Meshing curve 6968 (Line)
Info    : [ 60%] Meshing curve 6969 (Line)
Info    : [ 60%] Meshing curve 6970 (Line)
Info    : [ 60%] Meshing curve 6971 (Line)
Info    : [ 60%] Meshing curve 6972 (Line)
Info    : [ 60%] Meshing curve 6973 (Line)
Info    : [ 60%] Meshing curve 6974 (Line)
Info    : [ 60%] Meshing curve 6975 (Line)
Info    : [ 60%] Meshing curve 6976 (Line)
Info    : [ 60%] Meshing curve 6977 (Line)
Info    : [ 60%] Meshing curve 6978 (Line)
Info    : [ 60%] Meshing curve 6979 (Line)
Info    : [ 60%] Meshing curve 6980 (Line)
Info    : [ 60%] Meshing curve 6981 (Line)
Info    : [ 60%] Meshing curve 6982 (Line)
Info    : [ 60%] Meshing curve 6983 (Line)
Info    : [ 60%] Meshing curve 6984 (Line)
Info    : [ 60%] Meshing curve 6985 (Line)
Info    : [ 60%] Meshing curve 6986 (Line)
Info    : [ 60%] Meshing curve 6987 (Line)
Info    : [ 60%] Meshing curve 6988 (Line)
Info    : [ 60%] Meshing curve 6989 (Line)
Info    : [ 60%] Meshing curve 6990 (Line)
Info    : [ 60%] Meshing curve 6991 (Line)
Info    : [ 60%] Meshing curve 6992 (Line)
Info    : [ 60%] Meshing curve 6993 (Line)
Info    : [ 60%] Meshing curve 6994 (Line)
Info    : [ 60%] Meshing curve 6995 (Line)
Info    : [ 60%] Meshing curve 6996 (Line)
Info    : [ 60%] Meshing curve 6997 (Line)
Info    : [ 60%] Meshing curve 6998 (Line)
Info    : [ 60%] Meshing curve 6999 (Line)
Info    : [ 60%] Meshing curve 7000 (Line)
Info    : [ 60%] Meshing curve 7001 (Line)
Info    : [ 60%] Meshing curve 7002 (Line)
Info    : [ 60%] Meshing curve 7003 (Line)
Info    : [ 60%] Meshing curve 7004 (Line)
Info    : [ 60%] Meshing curve 7005 (Line)
Info    : [ 60%] Meshing curve 7006 (Line)
Info    : [ 60%] Meshing curve 7007 (Line)
Info    : [ 60%] Meshing curve 7008 (Line)
Info    : [ 60%] Meshing curve 7009 (Line)
Info    : [ 60%] Meshing curve 7010 (Line)
Info    : [ 60%] Meshing curve 7011 (Line)
Info    : [ 60%] Meshing curve 7012 (Line)
Info    : [ 60%] Meshing curve 7013 (Line)
Info    : [ 60%] Meshing curve 7014 (Line)
Info    : [ 60%] Meshing curve 7015 (Line)
Info    : [ 60%] Meshing curve 7016 (Line)
Info    : [ 60%] Meshing curve 7017 (Line)
Info    : [ 60%] Meshing curve 7018 (Line)
Info    : [ 60%] Meshing curve 7019 (Line)
Info    : [ 60%] Meshing curve 7020 (Line)
Info    : [ 60%] Meshing curve 7021 (Line)
Info    : [ 60%] Meshing curve 7022 (Line)
Info    : [ 60%] Meshing curve 7023 (Line)
Info    : [ 60%] Meshing curve 7024 (Line)
Info    : [ 60%] Meshing curve 7025 (Line)
Info    : [ 60%] Meshing curve 7026 (Line)
Info    : [ 60%] Meshing curve 7027 (Line)
Info    : [ 60%] Meshing curve 7028 (Line)
Info    : [ 60%] Meshing curve 7029 (Line)
Info    : [ 60%] Meshing curve 7030 (Line)
Info    : [ 60%] Meshing curve 7031 (Line)
Info    : [ 60%] Meshing curve 7032 (Line)
Info    : [ 60%] Meshing curve 7033 (Line)
Info    : [ 60%] Meshing curve 7034 (Line)
Info    : [ 60%] Meshing curve 7035 (Line)
Info    : [ 60%] Meshing curve 7036 (Line)
Info    : [ 60%] Meshing curve 7037 (Line)
Info    : [ 60%] Meshing curve 7038 (Line)
Info    : [ 60%] Meshing curve 7039 (Line)
Info    : [ 60%] Meshing curve 7040 (Line)
Info    : [ 60%] Meshing curve 7041 (Line)
Info    : [ 60%] Meshing curve 7042 (Line)
Info    : [ 60%] Meshing curve 7043 (Line)
Info    : [ 60%] Meshing curve 7044 (Line)
Info    : [ 60%] Meshing curve 7045 (Line)
Info    : [ 60%] Meshing curve 7046 (Line)
Info    : [ 60%] Meshing curve 7047 (Line)
Info    : [ 60%] Meshing curve 7048 (Line)
Info    : [ 60%] Meshing curve 7049 (Line)
Info    : [ 60%] Meshing curve 7050 (Line)
Info    : [ 60%] Meshing curve 7051 (Line)
Info    : [ 60%] Meshing curve 7052 (Line)
Info    : [ 60%] Meshing curve 7053 (Line)
Info    : [ 60%] Meshing curve 7054 (Line)
Info    : [ 60%] Meshing curve 7055 (Line)
Info    : [ 60%] Meshing curve 7056 (Line)
Info    : [ 60%] Meshing curve 7057 (Line)
Info    : [ 60%] Meshing curve 7058 (Line)
Info    : [ 60%] Meshing curve 7059 (Line)
Info    : [ 60%] Meshing curve 7060 (Line)
Info    : [ 60%] Meshing curve 7061 (Line)
Info    : [ 60%] Meshing curve 7062 (Line)
Info    : [ 60%] Meshing curve 7063 (Line)
Info    : [ 60%] Meshing curve 7064 (Line)
Info    : [ 60%] Meshing curve 7065 (Line)
Info    : [ 60%] Meshing curve 7066 (Line)
Info    : [ 60%] Meshing curve 7067 (Line)
Info    : [ 60%] Meshing curve 7068 (Line)
Info    : [ 60%] Meshing curve 7069 (Line)
Info    : [ 60%] Meshing curve 7070 (Line)
Info    : [ 60%] Meshing curve 7071 (Line)
Info    : [ 60%] Meshing curve 7072 (Line)
Info    : [ 60%] Meshing curve 7073 (Line)
Info    : [ 60%] Meshing curve 7074 (Line)
Info    : [ 60%] Meshing curve 7075 (Line)
Info    : [ 60%] Meshing curve 7076 (Line)
Info    : [ 60%] Meshing curve 7077 (Line)
Info    : [ 60%] Meshing curve 7078 (Line)
Info    : [ 60%] Meshing curve 7079 (Line)
Info    : [ 60%] Meshing curve 7080 (Line)
Info    : [ 60%] Meshing curve 7081 (Line)
Info    : [ 60%] Meshing curve 7082 (Line)
Info    : [ 60%] Meshing curve 7083 (Line)
Info    : [ 60%] Meshing curve 7084 (Line)
Info    : [ 60%] Meshing curve 7085 (Line)
Info    : [ 60%] Meshing curve 7086 (Line)
Info    : [ 60%] Meshing curve 7087 (Line)
Info    : [ 60%] Meshing curve 7088 (Line)
Info    : [ 60%] Meshing curve 7089 (Line)
Info    : [ 60%] Meshing curve 7090 (Line)
Info    : [ 60%] Meshing curve 7091 (Line)
Info    : [ 60%] Meshing curve 7092 (Line)
Info    : [ 60%] Meshing curve 7093 (Line)
Info    : [ 60%] Meshing curve 7094 (Line)
Info    : [ 60%] Meshing curve 7095 (Line)
Info    : [ 60%] Meshing curve 7096 (Line)
Info    : [ 60%] Meshing curve 7097 (Line)
Info    : [ 60%] Meshing curve 7098 (Line)
Info    : [ 60%] Meshing curve 7099 (Line)
Info    : [ 60%] Meshing curve 7100 (Line)
Info    : [ 60%] Meshing curve 7101 (Line)
Info    : [ 60%] Meshing curve 7102 (Line)
Info    : [ 60%] Meshing curve 7103 (Line)
Info    : [ 60%] Meshing curve 7104 (Line)
Info    : [ 60%] Meshing curve 7105 (Line)
Info    : [ 60%] Meshing curve 7106 (Line)
Info    : [ 60%] Meshing curve 7107 (Line)
Info    : [ 60%] Meshing curve 7108 (Line)
Info    : [ 60%] Meshing curve 7109 (Line)
Info    : [ 60%] Meshing curve 7110 (Line)
Info    : [ 60%] Meshing curve 7111 (Line)
Info    : [ 60%] Meshing curve 7112 (Line)
Info    : [ 60%] Meshing curve 7113 (Line)
Info    : [ 60%] Meshing curve 7115 (Line)
Info    : [ 60%] Meshing curve 7114 (Line)
Info    : [ 60%] Meshing curve 7116 (Line)
Info    : [ 60%] Meshing curve 7117 (Line)
Info    : [ 60%] Meshing curve 7118 (Line)
Info    : [ 60%] Meshing curve 7119 (Line)
Info    : [ 60%] Meshing curve 7120 (Line)
Info    : [ 60%] Meshing curve 7121 (Line)
Info    : [ 60%] Meshing curve 7122 (Line)
Info    : [ 60%] Meshing curve 7123 (Line)
Info    : [ 60%] Meshing curve 7124 (Line)
Info    : [ 60%] Meshing curve 7125 (Line)
Info    : [ 60%] Meshing curve 7126 (Line)
Info    : [ 60%] Meshing curve 7127 (Line)
Info    : [ 60%] Meshing curve 7128 (Line)
Info    : [ 60%] Meshing curve 7129 (Line)
Info    : [ 60%] Meshing curve 7130 (Line)
Info    : [ 60%] Meshing curve 7131 (Line)
Info    : [ 60%] Meshing curve 7132 (Line)
Info    : [ 60%] Meshing curve 7133 (Line)
Info    : [ 60%] Meshing curve 7134 (Line)
Info    : [ 60%] Meshing curve 7135 (Line)
Info    : [ 60%] Meshing curve 7136 (Line)
Info    : [ 60%] Meshing curve 7137 (Line)
Info    : [ 60%] Meshing curve 7138 (Line)
Info    : [ 60%] Meshing curve 7139 (Line)
Info    : [ 60%] Meshing curve 7140 (Line)
Info    : [ 60%] Meshing curve 7141 (Line)
Info    : [ 60%] Meshing curve 7142 (Line)
Info    : [ 60%] Meshing curve 7143 (Line)
Info    : [ 60%] Meshing curve 7144 (Line)
Info    : [ 60%] Meshing curve 7145 (Line)
Info    : [ 60%] Meshing curve 7146 (Line)
Info    : [ 60%] Meshing curve 7147 (Line)
Info    : [ 60%] Meshing curve 7148 (Line)
Info    : [ 60%] Meshing curve 7149 (Line)
Info    : [ 60%] Meshing curve 7150 (Line)
Info    : [ 60%] Meshing curve 7151 (Line)
Info    : [ 60%] Meshing curve 7152 (Line)
Info    : [ 60%] Meshing curve 7153 (Line)
Info    : [ 60%] Meshing curve 7154 (Line)
Info    : [ 60%] Meshing curve 7155 (Line)
Info    : [ 60%] Meshing curve 7156 (Line)
Info    : [ 60%] Meshing curve 7157 (Line)
Info    : [ 60%] Meshing curve 7158 (Line)
Info    : [ 60%] Meshing curve 7159 (Line)
Info    : [ 60%] Meshing curve 7160 (Line)
Info    : [ 60%] Meshing curve 7161 (Line)
Info    : [ 60%] Meshing curve 7162 (Line)
Info    : [ 60%] Meshing curve 7163 (Line)
Info    : [ 60%] Meshing curve 7164 (Line)
Info    : [ 60%] Meshing curve 7165 (Line)
Info    : [ 60%] Meshing curve 7166 (Line)
Info    : [ 60%] Meshing curve 7167 (Line)
Info    : [ 60%] Meshing curve 7168 (Line)
Info    : [ 60%] Meshing curve 7169 (Line)
Info    : [ 60%] Meshing curve 7170 (Line)
Info    : [ 60%] Meshing curve 7171 (Line)
Info    : [ 60%] Meshing curve 7172 (Line)
Info    : [ 60%] Meshing curve 7173 (Line)
Info    : [ 60%] Meshing curve 7174 (Line)
Info    : [ 60%] Meshing curve 7175 (Line)
Info    : [ 60%] Meshing curve 7176 (Line)
Info    : [ 60%] Meshing curve 7177 (Line)
Info    : [ 60%] Meshing curve 7178 (Line)
Info    : [ 60%] Meshing curve 7179 (Line)
Info    : [ 60%] Meshing curve 7180 (Line)
Info    : [ 60%] Meshing curve 7181 (Line)
Info    : [ 60%] Meshing curve 7182 (Line)
Info    : [ 60%] Meshing curve 7183 (Line)
Info    : [ 60%] Meshing curve 7184 (Line)
Info    : [ 60%] Meshing curve 7185 (Line)
Info    : [ 60%] Meshing curve 7186 (Line)
Info    : [ 60%] Meshing curve 7187 (Line)
Info    : [ 60%] Meshing curve 7188 (Line)
Info    : [ 60%] Meshing curve 7189 (Line)
Info    : [ 60%] Meshing curve 7190 (Line)
Info    : [ 60%] Meshing curve 7191 (Line)
Info    : [ 60%] Meshing curve 7192 (Line)
Info    : [ 60%] Meshing curve 7193 (Line)
Info    : [ 60%] Meshing curve 7194 (Line)
Info    : [ 60%] Meshing curve 7195 (Line)
Info    : [ 60%] Meshing curve 7196 (Line)
Info    : [ 60%] Meshing curve 7197 (Line)
Info    : [ 60%] Meshing curve 7198 (Line)
Info    : [ 60%] Meshing curve 7199 (Line)
Info    : [ 60%] Meshing curve 7200 (Line)
Info    : [ 60%] Meshing curve 7201 (Line)
Info    : [ 60%] Meshing curve 7202 (Line)
Info    : [ 60%] Meshing curve 7203 (Line)
Info    : [ 60%] Meshing curve 7204 (Line)
Info    : [ 60%] Meshing curve 7205 (Line)
Info    : [ 60%] Meshing curve 7206 (Line)
Info    : [ 60%] Meshing curve 7207 (Line)
Info    : [ 60%] Meshing curve 7208 (Line)
Info    : [ 60%] Meshing curve 7209 (Line)
Info    : [ 60%] Meshing curve 7210 (Line)
Info    : [ 60%] Meshing curve 7211 (Line)
Info    : [ 60%] Meshing curve 7212 (Line)
Info    : [ 60%] Meshing curve 7213 (Line)
Info    : [ 60%] Meshing curve 7214 (Line)
Info    : [ 60%] Meshing curve 7215 (Line)
Info    : [ 60%] Meshing curve 7216 (Line)
Info    : [ 60%] Meshing curve 7217 (Line)
Info    : [ 60%] Meshing curve 7218 (Line)
Info    : [ 60%] Meshing curve 7219 (Line)
Info    : [ 60%] Meshing curve 7220 (Line)
Info    : [ 60%] Meshing curve 7221 (Line)
Info    : [ 60%] Meshing curve 7222 (Line)
Info    : [ 60%] Meshing curve 7223 (Line)
Info    : [ 60%] Meshing curve 7224 (Line)
Info    : [ 60%] Meshing curve 7225 (Line)
Info    : [ 60%] Meshing curve 7226 (Line)
Info    : [ 60%] Meshing curve 7227 (Line)
Info    : [ 60%] Meshing curve 7228 (Line)
Info    : [ 60%] Meshing curve 7229 (Line)
Info    : [ 60%] Meshing curve 7230 (Line)
Info    : [ 60%] Meshing curve 7231 (Line)
Info    : [ 60%] Meshing curve 7232 (Line)
Info    : [ 60%] Meshing curve 7233 (Line)
Info    : [ 60%] Meshing curve 7234 (Line)
Info    : [ 60%] Meshing curve 7235 (Line)
Info    : [ 60%] Meshing curve 7236 (Line)
Info    : [ 60%] Meshing curve 7237 (Line)
Info    : [ 60%] Meshing curve 7238 (Line)
Info    : [ 60%] Meshing curve 7239 (Line)
Info    : [ 60%] Meshing curve 7240 (Line)
Info    : [ 60%] Meshing curve 7241 (Line)
Info    : [ 60%] Meshing curve 7242 (Line)
Info    : [ 60%] Meshing curve 7243 (Line)
Info    : [ 60%] Meshing curve 7244 (Line)
Info    : [ 60%] Meshing curve 7245 (Line)
Info    : [ 60%] Meshing curve 7246 (Line)
Info    : [ 60%] Meshing curve 7247 (Line)
Info    : [ 60%] Meshing curve 7248 (Line)
Info    : [ 60%] Meshing curve 7249 (Line)
Info    : [ 60%] Meshing curve 7250 (Line)
Info    : [ 60%] Meshing curve 7251 (Line)
Info    : [ 60%] Meshing curve 7252 (Line)
Info    : [ 60%] Meshing curve 7253 (Line)
Info    : [ 60%] Meshing curve 7254 (Line)
Info    : [ 60%] Meshing curve 7255 (Line)
Info    : [ 60%] Meshing curve 7256 (Line)
Info    : [ 60%] Meshing curve 7257 (Line)
Info    : [ 60%] Meshing curve 7258 (Line)
Info    : [ 60%] Meshing curve 7259 (Line)
Info    : [ 60%] Meshing curve 7260 (Line)
Info    : [ 60%] Meshing curve 7261 (Line)
Info    : [ 60%] Meshing curve 7262 (Line)
Info    : [ 60%] Meshing curve 7263 (Line)
Info    : [ 60%] Meshing curve 7264 (Line)
Info    : [ 60%] Meshing curve 7265 (Line)
Info    : [ 60%] Meshing curve 7266 (Line)
Info    : [ 60%] Meshing curve 7267 (Line)
Info    : [ 60%] Meshing curve 7268 (Line)
Info    : [ 60%] Meshing curve 7269 (Line)
Info    : [ 60%] Meshing curve 7270 (Line)
Info    : [ 60%] Meshing curve 7271 (Line)
Info    : [ 60%] Meshing curve 7272 (Line)
Info    : [ 60%] Meshing curve 7273 (Line)
Info    : [ 60%] Meshing curve 7274 (Line)
Info    : [ 60%] Meshing curve 7275 (Line)
Info    : [ 60%] Meshing curve 7276 (Line)
Info    : [ 60%] Meshing curve 7277 (Line)
Info    : [ 60%] Meshing curve 7278 (Line)
Info    : [ 60%] Meshing curve 7279 (Line)
Info    : [ 60%] Meshing curve 7280 (Line)
Info    : [ 60%] Meshing curve 7281 (Line)
Info    : [ 60%] Meshing curve 7282 (Line)
Info    : [ 60%] Meshing curve 7283 (Line)
Info    : [ 60%] Meshing curve 7284 (Line)
Info    : [ 60%] Meshing curve 7285 (Line)
Info    : [ 60%] Meshing curve 7286 (Line)
Info    : [ 60%] Meshing curve 7287 (Line)
Info    : [ 60%] Meshing curve 7288 (Line)
Info    : [ 60%] Meshing curve 7289 (Line)
Info    : [ 60%] Meshing curve 7290 (Line)
Info    : [ 60%] Meshing curve 7291 (Line)
Info    : [ 60%] Meshing curve 7292 (Line)
Info    : [ 60%] Meshing curve 7293 (Line)
Info    : [ 60%] Meshing curve 7294 (Line)
Info    : [ 60%] Meshing curve 7295 (Line)
Info    : [ 60%] Meshing curve 7296 (Line)
Info    : [ 60%] Meshing curve 7297 (Line)
Info    : [ 60%] Meshing curve 7298 (Line)
Info    : [ 60%] Meshing curve 7299 (Line)
Info    : [ 60%] Meshing curve 7300 (Line)
Info    : [ 60%] Meshing curve 7301 (Line)
Info    : [ 60%] Meshing curve 7302 (Line)
Info    : [ 60%] Meshing curve 7303 (Line)
Info    : [ 60%] Meshing curve 7304 (Line)
Info    : [ 60%] Meshing curve 7305 (Line)
Info    : [ 60%] Meshing curve 7306 (Line)
Info    : [ 60%] Meshing curve 7307 (Line)
Info    : [ 60%] Meshing curve 7308 (Line)
Info    : [ 60%] Meshing curve 7309 (Line)
Info    : [ 60%] Meshing curve 7310 (Line)
Info    : [ 60%] Meshing curve 7311 (Line)
Info    : [ 60%] Meshing curve 7312 (Line)
Info    : [ 60%] Meshing curve 7313 (Line)
Info    : [ 60%] Meshing curve 7314 (Line)
Info    : [ 60%] Meshing curve 7315 (Line)
Info    : [ 60%] Meshing curve 7316 (Line)
Info    : [ 60%] Meshing curve 7317 (Line)
Info    : [ 60%] Meshing curve 7318 (Line)
Info    : [ 60%] Meshing curve 7319 (Line)
Info    : [ 60%] Meshing curve 7320 (Line)
Info    : [ 60%] Meshing curve 7321 (Line)
Info    : [ 60%] Meshing curve 7322 (Line)
Info    : [ 60%] Meshing curve 7323 (Line)
Info    : [ 60%] Meshing curve 7324 (Line)
Info    : [ 60%] Meshing curve 7325 (Line)
Info    : [ 60%] Meshing curve 7326 (Line)
Info    : [ 70%] Meshing curve 7327 (Line)
Info    : [ 70%] Meshing curve 7328 (Line)
Info    : [ 70%] Meshing curve 7329 (Line)
Info    : [ 70%] Meshing curve 7330 (Line)
Info    : [ 70%] Meshing curve 7331 (Line)
Info    : [ 70%] Meshing curve 7332 (Line)
Info    : [ 70%] Meshing curve 7333 (Line)
Info    : [ 70%] Meshing curve 7334 (Line)
Info    : [ 70%] Meshing curve 7335 (Line)
Info    : [ 70%] Meshing curve 7336 (Line)
Info    : [ 70%] Meshing curve 7337 (Line)
Info    : [ 70%] Meshing curve 7338 (Line)
Info    : [ 70%] Meshing curve 7339 (Line)
Info    : [ 70%] Meshing curve 7340 (Line)
Info    : [ 70%] Meshing curve 7341 (Line)
Info    : [ 70%] Meshing curve 7342 (Line)
Info    : [ 70%] Meshing curve 7343 (Line)
Info    : [ 70%] Meshing curve 7344 (Line)
Info    : [ 70%] Meshing curve 7345 (Line)
Info    : [ 70%] Meshing curve 7346 (Line)
Info    : [ 70%] Meshing curve 7347 (Line)
Info    : [ 70%] Meshing curve 7348 (Line)
Info    : [ 70%] Meshing curve 7349 (Line)
Info    : [ 70%] Meshing curve 7350 (Line)
Info    : [ 70%] Meshing curve 7351 (Line)
Info    : [ 70%] Meshing curve 7352 (Line)
Info    : [ 70%] Meshing curve 7353 (Line)
Info    : [ 70%] Meshing curve 7354 (Line)
Info    : [ 70%] Meshing curve 7355 (Line)
Info    : [ 70%] Meshing curve 7356 (Line)
Info    : [ 70%] Meshing curve 7357 (Line)
Info    : [ 70%] Meshing curve 7358 (Line)
Info    : [ 70%] Meshing curve 7359 (Line)
Info    : [ 70%] Meshing curve 7360 (Line)
Info    : [ 70%] Meshing curve 7361 (Line)
Info    : [ 70%] Meshing curve 7362 (Line)
Info    : [ 70%] Meshing curve 7363 (Line)
Info    : [ 70%] Meshing curve 7364 (Line)
Info    : [ 70%] Meshing curve 7365 (Line)
Info    : [ 70%] Meshing curve 7366 (Line)
Info    : [ 70%] Meshing curve 7367 (Line)
Info    : [ 70%] Meshing curve 7368 (Line)
Info    : [ 70%] Meshing curve 7369 (Line)
Info    : [ 70%] Meshing curve 7370 (Line)
Info    : [ 70%] Meshing curve 7371 (Line)
Info    : [ 70%] Meshing curve 7372 (Line)
Info    : [ 70%] Meshing curve 7373 (Line)
Info    : [ 70%] Meshing curve 7374 (Line)
Info    : [ 70%] Meshing curve 7375 (Line)
Info    : [ 70%] Meshing curve 7376 (Line)
Info    : [ 70%] Meshing curve 7377 (Line)
Info    : [ 70%] Meshing curve 7378 (Line)
Info    : [ 70%] Meshing curve 7379 (Line)
Info    : [ 70%] Meshing curve 7380 (Line)
Info    : [ 70%] Meshing curve 7381 (Line)
Info    : [ 70%] Meshing curve 7382 (Line)
Info    : [ 70%] Meshing curve 7383 (Line)
Info    : [ 70%] Meshing curve 7384 (Line)
Info    : [ 70%] Meshing curve 7385 (Line)
Info    : [ 70%] Meshing curve 7386 (Line)
Info    : [ 70%] Meshing curve 7387 (Line)
Info    : [ 70%] Meshing curve 7388 (Line)
Info    : [ 70%] Meshing curve 7389 (Line)
Info    : [ 70%] Meshing curve 7390 (Line)
Info    : [ 70%] Meshing curve 7391 (Line)
Info    : [ 70%] Meshing curve 7392 (Line)
Info    : [ 70%] Meshing curve 7393 (Line)
Info    : [ 70%] Meshing curve 7394 (Line)
Info    : [ 70%] Meshing curve 7395 (Line)
Info    : [ 70%] Meshing curve 7397 (Line)
Info    : [ 70%] Meshing curve 7396 (Line)
Info    : [ 70%] Meshing curve 7398 (Line)
Info    : [ 70%] Meshing curve 7399 (Line)
Info    : [ 70%] Meshing curve 7400 (Line)
Info    : [ 70%] Meshing curve 7401 (Line)
Info    : [ 70%] Meshing curve 7402 (Line)
Info    : [ 70%] Meshing curve 7403 (Line)
Info    : [ 70%] Meshing curve 7404 (Line)
Info    : [ 70%] Meshing curve 7405 (Line)
Info    : [ 70%] Meshing curve 7406 (Line)
Info    : [ 70%] Meshing curve 7407 (Line)
Info    : [ 70%] Meshing curve 7408 (Line)
Info    : [ 70%] Meshing curve 7409 (Line)
Info    : [ 70%] Meshing curve 7410 (Line)
Info    : [ 70%] Meshing curve 7411 (Line)
Info    : [ 70%] Meshing curve 7412 (Line)
Info    : [ 70%] Meshing curve 7413 (Line)
Info    : [ 70%] Meshing curve 7414 (Line)
Info    : [ 70%] Meshing curve 7415 (Line)
Info    : [ 70%] Meshing curve 7416 (Line)
Info    : [ 70%] Meshing curve 7417 (Line)
Info    : [ 70%] Meshing curve 7418 (Line)
Info    : [ 70%] Meshing curve 7419 (Line)
Info    : [ 70%] Meshing curve 7420 (Line)
Info    : [ 70%] Meshing curve 7421 (Line)
Info    : [ 70%] Meshing curve 7422 (Line)
Info    : [ 70%] Meshing curve 7423 (Line)
Info    : [ 70%] Meshing curve 7424 (Line)
Info    : [ 70%] Meshing curve 7425 (Line)
Info    : [ 70%] Meshing curve 7426 (Line)
Info    : [ 70%] Meshing curve 7427 (Line)
Info    : [ 70%] Meshing curve 7428 (Line)
Info    : [ 70%] Meshing curve 7429 (Line)
Info    : [ 70%] Meshing curve 7430 (Line)
Info    : [ 70%] Meshing curve 7431 (Line)
Info    : [ 70%] Meshing curve 7432 (Line)
Info    : [ 70%] Meshing curve 7433 (Line)
Info    : [ 70%] Meshing curve 7434 (Line)
Info    : [ 70%] Meshing curve 7435 (Line)
Info    : [ 70%] Meshing curve 7436 (Line)
Info    : [ 70%] Meshing curve 7437 (Line)
Info    : [ 70%] Meshing curve 7438 (Line)
Info    : [ 70%] Meshing curve 7439 (Line)
Info    : [ 70%] Meshing curve 7440 (Line)
Info    : [ 70%] Meshing curve 7441 (Line)
Info    : [ 70%] Meshing curve 7442 (Line)
Info    : [ 70%] Meshing curve 7443 (Line)
Info    : [ 70%] Meshing curve 7444 (Line)
Info    : [ 70%] Meshing curve 7445 (Line)
Info    : [ 70%] Meshing curve 7446 (Line)
Info    : [ 70%] Meshing curve 7447 (Line)
Info    : [ 70%] Meshing curve 7448 (Line)
Info    : [ 70%] Meshing curve 7449 (Line)
Info    : [ 70%] Meshing curve 7450 (Line)
Info    : [ 70%] Meshing curve 7451 (Line)
Info    : [ 70%] Meshing curve 7452 (Line)
Info    : [ 70%] Meshing curve 7453 (Line)
Info    : [ 70%] Meshing curve 7454 (Line)
Info    : [ 70%] Meshing curve 7455 (Line)
Info    : [ 70%] Meshing curve 7457 (Line)
Info    : [ 70%] Meshing curve 7456 (Line)
Info    : [ 70%] Meshing curve 7458 (Line)
Info    : [ 70%] Meshing curve 7459 (Line)
Info    : [ 70%] Meshing curve 7460 (Line)
Info    : [ 70%] Meshing curve 7461 (Line)
Info    : [ 70%] Meshing curve 7462 (Line)
Info    : [ 70%] Meshing curve 7463 (Line)
Info    : [ 70%] Meshing curve 7464 (Line)
Info    : [ 70%] Meshing curve 7465 (Line)
Info    : [ 70%] Meshing curve 7466 (Line)
Info    : [ 70%] Meshing curve 7467 (Line)
Info    : [ 70%] Meshing curve 7468 (Line)
Info    : [ 70%] Meshing curve 7469 (Line)
Info    : [ 70%] Meshing curve 7470 (Line)
Info    : [ 70%] Meshing curve 7471 (Line)
Info    : [ 70%] Meshing curve 7472 (Line)
Info    : [ 70%] Meshing curve 7473 (Line)
Info    : [ 70%] Meshing curve 7474 (Line)
Info    : [ 70%] Meshing curve 7475 (Line)
Info    : [ 70%] Meshing curve 7476 (Line)
Info    : [ 70%] Meshing curve 7477 (Line)
Info    : [ 70%] Meshing curve 7478 (Line)
Info    : [ 70%] Meshing curve 7479 (Line)
Info    : [ 70%] Meshing curve 7480 (Line)
Info    : [ 70%] Meshing curve 7481 (Line)
Info    : [ 70%] Meshing curve 7482 (Line)
Info    : [ 70%] Meshing curve 7483 (Line)
Info    : [ 70%] Meshing curve 7484 (Line)
Info    : [ 70%] Meshing curve 7486 (Line)
Info    : [ 70%] Meshing curve 7485 (Line)
Info    : [ 70%] Meshing curve 7487 (Line)
Info    : [ 70%] Meshing curve 7488 (Line)
Info    : [ 70%] Meshing curve 7489 (Line)
Info    : [ 70%] Meshing curve 7490 (Line)
Info    : [ 70%] Meshing curve 7491 (Line)
Info    : [ 70%] Meshing curve 7492 (Line)
Info    : [ 70%] Meshing curve 7493 (Line)
Info    : [ 70%] Meshing curve 7494 (Line)
Info    : [ 70%] Meshing curve 7495 (Line)
Info    : [ 70%] Meshing curve 7496 (Line)
Info    : [ 70%] Meshing curve 7497 (Line)
Info    : [ 70%] Meshing curve 7498 (Line)
Info    : [ 70%] Meshing curve 7499 (Line)
Info    : [ 70%] Meshing curve 7500 (Line)
Info    : [ 70%] Meshing curve 7501 (Line)
Info    : [ 70%] Meshing curve 7502 (Line)
Info    : [ 70%] Meshing curve 7503 (Line)
Info    : [ 70%] Meshing curve 7504 (Line)
Info    : [ 70%] Meshing curve 7505 (Line)
Info    : [ 70%] Meshing curve 7506 (Line)
Info    : [ 70%] Meshing curve 7507 (Line)
Info    : [ 70%] Meshing curve 7508 (Line)
Info    : [ 70%] Meshing curve 7509 (Line)
Info    : [ 70%] Meshing curve 7510 (Line)
Info    : [ 70%] Meshing curve 7511 (Line)
Info    : [ 70%] Meshing curve 7512 (Line)
Info    : [ 70%] Meshing curve 7513 (Line)
Info    : [ 70%] Meshing curve 7514 (Line)
Info    : [ 70%] Meshing curve 7515 (Line)
Info    : [ 70%] Meshing curve 7516 (Line)
Info    : [ 70%] Meshing curve 7517 (Line)
Info    : [ 70%] Meshing curve 7518 (Line)
Info    : [ 70%] Meshing curve 7519 (Line)
Info    : [ 70%] Meshing curve 7520 (Line)
Info    : [ 70%] Meshing curve 7521 (Line)
Info    : [ 70%] Meshing curve 7522 (Line)
Info    : [ 70%] Meshing curve 7523 (Line)
Info    : [ 70%] Meshing curve 7524 (Line)
Info    : [ 70%] Meshing curve 7525 (Line)
Info    : [ 70%] Meshing curve 7526 (Line)
Info    : [ 70%] Meshing curve 7527 (Line)
Info    : [ 70%] Meshing curve 7528 (Line)
Info    : [ 70%] Meshing curve 7529 (Line)
Info    : [ 70%] Meshing curve 7530 (Line)
Info    : [ 70%] Meshing curve 7531 (Line)
Info    : [ 70%] Meshing curve 7532 (Line)
Info    : [ 70%] Meshing curve 7533 (Line)
Info    : [ 70%] Meshing curve 7534 (Line)
Info    : [ 70%] Meshing curve 7535 (Line)
Info    : [ 70%] Meshing curve 7536 (Line)
Info    : [ 70%] Meshing curve 7537 (Line)
Info    : [ 70%] Meshing curve 7538 (Line)
Info    : [ 70%] Meshing curve 7539 (Line)
Info    : [ 70%] Meshing curve 7540 (Line)
Info    : [ 70%] Meshing curve 7541 (Line)
Info    : [ 70%] Meshing curve 7542 (Line)
Info    : [ 70%] Meshing curve 7543 (Line)
Info    : [ 70%] Meshing curve 7544 (Line)
Info    : [ 70%] Meshing curve 7545 (Line)
Info    : [ 70%] Meshing curve 7546 (Line)
Info    : [ 70%] Meshing curve 7547 (Line)
Info    : [ 70%] Meshing curve 7548 (Line)
Info    : [ 70%] Meshing curve 7549 (Line)
Info    : [ 70%] Meshing curve 7550 (Line)
Info    : [ 70%] Meshing curve 7551 (Line)
Info    : [ 70%] Meshing curve 7552 (Line)
Info    : [ 70%] Meshing curve 7553 (Line)
Info    : [ 70%] Meshing curve 7554 (Line)
Info    : [ 70%] Meshing curve 7555 (Line)
Info    : [ 70%] Meshing curve 7556 (Line)
Info    : [ 70%] Meshing curve 7557 (Line)
Info    : [ 70%] Meshing curve 7558 (Line)
Info    : [ 70%] Meshing curve 7559 (Line)
Info    : [ 70%] Meshing curve 7560 (Line)
Info    : [ 70%] Meshing curve 7561 (Line)
Info    : [ 70%] Meshing curve 7562 (Line)
Info    : [ 70%] Meshing curve 7563 (Line)
Info    : [ 70%] Meshing curve 7564 (Line)
Info    : [ 70%] Meshing curve 7565 (Line)
Info    : [ 70%] Meshing curve 7566 (Line)
Info    : [ 70%] Meshing curve 7567 (Line)
Info    : [ 70%] Meshing curve 7568 (Line)
Info    : [ 70%] Meshing curve 7569 (Line)
Info    : [ 70%] Meshing curve 7570 (Line)
Info    : [ 70%] Meshing curve 7571 (Line)
Info    : [ 70%] Meshing curve 7572 (Line)
Info    : [ 70%] Meshing curve 7573 (Line)
Info    : [ 70%] Meshing curve 7574 (Line)
Info    : [ 70%] Meshing curve 7575 (Line)
Info    : [ 70%] Meshing curve 7576 (Line)
Info    : [ 70%] Meshing curve 7577 (Line)
Info    : [ 70%] Meshing curve 7578 (Line)
Info    : [ 70%] Meshing curve 7579 (Line)
Info    : [ 70%] Meshing curve 7580 (Line)
Info    : [ 70%] Meshing curve 7581 (Line)
Info    : [ 70%] Meshing curve 7582 (Line)
Info    : [ 70%] Meshing curve 7583 (Line)
Info    : [ 70%] Meshing curve 7584 (Line)
Info    : [ 70%] Meshing curve 7585 (Line)
Info    : [ 70%] Meshing curve 7586 (Line)
Info    : [ 70%] Meshing curve 7587 (Line)
Info    : [ 70%] Meshing curve 7588 (Line)
Info    : [ 70%] Meshing curve 7589 (Line)
Info    : [ 70%] Meshing curve 7590 (Line)
Info    : [ 70%] Meshing curve 7591 (Line)
Info    : [ 70%] Meshing curve 7592 (Line)
Info    : [ 70%] Meshing curve 7593 (Line)
Info    : [ 70%] Meshing curve 7594 (Line)
Info    : [ 70%] Meshing curve 7595 (Line)
Info    : [ 70%] Meshing curve 7596 (Line)
Info    : [ 70%] Meshing curve 7597 (Line)
Info    : [ 70%] Meshing curve 7598 (Line)
Info    : [ 70%] Meshing curve 7599 (Line)
Info    : [ 70%] Meshing curve 7600 (Line)
Info    : [ 70%] Meshing curve 7601 (Line)
Info    : [ 70%] Meshing curve 7602 (Line)
Info    : [ 70%] Meshing curve 7603 (Line)
Info    : [ 70%] Meshing curve 7604 (Line)
Info    : [ 70%] Meshing curve 7605 (Line)
Info    : [ 70%] Meshing curve 7606 (Line)
Info    : [ 70%] Meshing curve 7607 (Line)
Info    : [ 70%] Meshing curve 7608 (Line)
Info    : [ 70%] Meshing curve 7609 (Line)
Info    : [ 70%] Meshing curve 7610 (Line)
Info    : [ 70%] Meshing curve 7611 (Line)
Info    : [ 70%] Meshing curve 7612 (Line)
Info    : [ 70%] Meshing curve 7613 (Line)
Info    : [ 70%] Meshing curve 7614 (Line)
Info    : [ 70%] Meshing curve 7615 (Line)
Info    : [ 70%] Meshing curve 7616 (Line)
Info    : [ 70%] Meshing curve 7617 (Line)
Info    : [ 70%] Meshing curve 7618 (Line)
Info    : [ 70%] Meshing curve 7619 (Line)
Info    : [ 70%] Meshing curve 7620 (Line)
Info    : [ 70%] Meshing curve 7621 (Line)
Info    : [ 70%] Meshing curve 7622 (Line)
Info    : [ 70%] Meshing curve 7623 (Line)
Info    : [ 70%] Meshing curve 7624 (Line)
Info    : [ 70%] Meshing curve 7625 (Line)
Info    : [ 70%] Meshing curve 7626 (Line)
Info    : [ 70%] Meshing curve 7627 (Line)
Info    : [ 70%] Meshing curve 7628 (Line)
Info    : [ 70%] Meshing curve 7629 (Line)
Info    : [ 70%] Meshing curve 7630 (Line)
Info    : [ 70%] Meshing curve 7631 (Line)
Info    : [ 70%] Meshing curve 7632 (Line)
Info    : [ 70%] Meshing curve 7633 (Line)
Info    : [ 70%] Meshing curve 7634 (Line)
Info    : [ 70%] Meshing curve 7635 (Line)
Info    : [ 70%] Meshing curve 7636 (Line)
Info    : [ 70%] Meshing curve 7637 (Line)
Info    : [ 70%] Meshing curve 7638 (Line)
Info    : [ 70%] Meshing curve 7639 (Line)
Info    : [ 70%] Meshing curve 7640 (Line)
Info    : [ 70%] Meshing curve 7641 (Line)
Info    : [ 70%] Meshing curve 7642 (Line)
Info    : [ 70%] Meshing curve 7643 (Line)
Info    : [ 70%] Meshing curve 7644 (Line)
Info    : [ 70%] Meshing curve 7645 (Line)
Info    : [ 70%] Meshing curve 7646 (Line)
Info    : [ 70%] Meshing curve 7647 (Line)
Info    : [ 70%] Meshing curve 7648 (Line)
Info    : [ 70%] Meshing curve 7649 (Line)
Info    : [ 70%] Meshing curve 7650 (Line)
Info    : [ 70%] Meshing curve 7651 (Line)
Info    : [ 70%] Meshing curve 7652 (Line)
Info    : [ 70%] Meshing curve 7653 (Line)
Info    : [ 70%] Meshing curve 7654 (Line)
Info    : [ 70%] Meshing curve 7655 (Line)
Info    : [ 70%] Meshing curve 7656 (Line)
Info    : [ 70%] Meshing curve 7657 (Line)
Info    : [ 70%] Meshing curve 7658 (Line)
Info    : [ 70%] Meshing curve 7659 (Line)
Info    : [ 70%] Meshing curve 7660 (Line)
Info    : [ 70%] Meshing curve 7661 (Line)
Info    : [ 70%] Meshing curve 7662 (Line)
Info    : [ 70%] Meshing curve 7663 (Line)
Info    : [ 70%] Meshing curve 7664 (Line)
Info    : [ 70%] Meshing curve 7665 (Line)
Info    : [ 70%] Meshing curve 7666 (Line)
Info    : [ 70%] Meshing curve 7667 (Line)
Info    : [ 70%] Meshing curve 7668 (Line)
Info    : [ 70%] Meshing curve 7669 (Line)
Info    : [ 70%] Meshing curve 7670 (Line)
Info    : [ 70%] Meshing curve 7671 (Line)
Info    : [ 70%] Meshing curve 7672 (Line)
Info    : [ 70%] Meshing curve 7673 (Line)
Info    : [ 70%] Meshing curve 7674 (Line)
Info    : [ 70%] Meshing curve 7675 (Line)
Info    : [ 70%] Meshing curve 7676 (Line)
Info    : [ 70%] Meshing curve 7677 (Line)
Info    : [ 70%] Meshing curve 7678 (Line)
Info    : [ 70%] Meshing curve 7679 (Line)
Info    : [ 70%] Meshing curve 7680 (Line)
Info    : [ 70%] Meshing curve 7681 (Line)
Info    : [ 70%] Meshing curve 7682 (Line)
Info    : [ 70%] Meshing curve 7683 (Line)
Info    : [ 70%] Meshing curve 7684 (Line)
Info    : [ 70%] Meshing curve 7685 (Line)
Info    : [ 70%] Meshing curve 7686 (Line)
Info    : [ 70%] Meshing curve 7687 (Line)
Info    : [ 70%] Meshing curve 7688 (Line)
Info    : [ 70%] Meshing curve 7689 (Line)
Info    : [ 70%] Meshing curve 7690 (Line)
Info    : [ 70%] Meshing curve 7691 (Line)
Info    : [ 70%] Meshing curve 7692 (Line)
Info    : [ 70%] Meshing curve 7693 (Line)
Info    : [ 70%] Meshing curve 7694 (Line)
Info    : [ 70%] Meshing curve 7695 (Line)
Info    : [ 70%] Meshing curve 7696 (Line)
Info    : [ 70%] Meshing curve 7697 (Line)
Info    : [ 70%] Meshing curve 7698 (Line)
Info    : [ 70%] Meshing curve 7699 (Line)
Info    : [ 70%] Meshing curve 7700 (Line)
Info    : [ 70%] Meshing curve 7701 (Line)
Info    : [ 70%] Meshing curve 7702 (Line)
Info    : [ 70%] Meshing curve 7703 (Line)
Info    : [ 70%] Meshing curve 7704 (Line)
Info    : [ 70%] Meshing curve 7705 (Line)
Info    : [ 70%] Meshing curve 7706 (Line)
Info    : [ 70%] Meshing curve 7707 (Line)
Info    : [ 70%] Meshing curve 7708 (Line)
Info    : [ 70%] Meshing curve 7709 (Line)
Info    : [ 70%] Meshing curve 7710 (Line)
Info    : [ 70%] Meshing curve 7711 (Line)
Info    : [ 70%] Meshing curve 7712 (Line)
Info    : [ 70%] Meshing curve 7713 (Line)
Info    : [ 70%] Meshing curve 7714 (Line)
Info    : [ 70%] Meshing curve 7715 (Line)
Info    : [ 70%] Meshing curve 7716 (Line)
Info    : [ 70%] Meshing curve 7717 (Line)
Info    : [ 70%] Meshing curve 7718 (Line)
Info    : [ 70%] Meshing curve 7719 (Line)
Info    : [ 70%] Meshing curve 7720 (Line)
Info    : [ 70%] Meshing curve 7721 (Line)
Info    : [ 70%] Meshing curve 7722 (Line)
Info    : [ 70%] Meshing curve 7723 (Line)
Info    : [ 70%] Meshing curve 7724 (Line)
Info    : [ 70%] Meshing curve 7725 (Line)
Info    : [ 70%] Meshing curve 7726 (Line)
Info    : [ 70%] Meshing curve 7727 (Line)
Info    : [ 70%] Meshing curve 7728 (Line)
Info    : [ 70%] Meshing curve 7729 (Line)
Info    : [ 70%] Meshing curve 7730 (Line)
Info    : [ 70%] Meshing curve 7731 (Line)
Info    : [ 70%] Meshing curve 7732 (Line)
Info    : [ 70%] Meshing curve 7733 (Line)
Info    : [ 70%] Meshing curve 7734 (Line)
Info    : [ 70%] Meshing curve 7735 (Line)
Info    : [ 70%] Meshing curve 7736 (Line)
Info    : [ 70%] Meshing curve 7737 (Line)
Info    : [ 70%] Meshing curve 7738 (Line)
Info    : [ 70%] Meshing curve 7739 (Line)
Info    : [ 70%] Meshing curve 7740 (Line)
Info    : [ 70%] Meshing curve 7741 (Line)
Info    : [ 70%] Meshing curve 7742 (Line)
Info    : [ 70%] Meshing curve 7743 (Line)
Info    : [ 70%] Meshing curve 7745 (Line)
Info    : [ 70%] Meshing curve 7744 (Line)
Info    : [ 70%] Meshing curve 7746 (Line)
Info    : [ 70%] Meshing curve 7747 (Line)
Info    : [ 70%] Meshing curve 7748 (Line)
Info    : [ 70%] Meshing curve 7749 (Line)
Info    : [ 70%] Meshing curve 7750 (Line)
Info    : [ 70%] Meshing curve 7751 (Line)
Info    : [ 70%] Meshing curve 7752 (Line)
Info    : [ 70%] Meshing curve 7753 (Line)
Info    : [ 70%] Meshing curve 7754 (Line)
Info    : [ 70%] Meshing curve 7755 (Line)
Info    : [ 70%] Meshing curve 7756 (Line)
Info    : [ 70%] Meshing curve 7757 (Line)
Info    : [ 70%] Meshing curve 7758 (Line)
Info    : [ 70%] Meshing curve 7759 (TrimmedCurve)
Info    : [ 70%] Meshing curve 7760 (TrimmedCurve)
Info    : [ 70%] Meshing curve 7761 (Line)
Info    : [ 70%] Meshing curve 7762 (TrimmedCurve)
Info    : [ 70%] Meshing curve 7763 (Line)
Info    : [ 70%] Meshing curve 7764 (TrimmedCurve)
Info    : [ 70%] Meshing curve 7765 (Line)
Info    : [ 70%] Meshing curve 7766 (TrimmedCurve)
Info    : [ 70%] Meshing curve 7767 (Line)
Info    : [ 70%] Meshing curve 7768 (TrimmedCurve)
Info    : [ 70%] Meshing curve 7769 (Line)
Info    : [ 70%] Meshing curve 7770 (TrimmedCurve)
Info    : [ 70%] Meshing curve 7771 (Line)
Info    : [ 70%] Meshing curve 7772 (TrimmedCurve)
Info    : [ 70%] Meshing curve 7773 (Line)
Info    : [ 70%] Meshing curve 7774 (Line)
Info    : [ 70%] Meshing curve 7775 (TrimmedCurve)
Info    : [ 70%] Meshing curve 7776 (TrimmedCurve)
Info    : [ 70%] Meshing curve 7777 (Line)
Info    : [ 70%] Meshing curve 7778 (TrimmedCurve)
Info    : [ 70%] Meshing curve 7779 (Line)
Info    : [ 70%] Meshing curve 7780 (TrimmedCurve)
Info    : [ 70%] Meshing curve 7781 (Line)
Info    : [ 70%] Meshing curve 7782 (TrimmedCurve)
Info    : [ 70%] Meshing curve 7783 (Line)
Info    : [ 70%] Meshing curve 7784 (TrimmedCurve)
Info    : [ 70%] Meshing curve 7785 (Line)
Info    : [ 70%] Meshing curve 7786 (TrimmedCurve)
Info    : [ 70%] Meshing curve 7787 (Line)
Info    : [ 70%] Meshing curve 7788 (TrimmedCurve)
Info    : [ 70%] Meshing curve 7789 (Line)
Info    : [ 70%] Meshing curve 7790 (Line)
Info    : [ 70%] Meshing curve 7791 (TrimmedCurve)
Info    : [ 70%] Meshing curve 7792 (TrimmedCurve)
Info    : [ 70%] Meshing curve 7793 (Line)
Info    : [ 70%] Meshing curve 7794 (TrimmedCurve)
Info    : [ 70%] Meshing curve 7795 (Line)
Info    : [ 70%] Meshing curve 7796 (TrimmedCurve)
Info    : [ 70%] Meshing curve 7797 (Line)
Info    : [ 70%] Meshing curve 7798 (TrimmedCurve)
Info    : [ 70%] Meshing curve 7799 (Line)
Info    : [ 70%] Meshing curve 7800 (TrimmedCurve)
Info    : [ 70%] Meshing curve 7801 (Line)
Info    : [ 70%] Meshing curve 7802 (TrimmedCurve)
Info    : [ 70%] Meshing curve 7803 (Line)
Info    : [ 70%] Meshing curve 7804 (TrimmedCurve)
Info    : [ 70%] Meshing curve 7805 (Line)
Info    : [ 70%] Meshing curve 7806 (TrimmedCurve)
Info    : [ 70%] Meshing curve 7807 (Line)
Info    : [ 70%] Meshing curve 7808 (TrimmedCurve)
Info    : [ 70%] Meshing curve 7809 (Line)
Info    : [ 70%] Meshing curve 7810 (TrimmedCurve)
Info    : [ 70%] Meshing curve 7811 (Line)
Info    : [ 70%] Meshing curve 7812 (TrimmedCurve)
Info    : [ 70%] Meshing curve 7813 (Line)
Info    : [ 70%] Meshing curve 7814 (TrimmedCurve)
Info    : [ 70%] Meshing curve 7815 (Line)
Info    : [ 70%] Meshing curve 7816 (TrimmedCurve)
Info    : [ 70%] Meshing curve 7817 (Line)
Info    : [ 70%] Meshing curve 7818 (TrimmedCurve)
Info    : [ 70%] Meshing curve 7819 (Line)
Info    : [ 70%] Meshing curve 7820 (TrimmedCurve)
Info    : [ 70%] Meshing curve 7821 (Line)
Info    : [ 70%] Meshing curve 7822 (Line)
Info    : [ 70%] Meshing curve 7823 (TrimmedCurve)
Info    : [ 70%] Meshing curve 7824 (TrimmedCurve)
Info    : [ 70%] Meshing curve 7825 (Line)
Info    : [ 70%] Meshing curve 7826 (TrimmedCurve)
Info    : [ 70%] Meshing curve 7827 (Line)
Info    : [ 70%] Meshing curve 7828 (TrimmedCurve)
Info    : [ 70%] Meshing curve 7829 (Line)
Info    : [ 70%] Meshing curve 7830 (TrimmedCurve)
Info    : [ 70%] Meshing curve 7831 (Line)
Info    : [ 70%] Meshing curve 7832 (TrimmedCurve)
Info    : [ 70%] Meshing curve 7833 (Line)
Info    : [ 70%] Meshing curve 7834 (TrimmedCurve)
Info    : [ 70%] Meshing curve 7835 (Line)
Info    : [ 70%] Meshing curve 7836 (TrimmedCurve)
Info    : [ 70%] Meshing curve 7837 (Line)
Info    : [ 70%] Meshing curve 7838 (Line)
Info    : [ 70%] Meshing curve 7839 (TrimmedCurve)
Info    : [ 70%] Meshing curve 7840 (TrimmedCurve)
Info    : [ 70%] Meshing curve 7841 (Line)
Info    : [ 70%] Meshing curve 7842 (TrimmedCurve)
Info    : [ 70%] Meshing curve 7843 (Line)
Info    : [ 70%] Meshing curve 7844 (TrimmedCurve)
Info    : [ 70%] Meshing curve 7845 (Line)
Info    : [ 70%] Meshing curve 7846 (TrimmedCurve)
Info    : [ 70%] Meshing curve 7847 (Line)
Info    : [ 70%] Meshing curve 7848 (TrimmedCurve)
Info    : [ 70%] Meshing curve 7849 (Line)
Info    : [ 70%] Meshing curve 7851 (Line)
Info    : [ 70%] Meshing curve 7850 (TrimmedCurve)
Info    : [ 70%] Meshing curve 7852 (TrimmedCurve)
Info    : [ 70%] Meshing curve 7853 (Line)
Info    : [ 70%] Meshing curve 7854 (Line)
Info    : [ 70%] Meshing curve 7855 (TrimmedCurve)
Info    : [ 70%] Meshing curve 7856 (TrimmedCurve)
Info    : [ 70%] Meshing curve 7857 (Line)
Info    : [ 70%] Meshing curve 7858 (TrimmedCurve)
Info    : [ 70%] Meshing curve 7859 (Line)
Info    : [ 70%] Meshing curve 7860 (TrimmedCurve)
Info    : [ 70%] Meshing curve 7861 (Line)
Info    : [ 70%] Meshing curve 7862 (TrimmedCurve)
Info    : [ 70%] Meshing curve 7863 (Line)
Info    : [ 70%] Meshing curve 7864 (TrimmedCurve)
Info    : [ 70%] Meshing curve 7865 (Line)
Info    : [ 70%] Meshing curve 7866 (TrimmedCurve)
Info    : [ 70%] Meshing curve 7867 (Line)
Info    : [ 70%] Meshing curve 7868 (TrimmedCurve)
Info    : [ 70%] Meshing curve 7869 (Line)
Info    : [ 70%] Meshing curve 7870 (Line)
Info    : [ 70%] Meshing curve 7871 (TrimmedCurve)
Info    : [ 70%] Meshing curve 7872 (TrimmedCurve)
Info    : [ 70%] Meshing curve 7873 (Line)
Info    : [ 70%] Meshing curve 7874 (TrimmedCurve)
Info    : [ 70%] Meshing curve 7875 (Line)
Info    : [ 70%] Meshing curve 7876 (TrimmedCurve)
Info    : [ 70%] Meshing curve 7877 (Line)
Info    : [ 70%] Meshing curve 7878 (TrimmedCurve)
Info    : [ 70%] Meshing curve 7879 (Line)
Info    : [ 70%] Meshing curve 7880 (TrimmedCurve)
Info    : [ 70%] Meshing curve 7881 (Line)
Info    : [ 70%] Meshing curve 7882 (TrimmedCurve)
Info    : [ 70%] Meshing curve 7883 (Line)
Info    : [ 70%] Meshing curve 7884 (TrimmedCurve)
Info    : [ 70%] Meshing curve 7885 (Line)
Info    : [ 70%] Meshing curve 7886 (Line)
Info    : [ 70%] Meshing curve 7887 (Line)
Info    : [ 70%] Meshing curve 7888 (Line)
Info    : [ 70%] Meshing curve 7889 (Line)
Info    : [ 70%] Meshing curve 7890 (Line)
Info    : [ 70%] Meshing curve 7891 (Line)
Info    : [ 70%] Meshing curve 7892 (Line)
Info    : [ 70%] Meshing curve 7893 (Line)
Info    : [ 70%] Meshing curve 7894 (Line)
Info    : [ 70%] Meshing curve 7895 (Line)
Info    : [ 70%] Meshing curve 7896 (Line)
Info    : [ 70%] Meshing curve 7897 (Line)
Info    : [ 70%] Meshing curve 7898 (Line)
Info    : [ 70%] Meshing curve 7899 (Line)
Info    : [ 70%] Meshing curve 7900 (Line)
Info    : [ 70%] Meshing curve 7901 (Line)
Info    : [ 70%] Meshing curve 7902 (Line)
Info    : [ 70%] Meshing curve 7903 (Line)
Info    : [ 70%] Meshing curve 7904 (Line)
Info    : [ 70%] Meshing curve 7905 (Line)
Info    : [ 70%] Meshing curve 7906 (Line)
Info    : [ 70%] Meshing curve 7907 (Line)
Info    : [ 70%] Meshing curve 7908 (Line)
Info    : [ 70%] Meshing curve 7909 (Line)
Info    : [ 70%] Meshing curve 7910 (Line)
Info    : [ 70%] Meshing curve 7911 (Line)
Info    : [ 70%] Meshing curve 7912 (Line)
Info    : [ 70%] Meshing curve 7913 (Line)
Info    : [ 70%] Meshing curve 7914 (Line)
Info    : [ 70%] Meshing curve 7915 (Line)
Info    : [ 70%] Meshing curve 7916 (Line)
Info    : [ 70%] Meshing curve 7917 (Line)
Info    : [ 70%] Meshing curve 7918 (Line)
Info    : [ 70%] Meshing curve 7919 (Line)
Info    : [ 70%] Meshing curve 7920 (Line)
Info    : [ 70%] Meshing curve 7921 (Line)
Info    : [ 70%] Meshing curve 7922 (Line)
Info    : [ 70%] Meshing curve 7923 (Line)
Info    : [ 70%] Meshing curve 7924 (Line)
Info    : [ 70%] Meshing curve 7925 (Line)
Info    : [ 70%] Meshing curve 7926 (Line)
Info    : [ 70%] Meshing curve 7927 (Line)
Info    : [ 70%] Meshing curve 7928 (Line)
Info    : [ 70%] Meshing curve 7929 (Line)
Info    : [ 70%] Meshing curve 7930 (Line)
Info    : [ 70%] Meshing curve 7931 (Line)
Info    : [ 70%] Meshing curve 7932 (Line)
Info    : [ 70%] Meshing curve 7933 (Line)
Info    : [ 70%] Meshing curve 7934 (Line)
Info    : [ 70%] Meshing curve 7935 (Line)
Info    : [ 70%] Meshing curve 7936 (Line)
Info    : [ 70%] Meshing curve 7937 (Line)
Info    : [ 70%] Meshing curve 7938 (Line)
Info    : [ 70%] Meshing curve 7939 (Line)
Info    : [ 70%] Meshing curve 7940 (Line)
Info    : [ 70%] Meshing curve 7941 (Line)
Info    : [ 70%] Meshing curve 7942 (Line)
Info    : [ 70%] Meshing curve 7943 (Line)
Info    : [ 70%] Meshing curve 7944 (Line)
Info    : [ 70%] Meshing curve 7945 (Line)
Info    : [ 70%] Meshing curve 7946 (Line)
Info    : [ 70%] Meshing curve 7947 (Line)
Info    : [ 70%] Meshing curve 7948 (Line)
Info    : [ 70%] Meshing curve 7949 (Line)
Info    : [ 70%] Meshing curve 7950 (Line)
Info    : [ 70%] Meshing curve 7951 (Line)
Info    : [ 70%] Meshing curve 7952 (Line)
Info    : [ 70%] Meshing curve 7953 (Line)
Info    : [ 70%] Meshing curve 7954 (Line)
Info    : [ 70%] Meshing curve 7955 (Line)
Info    : [ 70%] Meshing curve 7956 (Line)
Info    : [ 70%] Meshing curve 7957 (Line)
Info    : [ 70%] Meshing curve 7958 (Line)
Info    : [ 70%] Meshing curve 7959 (Line)
Info    : [ 70%] Meshing curve 7960 (Line)
Info    : [ 70%] Meshing curve 7961 (Line)
Info    : [ 70%] Meshing curve 7962 (Line)
Info    : [ 70%] Meshing curve 7963 (Line)
Info    : [ 70%] Meshing curve 7964 (Line)
Info    : [ 70%] Meshing curve 7965 (Line)
Info    : [ 70%] Meshing curve 7966 (Line)
Info    : [ 70%] Meshing curve 7967 (Line)
Info    : [ 70%] Meshing curve 7968 (Line)
Info    : [ 70%] Meshing curve 7969 (Line)
Info    : [ 70%] Meshing curve 7970 (Line)
Info    : [ 70%] Meshing curve 7971 (Line)
Info    : [ 70%] Meshing curve 7972 (Line)
Info    : [ 70%] Meshing curve 7973 (Line)
Info    : [ 70%] Meshing curve 7974 (Line)
Info    : [ 70%] Meshing curve 7975 (Line)
Info    : [ 70%] Meshing curve 7976 (Line)
Info    : [ 70%] Meshing curve 7977 (Line)
Info    : [ 70%] Meshing curve 7978 (Line)
Info    : [ 70%] Meshing curve 7979 (Line)
Info    : [ 70%] Meshing curve 7980 (Line)
Info    : [ 70%] Meshing curve 7981 (Line)
Info    : [ 70%] Meshing curve 7982 (Line)
Info    : [ 70%] Meshing curve 7983 (Line)
Info    : [ 70%] Meshing curve 7984 (Line)
Info    : [ 70%] Meshing curve 7985 (Line)
Info    : [ 70%] Meshing curve 7986 (Line)
Info    : [ 70%] Meshing curve 7987 (Line)
Info    : [ 70%] Meshing curve 7988 (Line)
Info    : [ 70%] Meshing curve 7989 (Line)
Info    : [ 70%] Meshing curve 7990 (Line)
Info    : [ 70%] Meshing curve 7991 (Line)
Info    : [ 70%] Meshing curve 7992 (Line)
Info    : [ 70%] Meshing curve 7993 (Line)
Info    : [ 70%] Meshing curve 7994 (Line)
Info    : [ 70%] Meshing curve 7995 (Line)
Info    : [ 70%] Meshing curve 7996 (Line)
Info    : [ 70%] Meshing curve 7997 (Line)
Info    : [ 70%] Meshing curve 7998 (Line)
Info    : [ 70%] Meshing curve 7999 (Line)
Info    : [ 70%] Meshing curve 8000 (Line)
Info    : [ 70%] Meshing curve 8001 (Line)
Info    : [ 70%] Meshing curve 8002 (Line)
Info    : [ 70%] Meshing curve 8003 (Line)
Info    : [ 70%] Meshing curve 8004 (Line)
Info    : [ 70%] Meshing curve 8005 (Line)
Info    : [ 70%] Meshing curve 8006 (Line)
Info    : [ 70%] Meshing curve 8007 (Line)
Info    : [ 70%] Meshing curve 8008 (Line)
Info    : [ 70%] Meshing curve 8009 (Line)
Info    : [ 70%] Meshing curve 8010 (Line)
Info    : [ 70%] Meshing curve 8011 (Line)
Info    : [ 70%] Meshing curve 8012 (Line)
Info    : [ 70%] Meshing curve 8013 (Line)
Info    : [ 70%] Meshing curve 8014 (Line)
Info    : [ 70%] Meshing curve 8016 (Line)
Info    : [ 70%] Meshing curve 8017 (Line)
Info    : [ 70%] Meshing curve 8015 (Line)
Info    : [ 70%] Meshing curve 8018 (Line)
Info    : [ 70%] Meshing curve 8019 (Line)
Info    : [ 70%] Meshing curve 8020 (Line)
Info    : [ 70%] Meshing curve 8021 (Line)
Info    : [ 70%] Meshing curve 8022 (Line)
Info    : [ 70%] Meshing curve 8023 (Line)
Info    : [ 70%] Meshing curve 8024 (Line)
Info    : [ 70%] Meshing curve 8025 (Line)
Info    : [ 70%] Meshing curve 8026 (Line)
Info    : [ 70%] Meshing curve 8027 (Line)
Info    : [ 70%] Meshing curve 8028 (Line)
Info    : [ 70%] Meshing curve 8029 (Line)
Info    : [ 70%] Meshing curve 8030 (Line)
Info    : [ 70%] Meshing curve 8031 (Line)
Info    : [ 70%] Meshing curve 8032 (Line)
Info    : [ 70%] Meshing curve 8033 (Line)
Info    : [ 70%] Meshing curve 8034 (Line)
Info    : [ 70%] Meshing curve 8035 (Line)
Info    : [ 70%] Meshing curve 8036 (Line)
Info    : [ 70%] Meshing curve 8037 (Line)
Info    : [ 70%] Meshing curve 8038 (Line)
Info    : [ 70%] Meshing curve 8039 (Line)
Info    : [ 70%] Meshing curve 8040 (Line)
Info    : [ 70%] Meshing curve 8041 (Line)
Info    : [ 70%] Meshing curve 8042 (Line)
Info    : [ 70%] Meshing curve 8043 (Line)
Info    : [ 70%] Meshing curve 8044 (Line)
Info    : [ 70%] Meshing curve 8045 (Line)
Info    : [ 70%] Meshing curve 8046 (Line)
Info    : [ 70%] Meshing curve 8047 (Line)
Info    : [ 70%] Meshing curve 8048 (Line)
Info    : [ 80%] Meshing curve 8049 (Line)
Info    : [ 80%] Meshing curve 8050 (Line)
Info    : [ 80%] Meshing curve 8051 (Line)
Info    : [ 80%] Meshing curve 8052 (Line)
Info    : [ 80%] Meshing curve 8053 (Line)
Info    : [ 80%] Meshing curve 8054 (Line)
Info    : [ 80%] Meshing curve 8055 (Line)
Info    : [ 80%] Meshing curve 8056 (Line)
Info    : [ 80%] Meshing curve 8057 (Line)
Info    : [ 80%] Meshing curve 8058 (Line)
Info    : [ 80%] Meshing curve 8059 (Line)
Info    : [ 80%] Meshing curve 8060 (Line)
Info    : [ 80%] Meshing curve 8061 (Line)
Info    : [ 80%] Meshing curve 8062 (Line)
Info    : [ 80%] Meshing curve 8063 (Line)
Info    : [ 80%] Meshing curve 8064 (Line)
Info    : [ 80%] Meshing curve 8065 (Line)
Info    : [ 80%] Meshing curve 8066 (Line)
Info    : [ 80%] Meshing curve 8067 (Line)
Info    : [ 80%] Meshing curve 8068 (Line)
Info    : [ 80%] Meshing curve 8069 (Line)
Info    : [ 80%] Meshing curve 8070 (Line)
Info    : [ 80%] Meshing curve 8071 (Line)
Info    : [ 80%] Meshing curve 8072 (Line)
Info    : [ 80%] Meshing curve 8073 (Line)
Info    : [ 80%] Meshing curve 8074 (Line)
Info    : [ 80%] Meshing curve 8075 (Line)
Info    : [ 80%] Meshing curve 8076 (Line)
Info    : [ 80%] Meshing curve 8077 (Line)
Info    : [ 80%] Meshing curve 8078 (Line)
Info    : [ 80%] Meshing curve 8079 (Line)
Info    : [ 80%] Meshing curve 8080 (Line)
Info    : [ 80%] Meshing curve 8081 (Line)
Info    : [ 80%] Meshing curve 8082 (Line)
Info    : [ 80%] Meshing curve 8083 (Line)
Info    : [ 80%] Meshing curve 8085 (Line)
Info    : [ 80%] Meshing curve 8084 (Line)
Info    : [ 80%] Meshing curve 8086 (Line)
Info    : [ 80%] Meshing curve 8087 (Line)
Info    : [ 80%] Meshing curve 8088 (Line)
Info    : [ 80%] Meshing curve 8089 (Line)
Info    : [ 80%] Meshing curve 8090 (Line)
Info    : [ 80%] Meshing curve 8091 (Line)
Info    : [ 80%] Meshing curve 8092 (Line)
Info    : [ 80%] Meshing curve 8093 (Line)
Info    : [ 80%] Meshing curve 8094 (Line)
Info    : [ 80%] Meshing curve 8095 (Line)
Info    : [ 80%] Meshing curve 8096 (Line)
Info    : [ 80%] Meshing curve 8097 (Line)
Info    : [ 80%] Meshing curve 8098 (Line)
Info    : [ 80%] Meshing curve 8099 (Line)
Info    : [ 80%] Meshing curve 8100 (Line)
Info    : [ 80%] Meshing curve 8101 (Line)
Info    : [ 80%] Meshing curve 8102 (Line)
Info    : [ 80%] Meshing curve 8103 (Line)
Info    : [ 80%] Meshing curve 8104 (Line)
Info    : [ 80%] Meshing curve 8105 (Line)
Info    : [ 80%] Meshing curve 8106 (Line)
Info    : [ 80%] Meshing curve 8107 (Line)
Info    : [ 80%] Meshing curve 8108 (Line)
Info    : [ 80%] Meshing curve 8109 (Line)
Info    : [ 80%] Meshing curve 8110 (Line)
Info    : [ 80%] Meshing curve 8111 (Line)
Info    : [ 80%] Meshing curve 8112 (Line)
Info    : [ 80%] Meshing curve 8113 (Line)
Info    : [ 80%] Meshing curve 8114 (Line)
Info    : [ 80%] Meshing curve 8115 (Line)
Info    : [ 80%] Meshing curve 8116 (Line)
Info    : [ 80%] Meshing curve 8117 (Line)
Info    : [ 80%] Meshing curve 8118 (Line)
Info    : [ 80%] Meshing curve 8119 (Line)
Info    : [ 80%] Meshing curve 8120 (Line)
Info    : [ 80%] Meshing curve 8121 (Line)
Info    : [ 80%] Meshing curve 8122 (Line)
Info    : [ 80%] Meshing curve 8123 (Line)
Info    : [ 80%] Meshing curve 8124 (Line)
Info    : [ 80%] Meshing curve 8125 (Line)
Info    : [ 80%] Meshing curve 8126 (Line)
Info    : [ 80%] Meshing curve 8127 (Line)
Info    : [ 80%] Meshing curve 8128 (Line)
Info    : [ 80%] Meshing curve 8129 (Line)
Info    : [ 80%] Meshing curve 8130 (Line)
Info    : [ 80%] Meshing curve 8131 (Line)
Info    : [ 80%] Meshing curve 8132 (Line)
Info    : [ 80%] Meshing curve 8133 (Line)
Info    : [ 80%] Meshing curve 8134 (Line)
Info    : [ 80%] Meshing curve 8135 (Line)
Info    : [ 80%] Meshing curve 8136 (Line)
Info    : [ 80%] Meshing curve 8137 (Line)
Info    : [ 80%] Meshing curve 8138 (Line)
Info    : [ 80%] Meshing curve 8139 (Line)
Info    : [ 80%] Meshing curve 8140 (Line)
Info    : [ 80%] Meshing curve 8141 (Line)
Info    : [ 80%] Meshing curve 8142 (Line)
Info    : [ 80%] Meshing curve 8143 (Line)
Info    : [ 80%] Meshing curve 8144 (Line)
Info    : [ 80%] Meshing curve 8145 (Line)
Info    : [ 80%] Meshing curve 8146 (Line)
Info    : [ 80%] Meshing curve 8147 (Line)
Info    : [ 80%] Meshing curve 8148 (Line)
Info    : [ 80%] Meshing curve 8149 (Line)
Info    : [ 80%] Meshing curve 8150 (Line)
Info    : [ 80%] Meshing curve 8151 (Line)
Info    : [ 80%] Meshing curve 8152 (Line)
Info    : [ 80%] Meshing curve 8153 (Line)
Info    : [ 80%] Meshing curve 8154 (Line)
Info    : [ 80%] Meshing curve 8155 (Line)
Info    : [ 80%] Meshing curve 8156 (Line)
Info    : [ 80%] Meshing curve 8157 (Line)
Info    : [ 80%] Meshing curve 8158 (Line)
Info    : [ 80%] Meshing curve 8159 (Line)
Info    : [ 80%] Meshing curve 8160 (Line)
Info    : [ 80%] Meshing curve 8161 (Line)
Info    : [ 80%] Meshing curve 8162 (Line)
Info    : [ 80%] Meshing curve 8163 (Line)
Info    : [ 80%] Meshing curve 8164 (Line)
Info    : [ 80%] Meshing curve 8165 (Line)
Info    : [ 80%] Meshing curve 8166 (Line)
Info    : [ 80%] Meshing curve 8167 (Line)
Info    : [ 80%] Meshing curve 8168 (Line)
Info    : [ 80%] Meshing curve 8169 (Line)
Info    : [ 80%] Meshing curve 8170 (Line)
Info    : [ 80%] Meshing curve 8171 (Line)
Info    : [ 80%] Meshing curve 8172 (Line)
Info    : [ 80%] Meshing curve 8173 (Line)
Info    : [ 80%] Meshing curve 8174 (Line)
Info    : [ 80%] Meshing curve 8175 (Line)
Info    : [ 80%] Meshing curve 8176 (Line)
Info    : [ 80%] Meshing curve 8177 (Line)
Info    : [ 80%] Meshing curve 8178 (Line)
Info    : [ 80%] Meshing curve 8179 (Line)
Info    : [ 80%] Meshing curve 8180 (Line)
Info    : [ 80%] Meshing curve 8181 (Line)
Info    : [ 80%] Meshing curve 8182 (Line)
Info    : [ 80%] Meshing curve 8183 (Line)
Info    : [ 80%] Meshing curve 8184 (Line)
Info    : [ 80%] Meshing curve 8185 (Line)
Info    : [ 80%] Meshing curve 8186 (Line)
Info    : [ 80%] Meshing curve 8187 (Line)
Info    : [ 80%] Meshing curve 8188 (Line)
Info    : [ 80%] Meshing curve 8189 (Line)
Info    : [ 80%] Meshing curve 8191 (Line)
Info    : [ 80%] Meshing curve 8190 (Line)
Info    : [ 80%] Meshing curve 8192 (Line)
Info    : [ 80%] Meshing curve 8193 (Line)
Info    : [ 80%] Meshing curve 8194 (Line)
Info    : [ 80%] Meshing curve 8195 (Line)
Info    : [ 80%] Meshing curve 8196 (Line)
Info    : [ 80%] Meshing curve 8197 (Line)
Info    : [ 80%] Meshing curve 8198 (Line)
Info    : [ 80%] Meshing curve 8199 (Line)
Info    : [ 80%] Meshing curve 8200 (Line)
Info    : [ 80%] Meshing curve 8201 (Line)
Info    : [ 80%] Meshing curve 8202 (Line)
Info    : [ 80%] Meshing curve 8203 (Line)
Info    : [ 80%] Meshing curve 8204 (Line)
Info    : [ 80%] Meshing curve 8205 (Line)
Info    : [ 80%] Meshing curve 8206 (Line)
Info    : [ 80%] Meshing curve 8207 (Line)
Info    : [ 80%] Meshing curve 8208 (Line)
Info    : [ 80%] Meshing curve 8209 (Line)
Info    : [ 80%] Meshing curve 8210 (Line)
Info    : [ 80%] Meshing curve 8211 (Line)
Info    : [ 80%] Meshing curve 8212 (Line)
Info    : [ 80%] Meshing curve 8213 (Line)
Info    : [ 80%] Meshing curve 8214 (Line)
Info    : [ 80%] Meshing curve 8215 (Line)
Info    : [ 80%] Meshing curve 8216 (Line)
Info    : [ 80%] Meshing curve 8217 (Line)
Info    : [ 80%] Meshing curve 8218 (Line)
Info    : [ 80%] Meshing curve 8219 (Line)
Info    : [ 80%] Meshing curve 8220 (Line)
Info    : [ 80%] Meshing curve 8221 (Line)
Info    : [ 80%] Meshing curve 8222 (Line)
Info    : [ 80%] Meshing curve 8223 (Line)
Info    : [ 80%] Meshing curve 8224 (Line)
Info    : [ 80%] Meshing curve 8225 (Line)
Info    : [ 80%] Meshing curve 8226 (Line)
Info    : [ 80%] Meshing curve 8227 (Line)
Info    : [ 80%] Meshing curve 8228 (Line)
Info    : [ 80%] Meshing curve 8229 (Line)
Info    : [ 80%] Meshing curve 8230 (Line)
Info    : [ 80%] Meshing curve 8231 (Line)
Info    : [ 80%] Meshing curve 8232 (Line)
Info    : [ 80%] Meshing curve 8233 (Line)
Info    : [ 80%] Meshing curve 8234 (Line)
Info    : [ 80%] Meshing curve 8235 (Line)
Info    : [ 80%] Meshing curve 8236 (Line)
Info    : [ 80%] Meshing curve 8237 (Line)
Info    : [ 80%] Meshing curve 8238 (Line)
Info    : [ 80%] Meshing curve 8239 (Line)
Info    : [ 80%] Meshing curve 8240 (Line)
Info    : [ 80%] Meshing curve 8241 (Line)
Info    : [ 80%] Meshing curve 8242 (Line)
Info    : [ 80%] Meshing curve 8243 (Line)
Info    : [ 80%] Meshing curve 8244 (Line)
Info    : [ 80%] Meshing curve 8245 (Line)
Info    : [ 80%] Meshing curve 8246 (Line)
Info    : [ 80%] Meshing curve 8247 (Line)
Info    : [ 80%] Meshing curve 8248 (Line)
Info    : [ 80%] Meshing curve 8249 (Line)
Info    : [ 80%] Meshing curve 8250 (Line)
Info    : [ 80%] Meshing curve 8251 (Line)
Info    : [ 80%] Meshing curve 8252 (Line)
Info    : [ 80%] Meshing curve 8253 (Line)
Info    : [ 80%] Meshing curve 8254 (Line)
Info    : [ 80%] Meshing curve 8255 (Line)
Info    : [ 80%] Meshing curve 8256 (Line)
Info    : [ 80%] Meshing curve 8257 (Line)
Info    : [ 80%] Meshing curve 8258 (Line)
Info    : [ 80%] Meshing curve 8259 (Line)
Info    : [ 80%] Meshing curve 8260 (Line)
Info    : [ 80%] Meshing curve 8262 (Line)
Info    : [ 80%] Meshing curve 8263 (Line)
Info    : [ 80%] Meshing curve 8264 (Line)
Info    : [ 80%] Meshing curve 8261 (Line)
Info    : [ 80%] Meshing curve 8265 (Line)
Info    : [ 80%] Meshing curve 8266 (Line)
Info    : [ 80%] Meshing curve 8267 (Line)
Info    : [ 80%] Meshing curve 8268 (Line)
Info    : [ 80%] Meshing curve 8269 (Line)
Info    : [ 80%] Meshing curve 8270 (Line)
Info    : [ 80%] Meshing curve 8271 (Line)
Info    : [ 80%] Meshing curve 8272 (Line)
Info    : [ 80%] Meshing curve 8273 (Line)
Info    : [ 80%] Meshing curve 8274 (Line)
Info    : [ 80%] Meshing curve 8275 (Line)
Info    : [ 80%] Meshing curve 8276 (Line)
Info    : [ 80%] Meshing curve 8277 (Line)
Info    : [ 80%] Meshing curve 8278 (Line)
Info    : [ 80%] Meshing curve 8279 (Line)
Info    : [ 80%] Meshing curve 8280 (Line)
Info    : [ 80%] Meshing curve 8281 (Line)
Info    : [ 80%] Meshing curve 8282 (Line)
Info    : [ 80%] Meshing curve 8283 (Line)
Info    : [ 80%] Meshing curve 8284 (Line)
Info    : [ 80%] Meshing curve 8285 (Line)
Info    : [ 80%] Meshing curve 8286 (Line)
Info    : [ 80%] Meshing curve 8287 (Line)
Info    : [ 80%] Meshing curve 8288 (Line)
Info    : [ 80%] Meshing curve 8289 (Line)
Info    : [ 80%] Meshing curve 8290 (Line)
Info    : [ 80%] Meshing curve 8291 (Line)
Info    : [ 80%] Meshing curve 8292 (Line)
Info    : [ 80%] Meshing curve 8293 (Line)
Info    : [ 80%] Meshing curve 8294 (Line)
Info    : [ 80%] Meshing curve 8295 (Line)
Info    : [ 80%] Meshing curve 8296 (Line)
Info    : [ 80%] Meshing curve 8297 (Line)
Info    : [ 80%] Meshing curve 8298 (Line)
Info    : [ 80%] Meshing curve 8299 (Line)
Info    : [ 80%] Meshing curve 8300 (Line)
Info    : [ 80%] Meshing curve 8301 (Line)
Info    : [ 80%] Meshing curve 8302 (Line)
Info    : [ 80%] Meshing curve 8303 (Line)
Info    : [ 80%] Meshing curve 8304 (Line)
Info    : [ 80%] Meshing curve 8305 (Line)
Info    : [ 80%] Meshing curve 8306 (Line)
Info    : [ 80%] Meshing curve 8307 (Line)
Info    : [ 80%] Meshing curve 8308 (Line)
Info    : [ 80%] Meshing curve 8310 (Line)
Info    : [ 80%] Meshing curve 8309 (Line)
Info    : [ 80%] Meshing curve 8311 (Line)
Info    : [ 80%] Meshing curve 8312 (Line)
Info    : [ 80%] Meshing curve 8313 (Line)
Info    : [ 80%] Meshing curve 8314 (Line)
Info    : [ 80%] Meshing curve 8315 (Line)
Info    : [ 80%] Meshing curve 8316 (Line)
Info    : [ 80%] Meshing curve 8317 (Line)
Info    : [ 80%] Meshing curve 8318 (Line)
Info    : [ 80%] Meshing curve 8319 (Line)
Info    : [ 80%] Meshing curve 8320 (Line)
Info    : [ 80%] Meshing curve 8321 (Line)
Info    : [ 80%] Meshing curve 8322 (Line)
Info    : [ 80%] Meshing curve 8323 (Line)
Info    : [ 80%] Meshing curve 8324 (Line)
Info    : [ 80%] Meshing curve 8325 (Line)
Info    : [ 80%] Meshing curve 8326 (Line)
Info    : [ 80%] Meshing curve 8327 (Line)
Info    : [ 80%] Meshing curve 8328 (Line)
Info    : [ 80%] Meshing curve 8329 (Line)
Info    : [ 80%] Meshing curve 8330 (Line)
Info    : [ 80%] Meshing curve 8331 (Line)
Info    : [ 80%] Meshing curve 8332 (Line)
Info    : [ 80%] Meshing curve 8333 (Line)
Info    : [ 80%] Meshing curve 8334 (Line)
Info    : [ 80%] Meshing curve 8335 (Line)
Info    : [ 80%] Meshing curve 8336 (Line)
Info    : [ 80%] Meshing curve 8337 (Line)
Info    : [ 80%] Meshing curve 8338 (Line)
Info    : [ 80%] Meshing curve 8339 (Line)
Info    : [ 80%] Meshing curve 8340 (Line)
Info    : [ 80%] Meshing curve 8341 (Line)
Info    : [ 80%] Meshing curve 8342 (Line)
Info    : [ 80%] Meshing curve 8343 (Line)
Info    : [ 80%] Meshing curve 8344 (Line)
Info    : [ 80%] Meshing curve 8345 (Line)
Info    : [ 80%] Meshing curve 8346 (Line)
Info    : [ 80%] Meshing curve 8347 (Line)
Info    : [ 80%] Meshing curve 8348 (Line)
Info    : [ 80%] Meshing curve 8349 (Line)
Info    : [ 80%] Meshing curve 8350 (Line)
Info    : [ 80%] Meshing curve 8351 (Line)
Info    : [ 80%] Meshing curve 8352 (Line)
Info    : [ 80%] Meshing curve 8353 (Line)
Info    : [ 80%] Meshing curve 8354 (Line)
Info    : [ 80%] Meshing curve 8355 (Line)
Info    : [ 80%] Meshing curve 8356 (Line)
Info    : [ 80%] Meshing curve 8357 (Line)
Info    : [ 80%] Meshing curve 8358 (Line)
Info    : [ 80%] Meshing curve 8359 (Line)
Info    : [ 80%] Meshing curve 8360 (Line)
Info    : [ 80%] Meshing curve 8361 (Line)
Info    : [ 80%] Meshing curve 8362 (Line)
Info    : [ 80%] Meshing curve 8363 (Line)
Info    : [ 80%] Meshing curve 8364 (Line)
Info    : [ 80%] Meshing curve 8365 (Line)
Info    : [ 80%] Meshing curve 8366 (Line)
Info    : [ 80%] Meshing curve 8367 (Line)
Info    : [ 80%] Meshing curve 8368 (Line)
Info    : [ 80%] Meshing curve 8369 (Line)
Info    : [ 80%] Meshing curve 8370 (Line)
Info    : [ 80%] Meshing curve 8371 (Line)
Info    : [ 80%] Meshing curve 8372 (Line)
Info    : [ 80%] Meshing curve 8373 (Line)
Info    : [ 80%] Meshing curve 8374 (Line)
Info    : [ 80%] Meshing curve 8375 (Line)
Info    : [ 80%] Meshing curve 8376 (Line)
Info    : [ 80%] Meshing curve 8377 (Line)
Info    : [ 80%] Meshing curve 8378 (Line)
Info    : [ 80%] Meshing curve 8379 (Line)
Info    : [ 80%] Meshing curve 8380 (Line)
Info    : [ 80%] Meshing curve 8381 (Line)
Info    : [ 80%] Meshing curve 8382 (Line)
Info    : [ 80%] Meshing curve 8383 (Line)
Info    : [ 80%] Meshing curve 8384 (Line)
Info    : [ 80%] Meshing curve 8385 (Line)
Info    : [ 80%] Meshing curve 8386 (Line)
Info    : [ 80%] Meshing curve 8387 (Line)
Info    : [ 80%] Meshing curve 8388 (Line)
Info    : [ 80%] Meshing curve 8389 (Line)
Info    : [ 80%] Meshing curve 8390 (Line)
Info    : [ 80%] Meshing curve 8391 (Line)
Info    : [ 80%] Meshing curve 8392 (Line)
Info    : [ 80%] Meshing curve 8393 (Line)
Info    : [ 80%] Meshing curve 8394 (Line)
Info    : [ 80%] Meshing curve 8395 (Line)
Info    : [ 80%] Meshing curve 8396 (Line)
Info    : [ 80%] Meshing curve 8397 (Line)
Info    : [ 80%] Meshing curve 8398 (Line)
Info    : [ 80%] Meshing curve 8399 (Line)
Info    : [ 80%] Meshing curve 8400 (Line)
Info    : [ 80%] Meshing curve 8401 (Line)
Info    : [ 80%] Meshing curve 8402 (Line)
Info    : [ 80%] Meshing curve 8403 (Line)
Info    : [ 80%] Meshing curve 8404 (Line)
Info    : [ 80%] Meshing curve 8405 (Line)
Info    : [ 80%] Meshing curve 8406 (Line)
Info    : [ 80%] Meshing curve 8407 (Line)
Info    : [ 80%] Meshing curve 8408 (Line)
Info    : [ 80%] Meshing curve 8409 (Line)
Info    : [ 80%] Meshing curve 8410 (Line)
Info    : [ 80%] Meshing curve 8411 (Line)
Info    : [ 80%] Meshing curve 8412 (Line)
Info    : [ 80%] Meshing curve 8413 (Line)
Info    : [ 80%] Meshing curve 8414 (Line)
Info    : [ 80%] Meshing curve 8415 (Line)
Info    : [ 80%] Meshing curve 8416 (Line)
Info    : [ 80%] Meshing curve 8417 (Line)
Info    : [ 80%] Meshing curve 8418 (Line)
Info    : [ 80%] Meshing curve 8419 (Line)
Info    : [ 80%] Meshing curve 8420 (Line)
Info    : [ 80%] Meshing curve 8421 (Line)
Info    : [ 80%] Meshing curve 8422 (Line)
Info    : [ 80%] Meshing curve 8423 (Line)
Info    : [ 80%] Meshing curve 8424 (Line)
Info    : [ 80%] Meshing curve 8425 (Line)
Info    : [ 80%] Meshing curve 8426 (Line)
Info    : [ 80%] Meshing curve 8427 (Line)
Info    : [ 80%] Meshing curve 8428 (Line)
Info    : [ 80%] Meshing curve 8429 (Line)
Info    : [ 80%] Meshing curve 8430 (Line)
Info    : [ 80%] Meshing curve 8431 (Line)
Info    : [ 80%] Meshing curve 8432 (Line)
Info    : [ 80%] Meshing curve 8433 (Line)
Info    : [ 80%] Meshing curve 8434 (Line)
Info    : [ 80%] Meshing curve 8435 (Line)
Info    : [ 80%] Meshing curve 8436 (Line)
Info    : [ 80%] Meshing curve 8437 (Line)
Info    : [ 80%] Meshing curve 8438 (Line)
Info    : [ 80%] Meshing curve 8439 (Line)
Info    : [ 80%] Meshing curve 8440 (Line)
Info    : [ 80%] Meshing curve 8441 (Line)
Info    : [ 80%] Meshing curve 8442 (Line)
Info    : [ 80%] Meshing curve 8443 (Line)
Info    : [ 80%] Meshing curve 8444 (Line)
Info    : [ 80%] Meshing curve 8445 (Line)
Info    : [ 80%] Meshing curve 8446 (Line)
Info    : [ 80%] Meshing curve 8447 (Line)
Info    : [ 80%] Meshing curve 8448 (Line)
Info    : [ 80%] Meshing curve 8449 (Line)
Info    : [ 80%] Meshing curve 8450 (Line)
Info    : [ 80%] Meshing curve 8451 (Line)
Info    : [ 80%] Meshing curve 8452 (Line)
Info    : [ 80%] Meshing curve 8453 (Line)
Info    : [ 80%] Meshing curve 8454 (Line)
Info    : [ 80%] Meshing curve 8455 (Line)
Info    : [ 80%] Meshing curve 8456 (Line)
Info    : [ 80%] Meshing curve 8457 (Line)
Info    : [ 80%] Meshing curve 8458 (Line)
Info    : [ 80%] Meshing curve 8459 (Line)
Info    : [ 80%] Meshing curve 8460 (Line)
Info    : [ 80%] Meshing curve 8461 (Line)
Info    : [ 80%] Meshing curve 8462 (Line)
Info    : [ 80%] Meshing curve 8463 (Line)
Info    : [ 80%] Meshing curve 8464 (Line)
Info    : [ 80%] Meshing curve 8465 (Line)
Info    : [ 80%] Meshing curve 8466 (Line)
Info    : [ 80%] Meshing curve 8467 (Line)
Info    : [ 80%] Meshing curve 8468 (Line)
Info    : [ 80%] Meshing curve 8469 (Line)
Info    : [ 80%] Meshing curve 8470 (Line)
Info    : [ 80%] Meshing curve 8471 (Line)
Info    : [ 80%] Meshing curve 8472 (Line)
Info    : [ 80%] Meshing curve 8473 (Line)
Info    : [ 80%] Meshing curve 8474 (Line)
Info    : [ 80%] Meshing curve 8475 (Line)
Info    : [ 80%] Meshing curve 8476 (Line)
Info    : [ 80%] Meshing curve 8477 (Line)
Info    : [ 80%] Meshing curve 8478 (Line)
Info    : [ 80%] Meshing curve 8479 (Line)
Info    : [ 80%] Meshing curve 8480 (Line)
Info    : [ 80%] Meshing curve 8481 (Line)
Info    : [ 80%] Meshing curve 8482 (Line)
Info    : [ 80%] Meshing curve 8483 (Line)
Info    : [ 80%] Meshing curve 8484 (Line)
Info    : [ 80%] Meshing curve 8485 (Line)
Info    : [ 80%] Meshing curve 8486 (Line)
Info    : [ 80%] Meshing curve 8487 (Line)
Info    : [ 80%] Meshing curve 8488 (Line)
Info    : [ 80%] Meshing curve 8489 (Line)
Info    : [ 80%] Meshing curve 8490 (Line)
Info    : [ 80%] Meshing curve 8491 (Line)
Info    : [ 80%] Meshing curve 8492 (Line)
Info    : [ 80%] Meshing curve 8493 (Line)
Info    : [ 80%] Meshing curve 8494 (Line)
Info    : [ 80%] Meshing curve 8495 (Line)
Info    : [ 80%] Meshing curve 8496 (Line)
Info    : [ 80%] Meshing curve 8497 (Line)
Info    : [ 80%] Meshing curve 8498 (Line)
Info    : [ 80%] Meshing curve 8499 (Line)
Info    : [ 80%] Meshing curve 8500 (Line)
Info    : [ 80%] Meshing curve 8501 (Line)
Info    : [ 80%] Meshing curve 8502 (Line)
Info    : [ 80%] Meshing curve 8503 (Line)
Info    : [ 80%] Meshing curve 8504 (Line)
Info    : [ 80%] Meshing curve 8505 (Line)
Info    : [ 80%] Meshing curve 8506 (Line)
Info    : [ 80%] Meshing curve 8507 (Line)
Info    : [ 80%] Meshing curve 8508 (Line)
Info    : [ 80%] Meshing curve 8509 (Line)
Info    : [ 80%] Meshing curve 8510 (Line)
Info    : [ 80%] Meshing curve 8511 (Line)
Info    : [ 80%] Meshing curve 8512 (Line)
Info    : [ 80%] Meshing curve 8513 (Line)
Info    : [ 80%] Meshing curve 8514 (Line)
Info    : [ 80%] Meshing curve 8515 (Line)
Info    : [ 80%] Meshing curve 8516 (Line)
Info    : [ 80%] Meshing curve 8517 (Line)
Info    : [ 80%] Meshing curve 8518 (Line)
Info    : [ 80%] Meshing curve 8519 (Line)
Info    : [ 80%] Meshing curve 8520 (Line)
Info    : [ 80%] Meshing curve 8521 (Line)
Info    : [ 80%] Meshing curve 8522 (Line)
Info    : [ 80%] Meshing curve 8523 (Line)
Info    : [ 80%] Meshing curve 8524 (Line)
Info    : [ 80%] Meshing curve 8525 (Line)
Info    : [ 80%] Meshing curve 8526 (Line)
Info    : [ 80%] Meshing curve 8527 (Line)
Info    : [ 80%] Meshing curve 8528 (Line)
Info    : [ 80%] Meshing curve 8529 (Line)
Info    : [ 80%] Meshing curve 8530 (Line)
Info    : [ 80%] Meshing curve 8531 (Line)
Info    : [ 80%] Meshing curve 8532 (Line)
Info    : [ 80%] Meshing curve 8533 (Line)
Info    : [ 80%] Meshing curve 8534 (Line)
Info    : [ 80%] Meshing curve 8535 (Line)
Info    : [ 80%] Meshing curve 8536 (Line)
Info    : [ 80%] Meshing curve 8537 (Line)
Info    : [ 80%] Meshing curve 8538 (Line)
Info    : [ 80%] Meshing curve 8539 (Line)
Info    : [ 80%] Meshing curve 8540 (Line)
Info    : [ 80%] Meshing curve 8541 (Line)
Info    : [ 80%] Meshing curve 8542 (Line)
Info    : [ 80%] Meshing curve 8543 (Line)
Info    : [ 80%] Meshing curve 8544 (Line)
Info    : [ 80%] Meshing curve 8545 (Line)
Info    : [ 80%] Meshing curve 8546 (Line)
Info    : [ 80%] Meshing curve 8547 (Line)
Info    : [ 80%] Meshing curve 8548 (Line)
Info    : [ 80%] Meshing curve 8549 (Line)
Info    : [ 80%] Meshing curve 8550 (Line)
Info    : [ 80%] Meshing curve 8551 (Line)
Info    : [ 80%] Meshing curve 8552 (Line)
Info    : [ 80%] Meshing curve 8553 (Line)
Info    : [ 80%] Meshing curve 8554 (Line)
Info    : [ 80%] Meshing curve 8555 (Line)
Info    : [ 80%] Meshing curve 8556 (Line)
Info    : [ 80%] Meshing curve 8557 (Line)
Info    : [ 80%] Meshing curve 8558 (Line)
Info    : [ 80%] Meshing curve 8559 (Line)
Info    : [ 80%] Meshing curve 8560 (Line)
Info    : [ 80%] Meshing curve 8561 (Line)
Info    : [ 80%] Meshing curve 8562 (Line)
Info    : [ 80%] Meshing curve 8563 (Line)
Info    : [ 80%] Meshing curve 8564 (Line)
Info    : [ 80%] Meshing curve 8565 (Line)
Info    : [ 80%] Meshing curve 8566 (Line)
Info    : [ 80%] Meshing curve 8567 (Line)
Info    : [ 80%] Meshing curve 8568 (Line)
Info    : [ 80%] Meshing curve 8569 (Line)
Info    : [ 80%] Meshing curve 8570 (Line)
Info    : [ 80%] Meshing curve 8571 (Line)
Info    : [ 80%] Meshing curve 8572 (Line)
Info    : [ 80%] Meshing curve 8573 (Line)
Info    : [ 80%] Meshing curve 8574 (Line)
Info    : [ 80%] Meshing curve 8575 (Line)
Info    : [ 80%] Meshing curve 8576 (Line)
Info    : [ 80%] Meshing curve 8577 (Line)
Info    : [ 80%] Meshing curve 8578 (Line)
Info    : [ 80%] Meshing curve 8579 (Line)
Info    : [ 80%] Meshing curve 8580 (Line)
Info    : [ 80%] Meshing curve 8581 (Line)
Info    : [ 80%] Meshing curve 8582 (Line)
Info    : [ 80%] Meshing curve 8583 (Line)
Info    : [ 80%] Meshing curve 8584 (Line)
Info    : [ 80%] Meshing curve 8585 (Line)
Info    : [ 80%] Meshing curve 8586 (Line)
Info    : [ 80%] Meshing curve 8587 (Line)
Info    : [ 80%] Meshing curve 8588 (Line)
Info    : [ 80%] Meshing curve 8589 (Line)
Info    : [ 80%] Meshing curve 8590 (Line)
Info    : [ 80%] Meshing curve 8591 (Line)
Info    : [ 80%] Meshing curve 8592 (Line)
Info    : [ 80%] Meshing curve 8593 (Line)
Info    : [ 80%] Meshing curve 8594 (Line)
Info    : [ 80%] Meshing curve 8595 (Line)
Info    : [ 80%] Meshing curve 8596 (Line)
Info    : [ 80%] Meshing curve 8597 (Line)
Info    : [ 80%] Meshing curve 8598 (Line)
Info    : [ 80%] Meshing curve 8599 (Line)
Info    : [ 80%] Meshing curve 8600 (Line)
Info    : [ 80%] Meshing curve 8601 (Line)
Info    : [ 80%] Meshing curve 8602 (Line)
Info    : [ 80%] Meshing curve 8603 (Line)
Info    : [ 80%] Meshing curve 8604 (Line)
Info    : [ 80%] Meshing curve 8605 (Line)
Info    : [ 80%] Meshing curve 8606 (Line)
Info    : [ 80%] Meshing curve 8607 (Line)
Info    : [ 80%] Meshing curve 8608 (Line)
Info    : [ 80%] Meshing curve 8609 (Line)
Info    : [ 80%] Meshing curve 8610 (Line)
Info    : [ 80%] Meshing curve 8611 (Line)
Info    : [ 80%] Meshing curve 8612 (Line)
Info    : [ 80%] Meshing curve 8613 (Line)
Info    : [ 80%] Meshing curve 8614 (Line)
Info    : [ 80%] Meshing curve 8615 (Line)
Info    : [ 80%] Meshing curve 8616 (Line)
Info    : [ 80%] Meshing curve 8617 (Line)
Info    : [ 80%] Meshing curve 8618 (Line)
Info    : [ 80%] Meshing curve 8619 (Line)
Info    : [ 80%] Meshing curve 8620 (Line)
Info    : [ 80%] Meshing curve 8621 (Line)
Info    : [ 80%] Meshing curve 8622 (Line)
Info    : [ 80%] Meshing curve 8623 (Line)
Info    : [ 80%] Meshing curve 8624 (Line)
Info    : [ 80%] Meshing curve 8625 (Line)
Info    : [ 80%] Meshing curve 8626 (Line)
Info    : [ 80%] Meshing curve 8627 (Line)
Info    : [ 80%] Meshing curve 8628 (Line)
Info    : [ 80%] Meshing curve 8629 (Line)
Info    : [ 80%] Meshing curve 8630 (Line)
Info    : [ 80%] Meshing curve 8631 (Line)
Info    : [ 80%] Meshing curve 8632 (Line)
Info    : [ 80%] Meshing curve 8633 (Line)
Info    : [ 80%] Meshing curve 8634 (Line)
Info    : [ 80%] Meshing curve 8635 (Line)
Info    : [ 80%] Meshing curve 8636 (Line)
Info    : [ 80%] Meshing curve 8637 (Line)
Info    : [ 80%] Meshing curve 8638 (Line)
Info    : [ 80%] Meshing curve 8639 (Line)
Info    : [ 80%] Meshing curve 8640 (Line)
Info    : [ 80%] Meshing curve 8641 (Line)
Info    : [ 80%] Meshing curve 8642 (Line)
Info    : [ 80%] Meshing curve 8643 (Line)
Info    : [ 80%] Meshing curve 8644 (Line)
Info    : [ 80%] Meshing curve 8645 (Line)
Info    : [ 80%] Meshing curve 8646 (Line)
Info    : [ 80%] Meshing curve 8647 (Line)
Info    : [ 80%] Meshing curve 8648 (Line)
Info    : [ 80%] Meshing curve 8649 (Line)
Info    : [ 80%] Meshing curve 8650 (Line)
Info    : [ 80%] Meshing curve 8651 (Line)
Info    : [ 80%] Meshing curve 8652 (Line)
Info    : [ 80%] Meshing curve 8653 (Line)
Info    : [ 80%] Meshing curve 8654 (Line)
Info    : [ 80%] Meshing curve 8655 (Line)
Info    : [ 80%] Meshing curve 8656 (Line)
Info    : [ 80%] Meshing curve 8657 (Line)
Info    : [ 80%] Meshing curve 8658 (Line)
Info    : [ 80%] Meshing curve 8659 (Line)
Info    : [ 80%] Meshing curve 8660 (Line)
Info    : [ 80%] Meshing curve 8662 (Line)
Info    : [ 80%] Meshing curve 8661 (Line)
Info    : [ 80%] Meshing curve 8663 (Line)
Info    : [ 80%] Meshing curve 8664 (Line)
Info    : [ 80%] Meshing curve 8665 (Line)
Info    : [ 80%] Meshing curve 8666 (Line)
Info    : [ 80%] Meshing curve 8667 (Line)
Info    : [ 80%] Meshing curve 8668 (Line)
Info    : [ 80%] Meshing curve 8669 (Line)
Info    : [ 80%] Meshing curve 8670 (Line)
Info    : [ 80%] Meshing curve 8671 (Line)
Info    : [ 80%] Meshing curve 8672 (Line)
Info    : [ 80%] Meshing curve 8673 (Line)
Info    : [ 80%] Meshing curve 8674 (Line)
Info    : [ 80%] Meshing curve 8675 (Line)
Info    : [ 80%] Meshing curve 8676 (Line)
Info    : [ 80%] Meshing curve 8677 (Line)
Info    : [ 80%] Meshing curve 8678 (Line)
Info    : [ 80%] Meshing curve 8679 (Line)
Info    : [ 80%] Meshing curve 8680 (Line)
Info    : [ 80%] Meshing curve 8681 (Line)
Info    : [ 80%] Meshing curve 8682 (Line)
Info    : [ 80%] Meshing curve 8683 (Line)
Info    : [ 80%] Meshing curve 8684 (Line)
Info    : [ 80%] Meshing curve 8685 (Line)
Info    : [ 80%] Meshing curve 8686 (Line)
Info    : [ 80%] Meshing curve 8687 (Line)
Info    : [ 80%] Meshing curve 8688 (Line)
Info    : [ 80%] Meshing curve 8689 (Line)
Info    : [ 80%] Meshing curve 8690 (Line)
Info    : [ 80%] Meshing curve 8691 (Line)
Info    : [ 80%] Meshing curve 8692 (Line)
Info    : [ 80%] Meshing curve 8693 (Line)
Info    : [ 80%] Meshing curve 8694 (Line)
Info    : [ 80%] Meshing curve 8695 (Line)
Info    : [ 80%] Meshing curve 8696 (Line)
Info    : [ 80%] Meshing curve 8697 (Line)
Info    : [ 80%] Meshing curve 8698 (Line)
Info    : [ 80%] Meshing curve 8699 (Line)
Info    : [ 80%] Meshing curve 8700 (Line)
Info    : [ 80%] Meshing curve 8701 (Line)
Info    : [ 80%] Meshing curve 8702 (Line)
Info    : [ 80%] Meshing curve 8703 (Line)
Info    : [ 80%] Meshing curve 8704 (Line)
Info    : [ 80%] Meshing curve 8705 (Line)
Info    : [ 80%] Meshing curve 8706 (Line)
Info    : [ 80%] Meshing curve 8707 (Line)
Info    : [ 80%] Meshing curve 8708 (Line)
Info    : [ 80%] Meshing curve 8709 (Line)
Info    : [ 80%] Meshing curve 8710 (Line)
Info    : [ 80%] Meshing curve 8711 (Line)
Info    : [ 80%] Meshing curve 8712 (Line)
Info    : [ 80%] Meshing curve 8713 (Line)
Info    : [ 80%] Meshing curve 8714 (Line)
Info    : [ 80%] Meshing curve 8715 (Line)
Info    : [ 80%] Meshing curve 8716 (Line)
Info    : [ 80%] Meshing curve 8717 (Line)
Info    : [ 80%] Meshing curve 8718 (Line)
Info    : [ 80%] Meshing curve 8719 (Line)
Info    : [ 80%] Meshing curve 8720 (Line)
Info    : [ 80%] Meshing curve 8721 (Line)
Info    : [ 80%] Meshing curve 8722 (Line)
Info    : [ 80%] Meshing curve 8723 (Line)
Info    : [ 80%] Meshing curve 8724 (Line)
Info    : [ 80%] Meshing curve 8725 (Line)
Info    : [ 80%] Meshing curve 8726 (Line)
Info    : [ 80%] Meshing curve 8727 (Line)
Info    : [ 80%] Meshing curve 8728 (Line)
Info    : [ 80%] Meshing curve 8729 (Line)
Info    : [ 80%] Meshing curve 8730 (Line)
Info    : [ 80%] Meshing curve 8731 (Line)
Info    : [ 80%] Meshing curve 8732 (Line)
Info    : [ 80%] Meshing curve 8733 (Line)
Info    : [ 80%] Meshing curve 8734 (Line)
Info    : [ 80%] Meshing curve 8735 (Line)
Info    : [ 80%] Meshing curve 8736 (Line)
Info    : [ 80%] Meshing curve 8737 (Line)
Info    : [ 80%] Meshing curve 8738 (Line)
Info    : [ 80%] Meshing curve 8739 (Line)
Info    : [ 80%] Meshing curve 8740 (Line)
Info    : [ 80%] Meshing curve 8741 (Line)
Info    : [ 80%] Meshing curve 8742 (Line)
Info    : [ 80%] Meshing curve 8743 (Line)
Info    : [ 80%] Meshing curve 8744 (Line)
Info    : [ 80%] Meshing curve 8745 (Line)
Info    : [ 80%] Meshing curve 8746 (Line)
Info    : [ 80%] Meshing curve 8747 (Line)
Info    : [ 80%] Meshing curve 8748 (Line)
Info    : [ 80%] Meshing curve 8749 (Line)
Info    : [ 80%] Meshing curve 8750 (Line)
Info    : [ 80%] Meshing curve 8751 (Line)
Info    : [ 80%] Meshing curve 8752 (Line)
Info    : [ 80%] Meshing curve 8753 (Line)
Info    : [ 80%] Meshing curve 8754 (Line)
Info    : [ 80%] Meshing curve 8755 (Line)
Info    : [ 80%] Meshing curve 8756 (Line)
Info    : [ 80%] Meshing curve 8757 (Line)
Info    : [ 80%] Meshing curve 8758 (Line)
Info    : [ 80%] Meshing curve 8759 (Line)
Info    : [ 80%] Meshing curve 8760 (Line)
Info    : [ 80%] Meshing curve 8761 (Line)
Info    : [ 90%] Meshing curve 8762 (Line)
Info    : [ 90%] Meshing curve 8763 (Line)
Info    : [ 90%] Meshing curve 8764 (Line)
Info    : [ 90%] Meshing curve 8765 (Line)
Info    : [ 90%] Meshing curve 8766 (Line)
Info    : [ 90%] Meshing curve 8767 (Line)
Info    : [ 90%] Meshing curve 8768 (Line)
Info    : [ 90%] Meshing curve 8769 (Line)
Info    : [ 90%] Meshing curve 8770 (Line)
Info    : [ 90%] Meshing curve 8771 (Line)
Info    : [ 90%] Meshing curve 8772 (Line)
Info    : [ 90%] Meshing curve 8773 (Line)
Info    : [ 90%] Meshing curve 8774 (Line)
Info    : [ 90%] Meshing curve 8775 (Line)
Info    : [ 90%] Meshing curve 8776 (Line)
Info    : [ 90%] Meshing curve 8777 (Line)
Info    : [ 90%] Meshing curve 8778 (Line)
Info    : [ 90%] Meshing curve 8779 (Line)
Info    : [ 90%] Meshing curve 8780 (Line)
Info    : [ 90%] Meshing curve 8781 (Line)
Info    : [ 90%] Meshing curve 8782 (Line)
Info    : [ 90%] Meshing curve 8783 (Line)
Info    : [ 90%] Meshing curve 8784 (Line)
Info    : [ 90%] Meshing curve 8785 (Line)
Info    : [ 90%] Meshing curve 8786 (Line)
Info    : [ 90%] Meshing curve 8787 (Line)
Info    : [ 90%] Meshing curve 8788 (Line)
Info    : [ 90%] Meshing curve 8789 (Line)
Info    : [ 90%] Meshing curve 8790 (Line)
Info    : [ 90%] Meshing curve 8791 (Line)
Info    : [ 90%] Meshing curve 8792 (Line)
Info    : [ 90%] Meshing curve 8793 (Line)
Info    : [ 90%] Meshing curve 8794 (Line)
Info    : [ 90%] Meshing curve 8795 (Line)
Info    : [ 90%] Meshing curve 8796 (Line)
Info    : [ 90%] Meshing curve 8797 (Line)
Info    : [ 90%] Meshing curve 8798 (Line)
Info    : [ 90%] Meshing curve 8799 (Line)
Info    : [ 90%] Meshing curve 8800 (Line)
Info    : [ 90%] Meshing curve 8801 (Line)
Info    : [ 90%] Meshing curve 8802 (Line)
Info    : [ 90%] Meshing curve 8803 (Line)
Info    : [ 90%] Meshing curve 8804 (Line)
Info    : [ 90%] Meshing curve 8805 (Line)
Info    : [ 90%] Meshing curve 8806 (Line)
Info    : [ 90%] Meshing curve 8807 (Line)
Info    : [ 90%] Meshing curve 8808 (Line)
Info    : [ 90%] Meshing curve 8809 (Line)
Info    : [ 90%] Meshing curve 8810 (Line)
Info    : [ 90%] Meshing curve 8811 (Line)
Info    : [ 90%] Meshing curve 8812 (Line)
Info    : [ 90%] Meshing curve 8813 (Line)
Info    : [ 90%] Meshing curve 8814 (Line)
Info    : [ 90%] Meshing curve 8815 (Line)
Info    : [ 90%] Meshing curve 8816 (Line)
Info    : [ 90%] Meshing curve 8817 (Line)
Info    : [ 90%] Meshing curve 8818 (Line)
Info    : [ 90%] Meshing curve 8819 (Line)
Info    : [ 90%] Meshing curve 8820 (Line)
Info    : [ 90%] Meshing curve 8821 (Line)
Info    : [ 90%] Meshing curve 8822 (Line)
Info    : [ 90%] Meshing curve 8823 (Line)
Info    : [ 90%] Meshing curve 8824 (Line)
Info    : [ 90%] Meshing curve 8825 (Line)
Info    : [ 90%] Meshing curve 8826 (Line)
Info    : [ 90%] Meshing curve 8827 (Line)
Info    : [ 90%] Meshing curve 8828 (Line)
Info    : [ 90%] Meshing curve 8829 (Line)
Info    : [ 90%] Meshing curve 8830 (Line)
Info    : [ 90%] Meshing curve 8831 (Line)
Info    : [ 90%] Meshing curve 8832 (Line)
Info    : [ 90%] Meshing curve 8833 (Line)
Info    : [ 90%] Meshing curve 8834 (Line)
Info    : [ 90%] Meshing curve 8835 (Line)
Info    : [ 90%] Meshing curve 8836 (Line)
Info    : [ 90%] Meshing curve 8837 (Line)
Info    : [ 90%] Meshing curve 8838 (Line)
Info    : [ 90%] Meshing curve 8839 (Line)
Info    : [ 90%] Meshing curve 8840 (Line)
Info    : [ 90%] Meshing curve 8841 (Line)
Info    : [ 90%] Meshing curve 8842 (Line)
Info    : [ 90%] Meshing curve 8843 (Line)
Info    : [ 90%] Meshing curve 8844 (Line)
Info    : [ 90%] Meshing curve 8845 (Line)
Info    : [ 90%] Meshing curve 8846 (Line)
Info    : [ 90%] Meshing curve 8847 (Line)
Info    : [ 90%] Meshing curve 8848 (Line)
Info    : [ 90%] Meshing curve 8849 (Line)
Info    : [ 90%] Meshing curve 8850 (Line)
Info    : [ 90%] Meshing curve 8851 (Line)
Info    : [ 90%] Meshing curve 8852 (Line)
Info    : [ 90%] Meshing curve 8853 (Line)
Info    : [ 90%] Meshing curve 8854 (Line)
Info    : [ 90%] Meshing curve 8855 (Line)
Info    : [ 90%] Meshing curve 8856 (Line)
Info    : [ 90%] Meshing curve 8857 (Line)
Info    : [ 90%] Meshing curve 8858 (Line)
Info    : [ 90%] Meshing curve 8859 (Line)
Info    : [ 90%] Meshing curve 8860 (Line)
Info    : [ 90%] Meshing curve 8861 (Line)
Info    : [ 90%] Meshing curve 8862 (Line)
Info    : [ 90%] Meshing curve 8863 (Line)
Info    : [ 90%] Meshing curve 8864 (Line)
Info    : [ 90%] Meshing curve 8865 (Line)
Info    : [ 90%] Meshing curve 8866 (Line)
Info    : [ 90%] Meshing curve 8867 (Line)
Info    : [ 90%] Meshing curve 8868 (Line)
Info    : [ 90%] Meshing curve 8869 (Line)
Info    : [ 90%] Meshing curve 8870 (Line)
Info    : [ 90%] Meshing curve 8871 (Line)
Info    : [ 90%] Meshing curve 8872 (Line)
Info    : [ 90%] Meshing curve 8873 (Line)
Info    : [ 90%] Meshing curve 8874 (Line)
Info    : [ 90%] Meshing curve 8875 (Line)
Info    : [ 90%] Meshing curve 8876 (Line)
Info    : [ 90%] Meshing curve 8877 (Line)
Info    : [ 90%] Meshing curve 8878 (Line)
Info    : [ 90%] Meshing curve 8879 (Line)
Info    : [ 90%] Meshing curve 8880 (Line)
Info    : [ 90%] Meshing curve 8881 (Line)
Info    : [ 90%] Meshing curve 8882 (Line)
Info    : [ 90%] Meshing curve 8883 (Line)
Info    : [ 90%] Meshing curve 8884 (Line)
Info    : [ 90%] Meshing curve 8885 (Line)
Info    : [ 90%] Meshing curve 8886 (Line)
Info    : [ 90%] Meshing curve 8887 (Line)
Info    : [ 90%] Meshing curve 8888 (Line)
Info    : [ 90%] Meshing curve 8889 (Line)
Info    : [ 90%] Meshing curve 8890 (Line)
Info    : [ 90%] Meshing curve 8891 (Line)
Info    : [ 90%] Meshing curve 8892 (Line)
Info    : [ 90%] Meshing curve 8893 (Line)
Info    : [ 90%] Meshing curve 8894 (Line)
Info    : [ 90%] Meshing curve 8895 (Line)
Info    : [ 90%] Meshing curve 8896 (Line)
Info    : [ 90%] Meshing curve 8897 (Line)
Info    : [ 90%] Meshing curve 8898 (Line)
Info    : [ 90%] Meshing curve 8899 (Line)
Info    : [ 90%] Meshing curve 8900 (Line)
Info    : [ 90%] Meshing curve 8901 (Line)
Info    : [ 90%] Meshing curve 8902 (Line)
Info    : [ 90%] Meshing curve 8903 (Line)
Info    : [ 90%] Meshing curve 8904 (Line)
Info    : [ 90%] Meshing curve 8905 (Line)
Info    : [ 90%] Meshing curve 8906 (Line)
Info    : [ 90%] Meshing curve 8907 (Line)
Info    : [ 90%] Meshing curve 8908 (Line)
Info    : [ 90%] Meshing curve 8909 (Line)
Info    : [ 90%] Meshing curve 8910 (Line)
Info    : [ 90%] Meshing curve 8911 (Line)
Info    : [ 90%] Meshing curve 8912 (Line)
Info    : [ 90%] Meshing curve 8913 (Line)
Info    : [ 90%] Meshing curve 8914 (Line)
Info    : [ 90%] Meshing curve 8915 (Line)
Info    : [ 90%] Meshing curve 8916 (Line)
Info    : [ 90%] Meshing curve 8917 (Line)
Info    : [ 90%] Meshing curve 8918 (Line)
Info    : [ 90%] Meshing curve 8919 (Line)
Info    : [ 90%] Meshing curve 8920 (Line)
Info    : [ 90%] Meshing curve 8921 (Line)
Info    : [ 90%] Meshing curve 8922 (Line)
Info    : [ 90%] Meshing curve 8923 (Line)
Info    : [ 90%] Meshing curve 8924 (Line)
Info    : [ 90%] Meshing curve 8925 (Line)
Info    : [ 90%] Meshing curve 8926 (Line)
Info    : [ 90%] Meshing curve 8927 (Line)
Info    : [ 90%] Meshing curve 8928 (Line)
Info    : [ 90%] Meshing curve 8929 (Line)
Info    : [ 90%] Meshing curve 8930 (Line)
Info    : [ 90%] Meshing curve 8931 (Line)
Info    : [ 90%] Meshing curve 8932 (Line)
Info    : [ 90%] Meshing curve 8933 (Line)
Info    : [ 90%] Meshing curve 8934 (Line)
Info    : [ 90%] Meshing curve 8935 (Line)
Info    : [ 90%] Meshing curve 8936 (Line)
Info    : [ 90%] Meshing curve 8937 (Line)
Info    : [ 90%] Meshing curve 8938 (Line)
Info    : [ 90%] Meshing curve 8939 (Line)
Info    : [ 90%] Meshing curve 8940 (Line)
Info    : [ 90%] Meshing curve 8941 (Line)
Info    : [ 90%] Meshing curve 8942 (Line)
Info    : [ 90%] Meshing curve 8943 (Line)
Info    : [ 90%] Meshing curve 8944 (Line)
Info    : [ 90%] Meshing curve 8945 (Line)
Info    : [ 90%] Meshing curve 8946 (Line)
Info    : [ 90%] Meshing curve 8947 (Line)
Info    : [ 90%] Meshing curve 8948 (Line)
Info    : [ 90%] Meshing curve 8949 (Line)
Info    : [ 90%] Meshing curve 8950 (Line)
Info    : [ 90%] Meshing curve 8951 (Line)
Info    : [ 90%] Meshing curve 8952 (Line)
Info    : [ 90%] Meshing curve 8953 (Line)
Info    : [ 90%] Meshing curve 8954 (Line)
Info    : [ 90%] Meshing curve 8955 (Line)
Info    : [ 90%] Meshing curve 8956 (Line)
Info    : [ 90%] Meshing curve 8957 (Line)
Info    : [ 90%] Meshing curve 8958 (Line)
Info    : [ 90%] Meshing curve 8959 (Line)
Info    : [ 90%] Meshing curve 8960 (Line)
Info    : [ 90%] Meshing curve 8961 (Line)
Info    : [ 90%] Meshing curve 8962 (Line)
Info    : [ 90%] Meshing curve 8963 (Line)
Info    : [ 90%] Meshing curve 8964 (Line)
Info    : [ 90%] Meshing curve 8965 (Line)
Info    : [ 90%] Meshing curve 8966 (Line)
Info    : [ 90%] Meshing curve 8967 (Line)
Info    : [ 90%] Meshing curve 8968 (Line)
Info    : [ 90%] Meshing curve 8969 (Line)
Info    : [ 90%] Meshing curve 8970 (Line)
Info    : [ 90%] Meshing curve 8971 (Line)
Info    : [ 90%] Meshing curve 8972 (Line)
Info    : [ 90%] Meshing curve 8973 (Line)
Info    : [ 90%] Meshing curve 8974 (Line)
Info    : [ 90%] Meshing curve 8975 (Line)
Info    : [ 90%] Meshing curve 8976 (Line)
Info    : [ 90%] Meshing curve 8977 (Line)
Info    : [ 90%] Meshing curve 8978 (Line)
Info    : [ 90%] Meshing curve 8979 (Line)
Info    : [ 90%] Meshing curve 8980 (Line)
Info    : [ 90%] Meshing curve 8981 (Line)
Info    : [ 90%] Meshing curve 8982 (Line)
Info    : [ 90%] Meshing curve 8983 (Line)
Info    : [ 90%] Meshing curve 8984 (Line)
Info    : [ 90%] Meshing curve 8985 (Line)
Info    : [ 90%] Meshing curve 8986 (Line)
Info    : [ 90%] Meshing curve 8987 (Line)
Info    : [ 90%] Meshing curve 8988 (Line)
Info    : [ 90%] Meshing curve 8989 (Line)
Info    : [ 90%] Meshing curve 8990 (Line)
Info    : [ 90%] Meshing curve 8991 (Line)
Info    : [ 90%] Meshing curve 8992 (Line)
Info    : [ 90%] Meshing curve 8993 (Line)
Info    : [ 90%] Meshing curve 8994 (Line)
Info    : [ 90%] Meshing curve 8995 (Line)
Info    : [ 90%] Meshing curve 8996 (Line)
Info    : [ 90%] Meshing curve 8997 (Line)
Info    : [ 90%] Meshing curve 8998 (Line)
Info    : [ 90%] Meshing curve 8999 (Line)
Info    : [ 90%] Meshing curve 9000 (Line)
Info    : [ 90%] Meshing curve 9001 (Line)
Info    : [ 90%] Meshing curve 9002 (Line)
Info    : [ 90%] Meshing curve 9003 (Line)
Info    : [ 90%] Meshing curve 9004 (Line)
Info    : [ 90%] Meshing curve 9005 (Line)
Info    : [ 90%] Meshing curve 9006 (Line)
Info    : [ 90%] Meshing curve 9007 (Line)
Info    : [ 90%] Meshing curve 9008 (Line)
Info    : [ 90%] Meshing curve 9009 (Line)
Info    : [ 90%] Meshing curve 9010 (Line)
Info    : [ 90%] Meshing curve 9011 (Line)
Info    : [ 90%] Meshing curve 9012 (Line)
Info    : [ 90%] Meshing curve 9013 (Line)
Info    : [ 90%] Meshing curve 9014 (Line)
Info    : [ 90%] Meshing curve 9015 (Line)
Info    : [ 90%] Meshing curve 9016 (Line)
Info    : [ 90%] Meshing curve 9017 (Line)
Info    : [ 90%] Meshing curve 9018 (Line)
Info    : [ 90%] Meshing curve 9019 (Line)
Info    : [ 90%] Meshing curve 9020 (Line)
Info    : [ 90%] Meshing curve 9021 (Line)
Info    : [ 90%] Meshing curve 9022 (Line)
Info    : [ 90%] Meshing curve 9023 (Line)
Info    : [ 90%] Meshing curve 9024 (Line)
Info    : [ 90%] Meshing curve 9025 (Line)
Info    : [ 90%] Meshing curve 9026 (Line)
Info    : [ 90%] Meshing curve 9027 (Line)
Info    : [ 90%] Meshing curve 9028 (Line)
Info    : [ 90%] Meshing curve 9029 (Line)
Info    : [ 90%] Meshing curve 9030 (Line)
Info    : [ 90%] Meshing curve 9031 (Line)
Info    : [ 90%] Meshing curve 9032 (Line)
Info    : [ 90%] Meshing curve 9033 (Line)
Info    : [ 90%] Meshing curve 9034 (Line)
Info    : [ 90%] Meshing curve 9035 (Line)
Info    : [ 90%] Meshing curve 9036 (Line)
Info    : [ 90%] Meshing curve 9037 (Line)
Info    : [ 90%] Meshing curve 9038 (Line)
Info    : [ 90%] Meshing curve 9039 (Line)
Info    : [ 90%] Meshing curve 9040 (Line)
Info    : [ 90%] Meshing curve 9041 (Line)
Info    : [ 90%] Meshing curve 9042 (Line)
Info    : [ 90%] Meshing curve 9043 (Line)
Info    : [ 90%] Meshing curve 9044 (Line)
Info    : [ 90%] Meshing curve 9045 (Line)
Info    : [ 90%] Meshing curve 9046 (Line)
Info    : [ 90%] Meshing curve 9047 (Line)
Info    : [ 90%] Meshing curve 9048 (Line)
Info    : [ 90%] Meshing curve 9049 (Line)
Info    : [ 90%] Meshing curve 9050 (Line)
Info    : [ 90%] Meshing curve 9051 (Line)
Info    : [ 90%] Meshing curve 9052 (Line)
Info    : [ 90%] Meshing curve 9053 (Line)
Info    : [ 90%] Meshing curve 9054 (Line)
Info    : [ 90%] Meshing curve 9055 (Line)
Info    : [ 90%] Meshing curve 9056 (Line)
Info    : [ 90%] Meshing curve 9057 (Line)
Info    : [ 90%] Meshing curve 9058 (Line)
Info    : [ 90%] Meshing curve 9059 (Line)
Info    : [ 90%] Meshing curve 9060 (Line)
Info    : [ 90%] Meshing curve 9061 (Line)
Info    : [ 90%] Meshing curve 9062 (Line)
Info    : [ 90%] Meshing curve 9063 (Line)
Info    : [ 90%] Meshing curve 9064 (Line)
Info    : [ 90%] Meshing curve 9065 (Line)
Info    : [ 90%] Meshing curve 9066 (Line)
Info    : [ 90%] Meshing curve 9067 (Line)
Info    : [ 90%] Meshing curve 9068 (Line)
Info    : [ 90%] Meshing curve 9069 (Line)
Info    : [ 90%] Meshing curve 9070 (Line)
Info    : [ 90%] Meshing curve 9071 (Line)
Info    : [ 90%] Meshing curve 9072 (Line)
Info    : [ 90%] Meshing curve 9073 (Line)
Info    : [ 90%] Meshing curve 9074 (Line)
Info    : [ 90%] Meshing curve 9075 (Line)
Info    : [ 90%] Meshing curve 9076 (Line)
Info    : [ 90%] Meshing curve 9077 (Line)
Info    : [ 90%] Meshing curve 9078 (Line)
Info    : [ 90%] Meshing curve 9079 (Line)
Info    : [ 90%] Meshing curve 9080 (Line)
Info    : [ 90%] Meshing curve 9081 (Line)
Info    : [ 90%] Meshing curve 9082 (Line)
Info    : [ 90%] Meshing curve 9083 (Line)
Info    : [ 90%] Meshing curve 9084 (Line)
Info    : [ 90%] Meshing curve 9085 (Line)
Info    : [ 90%] Meshing curve 9086 (Line)
Info    : [ 90%] Meshing curve 9087 (Line)
Info    : [ 90%] Meshing curve 9088 (Line)
Info    : [ 90%] Meshing curve 9089 (Line)
Info    : [ 90%] Meshing curve 9090 (Line)
Info    : [ 90%] Meshing curve 9091 (Line)
Info    : [ 90%] Meshing curve 9092 (Line)
Info    : [ 90%] Meshing curve 9093 (Line)
Info    : [ 90%] Meshing curve 9094 (Line)
Info    : [ 90%] Meshing curve 9095 (Line)
Info    : [ 90%] Meshing curve 9096 (Line)
Info    : [ 90%] Meshing curve 9097 (Line)
Info    : [ 90%] Meshing curve 9098 (Line)
Info    : [ 90%] Meshing curve 9099 (Line)
Info    : [ 90%] Meshing curve 9100 (Line)
Info    : [ 90%] Meshing curve 9101 (Line)
Info    : [ 90%] Meshing curve 9102 (Line)
Info    : [ 90%] Meshing curve 9103 (Line)
Info    : [ 90%] Meshing curve 9104 (Line)
Info    : [ 90%] Meshing curve 9105 (Line)
Info    : [ 90%] Meshing curve 9106 (Line)
Info    : [ 90%] Meshing curve 9107 (Line)
Info    : [ 90%] Meshing curve 9108 (Line)
Info    : [ 90%] Meshing curve 9109 (Line)
Info    : [ 90%] Meshing curve 9110 (Line)
Info    : [ 90%] Meshing curve 9111 (Line)
Info    : [ 90%] Meshing curve 9112 (Line)
Info    : [ 90%] Meshing curve 9113 (Line)
Info    : [ 90%] Meshing curve 9114 (Line)
Info    : [ 90%] Meshing curve 9115 (Line)
Info    : [ 90%] Meshing curve 9116 (Line)
Info    : [ 90%] Meshing curve 9117 (Line)
Info    : [ 90%] Meshing curve 9118 (Line)
Info    : [ 90%] Meshing curve 9119 (Line)
Info    : [ 90%] Meshing curve 9120 (Line)
Info    : [ 90%] Meshing curve 9121 (Line)
Info    : [ 90%] Meshing curve 9122 (Line)
Info    : [ 90%] Meshing curve 9123 (Line)
Info    : [ 90%] Meshing curve 9124 (Line)
Info    : [ 90%] Meshing curve 9125 (Line)
Info    : [ 90%] Meshing curve 9126 (Line)
Info    : [ 90%] Meshing curve 9127 (Line)
Info    : [ 90%] Meshing curve 9128 (Line)
Info    : [ 90%] Meshing curve 9129 (Line)
Info    : [ 90%] Meshing curve 9130 (Line)
Info    : [ 90%] Meshing curve 9131 (Line)
Info    : [ 90%] Meshing curve 9132 (Line)
Info    : [ 90%] Meshing curve 9133 (Line)
Info    : [ 90%] Meshing curve 9134 (Line)
Info    : [ 90%] Meshing curve 9135 (Line)
Info    : [ 90%] Meshing curve 9136 (Line)
Info    : [ 90%] Meshing curve 9137 (Line)
Info    : [ 90%] Meshing curve 9138 (Line)
Info    : [ 90%] Meshing curve 9139 (Line)
Info    : [ 90%] Meshing curve 9140 (Line)
Info    : [ 90%] Meshing curve 9141 (Line)
Info    : [ 90%] Meshing curve 9142 (Line)
Info    : [ 90%] Meshing curve 9143 (Line)
Info    : [ 90%] Meshing curve 9144 (Line)
Info    : [ 90%] Meshing curve 9145 (Line)
Info    : [ 90%] Meshing curve 9146 (Line)
Info    : [ 90%] Meshing curve 9147 (Line)
Info    : [ 90%] Meshing curve 9148 (Line)
Info    : [ 90%] Meshing curve 9149 (Line)
Info    : [ 90%] Meshing curve 9150 (Line)
Info    : [ 90%] Meshing curve 9151 (Line)
Info    : [ 90%] Meshing curve 9152 (Line)
Info    : [ 90%] Meshing curve 9153 (Line)
Info    : [ 90%] Meshing curve 9154 (Line)
Info    : [ 90%] Meshing curve 9155 (Line)
Info    : [ 90%] Meshing curve 9156 (Line)
Info    : [ 90%] Meshing curve 9157 (Line)
Info    : [ 90%] Meshing curve 9158 (Line)
Info    : [ 90%] Meshing curve 9159 (Line)
Info    : [ 90%] Meshing curve 9160 (Line)
Info    : [ 90%] Meshing curve 9161 (Line)
Info    : [ 90%] Meshing curve 9162 (Line)
Info    : [ 90%] Meshing curve 9163 (Line)
Info    : [ 90%] Meshing curve 9164 (Line)
Info    : [ 90%] Meshing curve 9165 (Line)
Info    : [ 90%] Meshing curve 9166 (Line)
Info    : [ 90%] Meshing curve 9167 (Line)
Info    : [ 90%] Meshing curve 9168 (Line)
Info    : [ 90%] Meshing curve 9169 (Line)
Info    : [ 90%] Meshing curve 9170 (Line)
Info    : [ 90%] Meshing curve 9171 (Line)
Info    : [ 90%] Meshing curve 9172 (Line)
Info    : [ 90%] Meshing curve 9173 (Line)
Info    : [ 90%] Meshing curve 9174 (Line)
Info    : [ 90%] Meshing curve 9175 (Line)
Info    : [ 90%] Meshing curve 9176 (Line)
Info    : [ 90%] Meshing curve 9177 (Line)
Info    : [ 90%] Meshing curve 9178 (Line)
Info    : [ 90%] Meshing curve 9179 (Line)
Info    : [ 90%] Meshing curve 9180 (Line)
Info    : [ 90%] Meshing curve 9181 (Line)
Info    : [ 90%] Meshing curve 9182 (Line)
Info    : [ 90%] Meshing curve 9183 (Line)
Info    : [ 90%] Meshing curve 9184 (Line)
Info    : [ 90%] Meshing curve 9185 (Line)
Info    : [ 90%] Meshing curve 9186 (Line)
Info    : [ 90%] Meshing curve 9187 (Line)
Info    : [ 90%] Meshing curve 9188 (Line)
Info    : [ 90%] Meshing curve 9189 (Line)
Info    : [ 90%] Meshing curve 9190 (Line)
Info    : [ 90%] Meshing curve 9191 (Line)
Info    : [ 90%] Meshing curve 9192 (Line)
Info    : [ 90%] Meshing curve 9193 (Line)
Info    : [ 90%] Meshing curve 9194 (Line)
Info    : [ 90%] Meshing curve 9195 (Line)
Info    : [ 90%] Meshing curve 9196 (Line)
Info    : [ 90%] Meshing curve 9197 (Line)
Info    : [ 90%] Meshing curve 9198 (Line)
Info    : [ 90%] Meshing curve 9199 (Line)
Info    : [ 90%] Meshing curve 9200 (Line)
Info    : [ 90%] Meshing curve 9201 (Line)
Info    : [ 90%] Meshing curve 9202 (Line)
Info    : [ 90%] Meshing curve 9203 (Line)
Info    : [ 90%] Meshing curve 9204 (Line)
Info    : [ 90%] Meshing curve 9205 (Line)
Info    : [ 90%] Meshing curve 9206 (Line)
Info    : [ 90%] Meshing curve 9207 (Line)
Info    : [ 90%] Meshing curve 9209 (Line)
Info    : [ 90%] Meshing curve 9208 (Line)
Info    : [ 90%] Meshing curve 9210 (Line)
Info    : [ 90%] Meshing curve 9211 (Line)
Info    : [ 90%] Meshing curve 9212 (Line)
Info    : [ 90%] Meshing curve 9213 (Line)
Info    : [ 90%] Meshing curve 9214 (Line)
Info    : [ 90%] Meshing curve 9215 (Line)
Info    : [ 90%] Meshing curve 9216 (Line)
Info    : [ 90%] Meshing curve 9217 (Line)
Info    : [ 90%] Meshing curve 9218 (Line)
Info    : [ 90%] Meshing curve 9219 (Line)
Info    : [ 90%] Meshing curve 9220 (Line)
Info    : [ 90%] Meshing curve 9221 (Line)
Info    : [ 90%] Meshing curve 9222 (Line)
Info    : [ 90%] Meshing curve 9223 (Line)
Info    : [ 90%] Meshing curve 9224 (Line)
Info    : [ 90%] Meshing curve 9225 (Line)
Info    : [ 90%] Meshing curve 9226 (Line)
Info    : [ 90%] Meshing curve 9227 (Line)
Info    : [ 90%] Meshing curve 9228 (Line)
Info    : [ 90%] Meshing curve 9229 (Line)
Info    : [ 90%] Meshing curve 9230 (Line)
Info    : [ 90%] Meshing curve 9231 (Line)
Info    : [ 90%] Meshing curve 9232 (Line)
Info    : [ 90%] Meshing curve 9233 (Line)
Info    : [ 90%] Meshing curve 9234 (Line)
Info    : [ 90%] Meshing curve 9235 (Line)
Info    : [ 90%] Meshing curve 9236 (Line)
Info    : [ 90%] Meshing curve 9237 (Line)
Info    : [ 90%] Meshing curve 9238 (Line)
Info    : [ 90%] Meshing curve 9239 (Line)
Info    : [ 90%] Meshing curve 9240 (Line)
Info    : [ 90%] Meshing curve 9241 (Line)
Info    : [ 90%] Meshing curve 9242 (Line)
Info    : [ 90%] Meshing curve 9243 (Line)
Info    : [ 90%] Meshing curve 9244 (Line)
Info    : [ 90%] Meshing curve 9245 (Line)
Info    : [ 90%] Meshing curve 9246 (Line)
Info    : [ 90%] Meshing curve 9247 (Line)
Info    : [ 90%] Meshing curve 9248 (Line)
Info    : [ 90%] Meshing curve 9249 (Line)
Info    : [ 90%] Meshing curve 9250 (Line)
Info    : [ 90%] Meshing curve 9251 (Line)
Info    : [ 90%] Meshing curve 9252 (Line)
Info    : [ 90%] Meshing curve 9253 (Line)
Info    : [ 90%] Meshing curve 9254 (Line)
Info    : [ 90%] Meshing curve 9255 (Line)
Info    : [ 90%] Meshing curve 9256 (Line)
Info    : [ 90%] Meshing curve 9257 (Line)
Info    : [ 90%] Meshing curve 9258 (Line)
Info    : [ 90%] Meshing curve 9259 (Line)
Info    : [ 90%] Meshing curve 9260 (Line)
Info    : [ 90%] Meshing curve 9261 (Line)
Info    : [ 90%] Meshing curve 9262 (Line)
Info    : [ 90%] Meshing curve 9263 (Line)
Info    : [ 90%] Meshing curve 9264 (Line)
Info    : [ 90%] Meshing curve 9265 (Line)
Info    : [ 90%] Meshing curve 9266 (Line)
Info    : [ 90%] Meshing curve 9267 (Line)
Info    : [ 90%] Meshing curve 9268 (Line)
Info    : [ 90%] Meshing curve 9269 (Line)
Info    : [ 90%] Meshing curve 9270 (Line)
Info    : [ 90%] Meshing curve 9271 (Line)
Info    : [ 90%] Meshing curve 9272 (Line)
Info    : [ 90%] Meshing curve 9273 (Line)
Info    : [ 90%] Meshing curve 9274 (Line)
Info    : [ 90%] Meshing curve 9275 (Line)
Info    : [ 90%] Meshing curve 9276 (Line)
Info    : [ 90%] Meshing curve 9277 (Line)
Info    : [ 90%] Meshing curve 9278 (Line)
Info    : [ 90%] Meshing curve 9279 (Line)
Info    : [ 90%] Meshing curve 9280 (Line)
Info    : [ 90%] Meshing curve 9281 (Line)
Info    : [ 90%] Meshing curve 9282 (Line)
Info    : [ 90%] Meshing curve 9283 (Line)
Info    : [ 90%] Meshing curve 9284 (Line)
Info    : [ 90%] Meshing curve 9285 (Line)
Info    : [ 90%] Meshing curve 9286 (Line)
Info    : [ 90%] Meshing curve 9287 (Line)
Info    : [ 90%] Meshing curve 9288 (Line)
Info    : [ 90%] Meshing curve 9289 (Line)
Info    : [ 90%] Meshing curve 9290 (Line)
Info    : [ 90%] Meshing curve 9291 (Line)
Info    : [ 90%] Meshing curve 9292 (Line)
Info    : [ 90%] Meshing curve 9293 (Line)
Info    : [ 90%] Meshing curve 9294 (Line)
Info    : [ 90%] Meshing curve 9295 (Line)
Info    : [ 90%] Meshing curve 9296 (Line)
Info    : [ 90%] Meshing curve 9297 (Line)
Info    : [ 90%] Meshing curve 9298 (Line)
Info    : [ 90%] Meshing curve 9299 (Line)
Info    : [ 90%] Meshing curve 9300 (Line)
Info    : [ 90%] Meshing curve 9301 (Line)
Info    : [ 90%] Meshing curve 9302 (Line)
Info    : [ 90%] Meshing curve 9303 (Line)
Info    : [ 90%] Meshing curve 9304 (Line)
Info    : [ 90%] Meshing curve 9305 (Line)
Info    : [ 90%] Meshing curve 9306 (Line)
Info    : [ 90%] Meshing curve 9307 (Line)
Info    : [ 90%] Meshing curve 9308 (Line)
Info    : [ 90%] Meshing curve 9309 (Line)
Info    : [ 90%] Meshing curve 9310 (Line)
Info    : [ 90%] Meshing curve 9311 (Line)
Info    : [ 90%] Meshing curve 9312 (Line)
Info    : [ 90%] Meshing curve 9313 (Line)
Info    : [ 90%] Meshing curve 9314 (Line)
Info    : [ 90%] Meshing curve 9315 (Line)
Info    : [ 90%] Meshing curve 9316 (Line)
Info    : [ 90%] Meshing curve 9317 (Line)
Info    : [ 90%] Meshing curve 9318 (Line)
Info    : [ 90%] Meshing curve 9319 (Line)
Info    : [ 90%] Meshing curve 9320 (Line)
Info    : [ 90%] Meshing curve 9321 (Line)
Info    : [ 90%] Meshing curve 9322 (Line)
Info    : [ 90%] Meshing curve 9323 (Line)
Info    : [ 90%] Meshing curve 9324 (Line)
Info    : [ 90%] Meshing curve 9325 (Line)
Info    : [ 90%] Meshing curve 9326 (Line)
Info    : [ 90%] Meshing curve 9327 (Line)
Info    : [ 90%] Meshing curve 9328 (Line)
Info    : [ 90%] Meshing curve 9329 (Line)
Info    : [ 90%] Meshing curve 9330 (Line)
Info    : [ 90%] Meshing curve 9331 (Line)
Info    : [ 90%] Meshing curve 9332 (Line)
Info    : [ 90%] Meshing curve 9333 (Line)
Info    : [ 90%] Meshing curve 9334 (Line)
Info    : [ 90%] Meshing curve 9335 (Line)
Info    : [ 90%] Meshing curve 9336 (Line)
Info    : [ 90%] Meshing curve 9337 (Line)
Info    : [ 90%] Meshing curve 9338 (Line)
Info    : [ 90%] Meshing curve 9339 (Line)
Info    : [ 90%] Meshing curve 9340 (Line)
Info    : [ 90%] Meshing curve 9341 (Line)
Info    : [ 90%] Meshing curve 9342 (Line)
Info    : [ 90%] Meshing curve 9343 (Line)
Info    : [ 90%] Meshing curve 9344 (Line)
Info    : [ 90%] Meshing curve 9345 (Line)
Info    : [ 90%] Meshing curve 9346 (Line)
Info    : [ 90%] Meshing curve 9347 (Line)
Info    : [ 90%] Meshing curve 9348 (Line)
Info    : [ 90%] Meshing curve 9349 (Line)
Info    : [ 90%] Meshing curve 9350 (Line)
Info    : [ 90%] Meshing curve 9351 (Line)
Info    : [ 90%] Meshing curve 9352 (Line)
Info    : [ 90%] Meshing curve 9353 (Line)
Info    : [ 90%] Meshing curve 9354 (Line)
Info    : [ 90%] Meshing curve 9355 (Line)
Info    : [ 90%] Meshing curve 9356 (Line)
Info    : [ 90%] Meshing curve 9357 (Line)
Info    : [ 90%] Meshing curve 9358 (Line)
Info    : [ 90%] Meshing curve 9359 (Line)
Info    : [ 90%] Meshing curve 9360 (Line)
Info    : [ 90%] Meshing curve 9361 (Line)
Info    : [ 90%] Meshing curve 9362 (Line)
Info    : [ 90%] Meshing curve 9363 (Line)
Info    : [ 90%] Meshing curve 9364 (Line)
Info    : [ 90%] Meshing curve 9365 (Line)
Info    : [ 90%] Meshing curve 9366 (Line)
Info    : [ 90%] Meshing curve 9367 (Line)
Info    : [ 90%] Meshing curve 9368 (Line)
Info    : [ 90%] Meshing curve 9369 (Line)
Info    : [ 90%] Meshing curve 9370 (Line)
Info    : [ 90%] Meshing curve 9371 (Line)
Info    : [ 90%] Meshing curve 9372 (Line)
Info    : [ 90%] Meshing curve 9373 (Line)
Info    : [ 90%] Meshing curve 9374 (Line)
Info    : [ 90%] Meshing curve 9375 (Line)
Info    : [ 90%] Meshing curve 9376 (Line)
Info    : [ 90%] Meshing curve 9377 (Line)
Info    : [ 90%] Meshing curve 9378 (Line)
Info    : [ 90%] Meshing curve 9379 (Line)
Info    : [ 90%] Meshing curve 9380 (Line)
Info    : [ 90%] Meshing curve 9381 (Line)
Info    : [ 90%] Meshing curve 9382 (Line)
Info    : [ 90%] Meshing curve 9383 (Line)
Info    : [ 90%] Meshing curve 9384 (Line)
Info    : [ 90%] Meshing curve 9385 (Line)
Info    : [ 90%] Meshing curve 9386 (Line)
Info    : [ 90%] Meshing curve 9387 (Line)
Info    : [ 90%] Meshing curve 9388 (Line)
Info    : [ 90%] Meshing curve 9390 (Line)
Info    : [ 90%] Meshing curve 9389 (Line)
Info    : [ 90%] Meshing curve 9391 (Line)
Info    : [ 90%] Meshing curve 9392 (Line)
Info    : [ 90%] Meshing curve 9393 (Line)
Info    : [ 90%] Meshing curve 9394 (Line)
Info    : [ 90%] Meshing curve 9395 (Line)
Info    : [ 90%] Meshing curve 9396 (Line)
Info    : [ 90%] Meshing curve 9397 (Line)
Info    : [ 90%] Meshing curve 9398 (Line)
Info    : [ 90%] Meshing curve 9399 (Line)
Info    : [ 90%] Meshing curve 9400 (Line)
Info    : [ 90%] Meshing curve 9401 (Line)
Info    : [ 90%] Meshing curve 9402 (Line)
Info    : [ 90%] Meshing curve 9403 (Line)
Info    : [ 90%] Meshing curve 9404 (Line)
Info    : [ 90%] Meshing curve 9405 (Line)
Info    : [ 90%] Meshing curve 9406 (Line)
Info    : [ 90%] Meshing curve 9407 (Line)
Info    : [ 90%] Meshing curve 9408 (Line)
Info    : [ 90%] Meshing curve 9409 (Line)
Info    : [ 90%] Meshing curve 9410 (Line)
Info    : [ 90%] Meshing curve 9411 (Line)
Info    : [ 90%] Meshing curve 9412 (Line)
Info    : [ 90%] Meshing curve 9413 (Line)
Info    : [ 90%] Meshing curve 9414 (Line)
Info    : [ 90%] Meshing curve 9415 (Line)
Info    : [ 90%] Meshing curve 9416 (Line)
Info    : [ 90%] Meshing curve 9417 (Line)
Info    : [ 90%] Meshing curve 9418 (Line)
Info    : [ 90%] Meshing curve 9419 (Line)
Info    : [ 90%] Meshing curve 9420 (Line)
Info    : [ 90%] Meshing curve 9421 (Line)
Info    : [ 90%] Meshing curve 9422 (Line)
Info    : [ 90%] Meshing curve 9423 (Line)
Info    : [ 90%] Meshing curve 9424 (Line)
Info    : [ 90%] Meshing curve 9425 (Line)
Info    : [ 90%] Meshing curve 9426 (Line)
Info    : [ 90%] Meshing curve 9427 (Line)
Info    : [ 90%] Meshing curve 9428 (Line)
Info    : [ 90%] Meshing curve 9429 (Line)
Info    : [ 90%] Meshing curve 9430 (Line)
Info    : [ 90%] Meshing curve 9431 (Line)
Info    : [ 90%] Meshing curve 9432 (Line)
Info    : [ 90%] Meshing curve 9433 (Line)
Info    : [ 90%] Meshing curve 9434 (Line)
Info    : [ 90%] Meshing curve 9435 (Line)
Info    : [ 90%] Meshing curve 9436 (Line)
Info    : [ 90%] Meshing curve 9437 (Line)
Info    : [ 90%] Meshing curve 9438 (Line)
Info    : [ 90%] Meshing curve 9439 (Line)
Info    : [ 90%] Meshing curve 9440 (Line)
Info    : [ 90%] Meshing curve 9441 (Line)
Info    : [ 90%] Meshing curve 9442 (Line)
Info    : [ 90%] Meshing curve 9443 (Line)
Info    : [ 90%] Meshing curve 9444 (Line)
Info    : [ 90%] Meshing curve 9445 (Line)
Info    : [ 90%] Meshing curve 9446 (Line)
Info    : [ 90%] Meshing curve 9447 (Line)
Info    : [ 90%] Meshing curve 9448 (Line)
Info    : [ 90%] Meshing curve 9449 (Line)
Info    : [ 90%] Meshing curve 9450 (Line)
Info    : [ 90%] Meshing curve 9451 (Line)
Info    : [ 90%] Meshing curve 9452 (Line)
Info    : [ 90%] Meshing curve 9453 (Line)
Info    : [ 90%] Meshing curve 9454 (Line)
Info    : [ 90%] Meshing curve 9455 (Line)
Info    : [ 90%] Meshing curve 9456 (Line)
Info    : [ 90%] Meshing curve 9457 (Line)
Info    : [ 90%] Meshing curve 9458 (Line)
Info    : [ 90%] Meshing curve 9459 (Line)
Info    : [ 90%] Meshing curve 9460 (Line)
Info    : [ 90%] Meshing curve 9461 (Line)
Info    : [ 90%] Meshing curve 9462 (Line)
Info    : [ 90%] Meshing curve 9463 (Line)
Info    : [ 90%] Meshing curve 9464 (Line)
Info    : [ 90%] Meshing curve 9465 (Line)
Info    : [ 90%] Meshing curve 9466 (Line)
Info    : [ 90%] Meshing curve 9467 (Line)
Info    : [ 90%] Meshing curve 9468 (Line)
Info    : [ 90%] Meshing curve 9469 (Line)
Info    : [ 90%] Meshing curve 9470 (Line)
Info    : [ 90%] Meshing curve 9471 (Line)
Info    : [ 90%] Meshing curve 9472 (Line)
Info    : [ 90%] Meshing curve 9473 (Line)
Info    : [ 90%] Meshing curve 9474 (Line)
Info    : [ 90%] Meshing curve 9475 (Line)
Info    : [ 90%] Meshing curve 9476 (Line)
Info    : [ 90%] Meshing curve 9477 (Line)
Info    : [ 90%] Meshing curve 9478 (Line)
Info    : [ 90%] Meshing curve 9479 (Line)
Info    : [ 90%] Meshing curve 9480 (Line)
Info    : [ 90%] Meshing curve 9481 (Line)
Info    : [ 90%] Meshing curve 9482 (Line)
Info    : [ 90%] Meshing curve 9483 (Line)
Info    : [100%] Meshing curve 9484 (Line)
Info    : [100%] Meshing curve 9485 (Line)
Info    : [100%] Meshing curve 9486 (Line)
Info    : [100%] Meshing curve 9487 (Line)
Info    : [100%] Meshing curve 9488 (Line)
Info    : [100%] Meshing curve 9489 (Line)
Info    : [100%] Meshing curve 9490 (Line)
Info    : [100%] Meshing curve 9491 (Line)
Info    : [100%] Meshing curve 9492 (Line)
Info    : [100%] Meshing curve 9493 (Line)
Info    : [100%] Meshing curve 9494 (Line)
Info    : [100%] Meshing curve 9495 (Line)
Info    : [100%] Meshing curve 9496 (Line)
Info    : [100%] Meshing curve 9497 (Line)
Info    : [100%] Meshing curve 9498 (Line)
Info    : [100%] Meshing curve 9499 (Line)
Info    : [100%] Meshing curve 9500 (Line)
Info    : [100%] Meshing curve 9501 (Line)
Info    : [100%] Meshing curve 9502 (Line)
Info    : [100%] Meshing curve 9503 (Line)
Info    : [100%] Meshing curve 9504 (Line)
Info    : [100%] Meshing curve 9505 (Line)
Info    : [100%] Meshing curve 9506 (Line)
Info    : [100%] Meshing curve 9507 (Line)
Info    : [100%] Meshing curve 9508 (Line)
Info    : [100%] Meshing curve 9509 (Line)
Info    : [100%] Meshing curve 9510 (Line)
Info    : [100%] Meshing curve 9511 (Line)
Info    : [100%] Meshing curve 9512 (Line)
Info    : [100%] Meshing curve 9513 (Line)
Info    : [100%] Meshing curve 9514 (Line)
Info    : [100%] Meshing curve 9515 (Line)
Info    : [100%] Meshing curve 9516 (Line)
Info    : [100%] Meshing curve 9517 (Line)
Info    : [100%] Meshing curve 9518 (Line)
Info    : [100%] Meshing curve 9519 (Line)
Info    : [100%] Meshing curve 9520 (Line)
Info    : [100%] Meshing curve 9521 (Line)
Info    : [100%] Meshing curve 9522 (Line)
Info    : [100%] Meshing curve 9523 (Line)
Info    : [100%] Meshing curve 9524 (Line)
Info    : [100%] Meshing curve 9525 (Line)
Info    : [100%] Meshing curve 9526 (Line)
Info    : [100%] Meshing curve 9527 (Line)
Info    : [100%] Meshing curve 9528 (Line)
Info    : [100%] Meshing curve 9529 (Line)
Info    : [100%] Meshing curve 9530 (Line)
Info    : [100%] Meshing curve 9531 (Line)
Info    : [100%] Meshing curve 9532 (Line)
Info    : [100%] Meshing curve 9533 (Line)
Info    : [100%] Meshing curve 9534 (Line)
Info    : [100%] Meshing curve 9535 (Line)
Info    : [100%] Meshing curve 9536 (Line)
Info    : [100%] Meshing curve 9537 (Line)
Info    : [100%] Meshing curve 9538 (Line)
Info    : [100%] Meshing curve 9539 (Line)
Info    : [100%] Meshing curve 9540 (Line)
Info    : [100%] Meshing curve 9541 (Line)
Info    : [100%] Meshing curve 9542 (Line)
Info    : [100%] Meshing curve 9543 (Line)
Info    : [100%] Meshing curve 9544 (Line)
Info    : [100%] Meshing curve 9545 (Line)
Info    : [100%] Meshing curve 9546 (Line)
Info    : [100%] Meshing curve 9547 (Line)
Info    : [100%] Meshing curve 9548 (Line)
Info    : [100%] Meshing curve 9549 (Line)
Info    : [100%] Meshing curve 9550 (Line)
Info    : [100%] Meshing curve 9551 (Line)
Info    : [100%] Meshing curve 9552 (Line)
Info    : [100%] Meshing curve 9553 (Line)
Info    : [100%] Meshing curve 9554 (Line)
Info    : [100%] Meshing curve 9555 (Line)
Info    : [100%] Meshing curve 9557 (Line)
Info    : [100%] Meshing curve 9556 (Line)
Info    : [100%] Meshing curve 9558 (Line)
Info    : [100%] Meshing curve 9559 (Line)
Info    : [100%] Meshing curve 9560 (Line)
Info    : [100%] Meshing curve 9561 (Line)
Info    : [100%] Meshing curve 9562 (Line)
Info    : [100%] Meshing curve 9563 (Line)
Info    : [100%] Meshing curve 9564 (Line)
Info    : [100%] Meshing curve 9565 (Line)
Info    : [100%] Meshing curve 9566 (Line)
Info    : [100%] Meshing curve 9567 (Line)
Info    : [100%] Meshing curve 9568 (Line)
Info    : [100%] Meshing curve 9569 (Line)
Info    : [100%] Meshing curve 9570 (Line)
Info    : [100%] Meshing curve 9571 (Line)
Info    : [100%] Meshing curve 9572 (Line)
Info    : [100%] Meshing curve 9573 (Line)
Info    : [100%] Meshing curve 9574 (Line)
Info    : [100%] Meshing curve 9575 (Line)
Info    : [100%] Meshing curve 9576 (Line)
Info    : [100%] Meshing curve 9577 (Line)
Info    : [100%] Meshing curve 9578 (Line)
Info    : [100%] Meshing curve 9579 (Line)
Info    : [100%] Meshing curve 9580 (Line)
Info    : [100%] Meshing curve 9581 (Line)
Info    : [100%] Meshing curve 9582 (Line)
Info    : [100%] Meshing curve 9583 (Line)
Info    : [100%] Meshing curve 9584 (Line)
Info    : [100%] Meshing curve 9585 (Line)
Info    : [100%] Meshing curve 9586 (Line)
Info    : [100%] Meshing curve 9587 (Line)
Info    : [100%] Meshing curve 9588 (Line)
Info    : [100%] Meshing curve 9589 (Line)
Info    : [100%] Meshing curve 9590 (Line)
Info    : [100%] Meshing curve 9591 (Line)
Info    : [100%] Meshing curve 9592 (Line)
Info    : [100%] Meshing curve 9593 (Line)
Info    : [100%] Meshing curve 9594 (Line)
Info    : [100%] Meshing curve 9595 (Line)
Info    : [100%] Meshing curve 9596 (Line)
Info    : [100%] Meshing curve 9597 (Line)
Info    : [100%] Meshing curve 9598 (TrimmedCurve)
Info    : [100%] Meshing curve 9599 (TrimmedCurve)
Info    : [100%] Meshing curve 9600 (TrimmedCurve)
Info    : [100%] Meshing curve 9601 (TrimmedCurve)
Info    : [100%] Meshing curve 9603 (TrimmedCurve)
Info    : [100%] Meshing curve 9604 (TrimmedCurve)
Info    : [100%] Meshing curve 9602 (TrimmedCurve)
Info    : [100%] Meshing curve 9605 (TrimmedCurve)
Info    : [100%] Meshing curve 9606 (TrimmedCurve)
Info    : [100%] Meshing curve 9607 (TrimmedCurve)
Info    : [100%] Meshing curve 9608 (TrimmedCurve)
Info    : [100%] Meshing curve 9609 (TrimmedCurve)
Info    : [100%] Meshing curve 9610 (TrimmedCurve)
Info    : [100%] Meshing curve 9611 (TrimmedCurve)
Info    : [100%] Meshing curve 9612 (TrimmedCurve)
Info    : [100%] Meshing curve 9613 (TrimmedCurve)
Info    : [100%] Meshing curve 9614 (TrimmedCurve)
Info    : [100%] Meshing curve 9615 (TrimmedCurve)
Info    : [100%] Meshing curve 9616 (TrimmedCurve)
Info    : [100%] Meshing curve 9617 (TrimmedCurve)
Info    : [100%] Meshing curve 9618 (TrimmedCurve)
Info    : [100%] Meshing curve 9619 (TrimmedCurve)
Info    : [100%] Meshing curve 9620 (TrimmedCurve)
Info    : [100%] Meshing curve 9621 (TrimmedCurve)
Info    : [100%] Meshing curve 9622 (Line)
Info    : [100%] Meshing curve 9623 (Line)
Info    : [100%] Meshing curve 9624 (Line)
Info    : [100%] Meshing curve 9625 (Line)
Info    : [100%] Meshing curve 9626 (Line)
Info    : [100%] Meshing curve 9627 (Line)
Info    : [100%] Meshing curve 9628 (Line)
Info    : [100%] Meshing curve 9629 (Line)
Info    : [100%] Meshing curve 9630 (Line)
Info    : [100%] Meshing curve 9631 (Line)
Info    : [100%] Meshing curve 9632 (Line)
Info    : [100%] Meshing curve 9633 (Line)
Info    : [100%] Meshing curve 9634 (Line)
Info    : [100%] Meshing curve 9635 (Line)
Info    : [100%] Meshing curve 9636 (Line)
Info    : [100%] Meshing curve 9637 (Line)
Info    : [100%] Meshing curve 9638 (Line)
Info    : [100%] Meshing curve 9639 (Line)
Info    : [100%] Meshing curve 9640 (Line)
Info    : [100%] Meshing curve 9641 (Line)
Info    : [100%] Meshing curve 9642 (Line)
Info    : [100%] Meshing curve 9643 (Line)
Info    : [100%] Meshing curve 9644 (Line)
Info    : [100%] Meshing curve 9645 (Line)
Info    : [100%] Meshing curve 9646 (Line)
Info    : [100%] Meshing curve 9647 (Line)
Info    : [100%] Meshing curve 9648 (Line)
Info    : [100%] Meshing curve 9649 (Line)
Info    : [100%] Meshing curve 9650 (Line)
Info    : [100%] Meshing curve 9651 (Line)
Info    : [100%] Meshing curve 9652 (Line)
Info    : [100%] Meshing curve 9653 (Line)
Info    : [100%] Meshing curve 9654 (Line)
Info    : [100%] Meshing curve 9655 (Line)
Info    : [100%] Meshing curve 9656 (Line)
Info    : [100%] Meshing curve 9657 (Line)
Info    : [100%] Meshing curve 9658 (Line)
Info    : [100%] Meshing curve 9659 (Line)
Info    : [100%] Meshing curve 9660 (Line)
Info    : [100%] Meshing curve 9661 (Line)
Info    : [100%] Meshing curve 9662 (Line)
Info    : [100%] Meshing curve 9663 (Line)
Info    : [100%] Meshing curve 9664 (Line)
Info    : [100%] Meshing curve 9665 (Line)
Info    : [100%] Meshing curve 9666 (Line)
Info    : [100%] Meshing curve 9667 (Line)
Info    : [100%] Meshing curve 9668 (Line)
Info    : [100%] Meshing curve 9669 (Line)
Info    : [100%] Meshing curve 9670 (Line)
Info    : [100%] Meshing curve 9671 (Line)
Info    : [100%] Meshing curve 9672 (Line)
Info    : [100%] Meshing curve 9673 (Line)
Info    : [100%] Meshing curve 9674 (Line)
Info    : [100%] Meshing curve 9675 (Line)
Info    : [100%] Meshing curve 9676 (Line)
Info    : [100%] Meshing curve 9677 (Line)
Info    : [100%] Meshing curve 9678 (Line)
Info    : [100%] Meshing curve 9679 (Line)
Info    : [100%] Meshing curve 9680 (Line)
Info    : [100%] Meshing curve 9681 (Line)
Info    : [100%] Meshing curve 9682 (Line)
Info    : [100%] Meshing curve 9683 (Line)
Info    : [100%] Meshing curve 9684 (Line)
Info    : [100%] Meshing curve 9685 (Line)
Info    : [100%] Meshing curve 9686 (Line)
Info    : [100%] Meshing curve 9687 (Line)
Info    : [100%] Meshing curve 9688 (Line)
Info    : [100%] Meshing curve 9689 (Line)
Info    : [100%] Meshing curve 9690 (Line)
Info    : [100%] Meshing curve 9691 (Line)
Info    : [100%] Meshing curve 9692 (Line)
Info    : [100%] Meshing curve 9693 (Line)
Info    : [100%] Meshing curve 9694 (Line)
Info    : [100%] Meshing curve 9695 (Line)
Info    : [100%] Meshing curve 9696 (Line)
Info    : [100%] Meshing curve 9697 (Line)
Info    : [100%] Meshing curve 9698 (Line)
Info    : [100%] Meshing curve 9699 (Line)
Info    : [100%] Meshing curve 9700 (Line)
Info    : [100%] Meshing curve 9701 (Line)
Info    : [100%] Meshing curve 9702 (Line)
Info    : [100%] Meshing curve 9703 (Line)
Info    : [100%] Meshing curve 9704 (Line)
Info    : [100%] Meshing curve 9705 (Line)
Info    : [100%] Meshing curve 9706 (Line)
Info    : [100%] Meshing curve 9707 (Line)
Info    : [100%] Meshing curve 9708 (Line)
Info    : [100%] Meshing curve 9709 (Line)
Info    : [100%] Meshing curve 9710 (Line)
Info    : [100%] Meshing curve 9711 (Line)
Info    : [100%] Meshing curve 9712 (Line)
Info    : [100%] Meshing curve 9713 (Line)
Info    : [100%] Meshing curve 9714 (Line)
Info    : [100%] Meshing curve 9715 (Line)
Info    : [100%] Meshing curve 9716 (Line)
Info    : [100%] Meshing curve 9717 (Line)
Info    : [100%] Meshing curve 9718 (Line)
Info    : [100%] Meshing curve 9719 (Line)
Info    : [100%] Meshing curve 9720 (Line)
Info    : [100%] Meshing curve 9721 (Line)
Info    : [100%] Meshing curve 9722 (Line)
Info    : [100%] Meshing curve 9723 (Line)
Info    : [100%] Meshing curve 9724 (Line)
Info    : [100%] Meshing curve 9725 (Line)
Info    : [100%] Meshing curve 9726 (Line)
Info    : [100%] Meshing curve 9727 (Line)
Info    : [100%] Meshing curve 9728 (Line)
Info    : [100%] Meshing curve 9729 (Line)
Info    : [100%] Meshing curve 9730 (Line)
Info    : [100%] Meshing curve 9731 (Line)
Info    : [100%] Meshing curve 9732 (Line)
Info    : [100%] Meshing curve 9733 (Line)
Info    : [100%] Meshing curve 9734 (Line)
Info    : [100%] Meshing curve 9735 (Line)
Info    : [100%] Meshing curve 9736 (Line)
Info    : [100%] Meshing curve 9737 (Line)
Info    : [100%] Meshing curve 9738 (Line)
Info    : [100%] Meshing curve 9739 (Line)
Info    : [100%] Meshing curve 9740 (Line)
Info    : [100%] Meshing curve 9741 (Line)
Info    : [100%] Meshing curve 9742 (Line)
Info    : [100%] Meshing curve 9743 (Line)
Info    : [100%] Meshing curve 9744 (Line)
Info    : [100%] Meshing curve 9745 (Line)
Info    : [100%] Meshing curve 9746 (Line)
Info    : [100%] Meshing curve 9747 (Line)
Info    : [100%] Meshing curve 9748 (Line)
Info    : [100%] Meshing curve 9749 (Line)
Info    : [100%] Meshing curve 9750 (Line)
Info    : [100%] Meshing curve 9751 (Line)
Info    : [100%] Meshing curve 9752 (Line)
Info    : [100%] Meshing curve 9753 (Line)
Info    : [100%] Meshing curve 9754 (Line)
Info    : [100%] Meshing curve 9755 (Line)
Info    : [100%] Meshing curve 9756 (Line)
Info    : [100%] Meshing curve 9757 (Line)
Info    : [100%] Meshing curve 9758 (Line)
Info    : [100%] Meshing curve 9759 (Line)
Info    : [100%] Meshing curve 9760 (Line)
Info    : [100%] Meshing curve 9761 (Line)
Info    : [100%] Meshing curve 9762 (Line)
Info    : [100%] Meshing curve 9763 (Line)
Info    : [100%] Meshing curve 9764 (Line)
Info    : [100%] Meshing curve 9765 (Line)
Info    : [100%] Meshing curve 9766 (Line)
Info    : [100%] Meshing curve 9767 (Line)
Info    : [100%] Meshing curve 9768 (Line)
Info    : [100%] Meshing curve 9769 (Line)
Info    : [100%] Meshing curve 9770 (Line)
Info    : [100%] Meshing curve 9771 (Line)
Info    : [100%] Meshing curve 9772 (Line)
Info    : [100%] Meshing curve 9773 (Line)
Info    : [100%] Meshing curve 9774 (Line)
Info    : [100%] Meshing curve 9775 (Line)
Info    : [100%] Meshing curve 9776 (Line)
Info    : [100%] Meshing curve 9777 (Line)
Info    : [100%] Meshing curve 9778 (Line)
Info    : [100%] Meshing curve 9779 (Line)
Info    : [100%] Meshing curve 9780 (Line)
Info    : [100%] Meshing curve 9781 (Line)
Info    : [100%] Meshing curve 9782 (Line)
Info    : [100%] Meshing curve 9783 (Line)
Info    : [100%] Meshing curve 9784 (Line)
Info    : [100%] Meshing curve 9785 (Line)
Info    : [100%] Meshing curve 9786 (Line)
Info    : [100%] Meshing curve 9787 (Line)
Info    : [100%] Meshing curve 9788 (Line)
Info    : [100%] Meshing curve 9789 (Line)
Info    : [100%] Meshing curve 9790 (Line)
Info    : [100%] Meshing curve 9791 (Line)
Info    : [100%] Meshing curve 9792 (Line)
Info    : [100%] Meshing curve 9793 (Line)
Info    : [100%] Meshing curve 9794 (Line)
Info    : [100%] Meshing curve 9795 (Line)
Info    : [100%] Meshing curve 9796 (Line)
Info    : [100%] Meshing curve 9797 (Line)
Info    : [100%] Meshing curve 9798 (Line)
Info    : [100%] Meshing curve 9799 (Line)
Info    : [100%] Meshing curve 9800 (Line)
Info    : [100%] Meshing curve 9801 (Line)
Info    : [100%] Meshing curve 9802 (Line)
Info    : [100%] Meshing curve 9803 (Line)
Info    : [100%] Meshing curve 9804 (Line)
Info    : [100%] Meshing curve 9805 (Line)
Info    : [100%] Meshing curve 9806 (Line)
Info    : [100%] Meshing curve 9807 (Line)
Info    : [100%] Meshing curve 9808 (Line)
Info    : [100%] Meshing curve 9809 (Line)
Info    : [100%] Meshing curve 9810 (Line)
Info    : [100%] Meshing curve 9811 (Line)
Info    : [100%] Meshing curve 9812 (Line)
Info    : [100%] Meshing curve 9813 (Line)
Info    : [100%] Meshing curve 9814 (TrimmedCurve)
Info    : [100%] Meshing curve 9815 (TrimmedCurve)
Info    : [100%] Meshing curve 9816 (TrimmedCurve)
Info    : [100%] Meshing curve 9817 (TrimmedCurve)
Info    : [100%] Meshing curve 9818 (TrimmedCurve)
Info    : [100%] Meshing curve 9819 (TrimmedCurve)
Info    : [100%] Meshing curve 9820 (TrimmedCurve)
Info    : [100%] Meshing curve 9821 (TrimmedCurve)
Info    : [100%] Meshing curve 9822 (Line)
Info    : [100%] Meshing curve 9823 (Line)
Info    : [100%] Meshing curve 9824 (Line)
Info    : [100%] Meshing curve 9825 (Line)
Info    : [100%] Meshing curve 9826 (Line)
Info    : [100%] Meshing curve 9827 (Line)
Info    : [100%] Meshing curve 9828 (Line)
Info    : [100%] Meshing curve 9829 (Line)
Info    : [100%] Meshing curve 9830 (Line)
Info    : [100%] Meshing curve 9831 (Line)
Info    : [100%] Meshing curve 9832 (Line)
Info    : [100%] Meshing curve 9833 (Line)
Info    : [100%] Meshing curve 9834 (Line)
Info    : [100%] Meshing curve 9835 (Line)
Info    : [100%] Meshing curve 9836 (Line)
Info    : [100%] Meshing curve 9837 (Line)
Info    : [100%] Meshing curve 9838 (Line)
Info    : [100%] Meshing curve 9839 (Line)
Info    : [100%] Meshing curve 9840 (Line)
Info    : [100%] Meshing curve 9841 (Line)
Info    : [100%] Meshing curve 9842 (Line)
Info    : [100%] Meshing curve 9843 (Line)
Info    : [100%] Meshing curve 9844 (Line)
Info    : [100%] Meshing curve 9845 (Line)
Info    : [100%] Meshing curve 9846 (Line)
Info    : [100%] Meshing curve 9847 (Line)
Info    : [100%] Meshing curve 9848 (Line)
Info    : [100%] Meshing curve 9849 (Line)
Info    : [100%] Meshing curve 9850 (Line)
Info    : [100%] Meshing curve 9851 (Line)
Info    : [100%] Meshing curve 9852 (Line)
Info    : [100%] Meshing curve 9853 (Line)
Info    : [100%] Meshing curve 9854 (Line)
Info    : [100%] Meshing curve 9855 (Line)
Info    : [100%] Meshing curve 9856 (Line)
Info    : [100%] Meshing curve 9857 (Line)
Info    : [100%] Meshing curve 9858 (Line)
Info    : [100%] Meshing curve 9859 (Line)
Info    : [100%] Meshing curve 9860 (Line)
Info    : [100%] Meshing curve 9861 (Line)
Info    : [100%] Meshing curve 9862 (Line)
Info    : [100%] Meshing curve 9863 (Line)
Info    : [100%] Meshing curve 9864 (Line)
Info    : [100%] Meshing curve 9865 (Line)
Info    : [100%] Meshing curve 9866 (Line)
Info    : [100%] Meshing curve 9867 (Line)
Info    : [100%] Meshing curve 9869 (Line)
Info    : [100%] Meshing curve 9868 (Line)
Info    : [100%] Meshing curve 9870 (Line)
Info    : [100%] Meshing curve 9871 (Line)
Info    : [100%] Meshing curve 9872 (Line)
Info    : [100%] Meshing curve 9873 (Line)
Info    : [100%] Meshing curve 9874 (Line)
Info    : [100%] Meshing curve 9875 (Line)
Info    : [100%] Meshing curve 9876 (Line)
Info    : [100%] Meshing curve 9877 (Line)
Info    : [100%] Meshing curve 9878 (Line)
Info    : [100%] Meshing curve 9879 (Line)
Info    : [100%] Meshing curve 9880 (Line)
Info    : [100%] Meshing curve 9881 (Line)
Info    : [100%] Meshing curve 9882 (Line)
Info    : [100%] Meshing curve 9883 (Line)
Info    : [100%] Meshing curve 9884 (Line)
Info    : [100%] Meshing curve 9885 (Line)
Info    : [100%] Meshing curve 9886 (TrimmedCurve)
Info    : [100%] Meshing curve 9887 (TrimmedCurve)
Info    : [100%] Meshing curve 9888 (TrimmedCurve)
Info    : [100%] Meshing curve 9889 (TrimmedCurve)
Info    : [100%] Meshing curve 9890 (TrimmedCurve)
Info    : [100%] Meshing curve 9891 (TrimmedCurve)
Info    : [100%] Meshing curve 9892 (TrimmedCurve)
Info    : [100%] Meshing curve 9893 (TrimmedCurve)
Info    : [100%] Meshing curve 9894 (TrimmedCurve)
Info    : [100%] Meshing curve 9895 (TrimmedCurve)
Info    : [100%] Meshing curve 9896 (TrimmedCurve)
Info    : [100%] Meshing curve 9898 (TrimmedCurve)
Info    : [100%] Meshing curve 9897 (TrimmedCurve)
Info    : [100%] Meshing curve 9899 (TrimmedCurve)
Info    : [100%] Meshing curve 9900 (TrimmedCurve)
Info    : [100%] Meshing curve 9901 (TrimmedCurve)
Info    : [100%] Meshing curve 9902 (Line)
Info    : [100%] Meshing curve 9903 (Line)
Info    : [100%] Meshing curve 9904 (Line)
Info    : [100%] Meshing curve 9905 (Line)
Info    : [100%] Meshing curve 9906 (Line)
Info    : [100%] Meshing curve 9907 (Line)
Info    : [100%] Meshing curve 9908 (Line)
Info    : [100%] Meshing curve 9909 (Line)
Info    : [100%] Meshing curve 9910 (Line)
Info    : [100%] Meshing curve 9911 (Line)
Info    : [100%] Meshing curve 9912 (Line)
Info    : [100%] Meshing curve 9913 (Line)
Info    : [100%] Meshing curve 9914 (Line)
Info    : [100%] Meshing curve 9915 (Line)
Info    : [100%] Meshing curve 9916 (Line)
Info    : [100%] Meshing curve 9917 (Line)
Info    : [100%] Meshing curve 9918 (Line)
Info    : [100%] Meshing curve 9919 (Line)
Info    : [100%] Meshing curve 9920 (Line)
Info    : [100%] Meshing curve 9921 (Line)
Info    : [100%] Meshing curve 9922 (Line)
Info    : [100%] Meshing curve 9923 (Line)
Info    : [100%] Meshing curve 9924 (Line)
Info    : [100%] Meshing curve 9925 (Line)
Info    : [100%] Meshing curve 9926 (Line)
Info    : [100%] Meshing curve 9927 (Line)
Info    : [100%] Meshing curve 9928 (Line)
Info    : [100%] Meshing curve 9929 (Line)
Info    : [100%] Meshing curve 9930 (Line)
Info    : [100%] Meshing curve 9931 (Line)
Info    : [100%] Meshing curve 9932 (Line)
Info    : [100%] Meshing curve 9933 (Line)
Info    : [100%] Meshing curve 9934 (TrimmedCurve)
Info    : [100%] Meshing curve 9935 (TrimmedCurve)
Info    : [100%] Meshing curve 9936 (TrimmedCurve)
Info    : [100%] Meshing curve 9937 (TrimmedCurve)
Info    : [100%] Meshing curve 9938 (TrimmedCurve)
Info    : [100%] Meshing curve 9939 (TrimmedCurve)
Info    : [100%] Meshing curve 9940 (TrimmedCurve)
Info    : [100%] Meshing curve 9941 (TrimmedCurve)
Info    : [100%] Meshing curve 9942 (TrimmedCurve)
Info    : [100%] Meshing curve 9943 (TrimmedCurve)
Info    : [100%] Meshing curve 9945 (TrimmedCurve)
Info    : [100%] Meshing curve 9944 (TrimmedCurve)
Info    : [100%] Meshing curve 9946 (TrimmedCurve)
Info    : [100%] Meshing curve 9947 (TrimmedCurve)
Info    : [100%] Meshing curve 9948 (TrimmedCurve)
Info    : [100%] Meshing curve 9949 (TrimmedCurve)
Info    : [100%] Meshing curve 9950 (Line)
Info    : [100%] Meshing curve 9951 (Line)
Info    : [100%] Meshing curve 9952 (Line)
Info    : [100%] Meshing curve 9953 (Line)
Info    : [100%] Meshing curve 9954 (Line)
Info    : [100%] Meshing curve 9955 (Line)
Info    : [100%] Meshing curve 9956 (Line)
Info    : [100%] Meshing curve 9957 (Line)
Info    : [100%] Meshing curve 9958 (Line)
Info    : [100%] Meshing curve 9959 (Line)
Info    : [100%] Meshing curve 9960 (Line)
Info    : [100%] Meshing curve 9961 (Line)
Info    : [100%] Meshing curve 9962 (Line)
Info    : [100%] Meshing curve 9963 (Line)
Info    : [100%] Meshing curve 9964 (Line)
Info    : [100%] Meshing curve 9965 (Line)
Info    : [100%] Meshing curve 9966 (Line)
Info    : [100%] Meshing curve 9967 (Line)
Info    : [100%] Meshing curve 9968 (Line)
Info    : [100%] Meshing curve 9969 (Line)
Info    : [100%] Meshing curve 9970 (Line)
Info    : [100%] Meshing curve 9971 (Line)
Info    : [100%] Meshing curve 9972 (Line)
Info    : [100%] Meshing curve 9973 (Line)
Info    : [100%] Meshing curve 9974 (Line)
Info    : [100%] Meshing curve 9975 (Line)
Info    : [100%] Meshing curve 9976 (Line)
Info    : [100%] Meshing curve 9977 (Line)
Info    : [100%] Meshing curve 9978 (Line)
Info    : [100%] Meshing curve 9979 (Line)
Info    : [100%] Meshing curve 9980 (Line)
Info    : [100%] Meshing curve 9981 (Line)
Info    : [100%] Meshing curve 9982 (Line)
Info    : [100%] Meshing curve 9983 (Line)
Info    : [100%] Meshing curve 9984 (Line)
Info    : [100%] Meshing curve 9985 (Line)
Info    : [100%] Meshing curve 9986 (Line)
Info    : [100%] Meshing curve 9987 (Line)
Info    : [100%] Meshing curve 9988 (Line)
Info    : [100%] Meshing curve 9989 (Line)
Info    : [100%] Meshing curve 9990 (Line)
Info    : [100%] Meshing curve 9991 (Line)
Info    : [100%] Meshing curve 9992 (Line)
Info    : [100%] Meshing curve 9993 (Line)
Info    : [100%] Meshing curve 9994 (Line)
Info    : [100%] Meshing curve 9995 (Line)
Info    : [100%] Meshing curve 9996 (Line)
Info    : [100%] Meshing curve 9997 (Line)
Info    : [100%] Meshing curve 9998 (Line)
Info    : [100%] Meshing curve 9999 (Line)
Info    : [100%] Meshing curve 10000 (Line)
Info    : [100%] Meshing curve 10001 (Line)
Info    : [100%] Meshing curve 10002 (Line)
Info    : [100%] Meshing curve 10003 (Line)
Info    : [100%] Meshing curve 10004 (Line)
Info    : [100%] Meshing curve 10005 (Line)
Info    : [100%] Meshing curve 10006 (Line)
Info    : [100%] Meshing curve 10007 (Line)
Info    : [100%] Meshing curve 10008 (Line)
Info    : [100%] Meshing curve 10009 (Line)
Info    : [100%] Meshing curve 10010 (Line)
Info    : [100%] Meshing curve 10011 (Line)
Info    : [100%] Meshing curve 10012 (Line)
Info    : [100%] Meshing curve 10013 (Line)
Info    : [100%] Meshing curve 10014 (Line)
Info    : [100%] Meshing curve 10015 (Line)
Info    : [100%] Meshing curve 10016 (Line)
Info    : [100%] Meshing curve 10017 (Line)
Info    : [100%] Meshing curve 10018 (Line)
Info    : [100%] Meshing curve 10019 (Line)
Info    : [100%] Meshing curve 10020 (Line)
Info    : [100%] Meshing curve 10021 (Line)
Info    : [100%] Meshing curve 10022 (Line)
Info    : [100%] Meshing curve 10023 (Line)
Info    : [100%] Meshing curve 10024 (Line)
Info    : [100%] Meshing curve 10025 (Line)
Info    : [100%] Meshing curve 10026 (Line)
Info    : [100%] Meshing curve 10027 (Line)
Info    : [100%] Meshing curve 10028 (Line)
Info    : [100%] Meshing curve 10029 (Line)
Info    : [100%] Meshing curve 10030 (Line)
Info    : [100%] Meshing curve 10031 (Line)
Info    : [100%] Meshing curve 10032 (Line)
Info    : [100%] Meshing curve 10033 (Line)
Info    : [100%] Meshing curve 10034 (Line)
Info    : [100%] Meshing curve 10035 (Line)
Info    : [100%] Meshing curve 10036 (Line)
Info    : [100%] Meshing curve 10037 (Line)
Info    : [100%] Meshing curve 10038 (Line)
Info    : [100%] Meshing curve 10039 (Line)
Info    : [100%] Meshing curve 10040 (Line)
Info    : [100%] Meshing curve 10041 (Line)
Info    : [100%] Meshing curve 10042 (Line)
Info    : [100%] Meshing curve 10043 (Line)
Info    : [100%] Meshing curve 10044 (Line)
Info    : [100%] Meshing curve 10045 (Line)
Info    : [100%] Meshing curve 10046 (Line)
Info    : [100%] Meshing curve 10047 (Line)
Info    : [100%] Meshing curve 10048 (Line)
Info    : [100%] Meshing curve 10049 (Line)
Info    : [100%] Meshing curve 10050 (Line)
Info    : [100%] Meshing curve 10051 (Line)
Info    : [100%] Meshing curve 10052 (Line)
Info    : [100%] Meshing curve 10053 (Line)
Info    : [100%] Meshing curve 10055 (Line)
Info    : [100%] Meshing curve 10054 (Line)
Info    : [100%] Meshing curve 10056 (Line)
Info    : [100%] Meshing curve 10057 (Line)
Info    : [100%] Meshing curve 10058 (Line)
Info    : [100%] Meshing curve 10059 (Line)
Info    : [100%] Meshing curve 10060 (Line)
Info    : [100%] Meshing curve 10061 (Line)
Info    : [100%] Meshing curve 10062 (Line)
Info    : [100%] Meshing curve 10063 (Line)
Info    : [100%] Meshing curve 10064 (Line)
Info    : [100%] Meshing curve 10065 (Line)
Info    : [100%] Meshing curve 10067 (Line)
Info    : [100%] Meshing curve 10066 (Line)
Info    : [100%] Meshing curve 10068 (Line)
Info    : [100%] Meshing curve 10069 (Line)
Info    : [100%] Meshing curve 10070 (Line)
Info    : [100%] Meshing curve 10071 (Line)
Info    : [100%] Meshing curve 10072 (Line)
Info    : [100%] Meshing curve 10073 (Line)
Info    : [100%] Meshing curve 10074 (Line)
Info    : [100%] Meshing curve 10075 (Line)
Info    : [100%] Meshing curve 10076 (Line)
Info    : [100%] Meshing curve 10077 (Line)
Info    : [100%] Meshing curve 10078 (Line)
Info    : [100%] Meshing curve 10079 (Line)
Info    : [100%] Meshing curve 10080 (Line)
Info    : [100%] Meshing curve 10081 (Line)
Info    : [100%] Meshing curve 10082 (Line)
Info    : [100%] Meshing curve 10083 (Line)
Info    : [100%] Meshing curve 10084 (Line)
Info    : [100%] Meshing curve 10085 (Line)
Info    : [100%] Meshing curve 10086 (Line)
Info    : [100%] Meshing curve 10087 (Line)
Info    : [100%] Meshing curve 10088 (Line)
Info    : [100%] Meshing curve 10089 (Line)
Info    : [100%] Meshing curve 10090 (Line)
Info    : [100%] Meshing curve 10091 (Line)
Info    : [100%] Meshing curve 10092 (Line)
Info    : [100%] Meshing curve 10093 (Line)
Info    : [100%] Meshing curve 10094 (Line)
Info    : [100%] Meshing curve 10095 (Line)
Info    : [100%] Meshing curve 10096 (Line)
Info    : [100%] Meshing curve 10097 (Line)
Info    : [100%] Meshing curve 10098 (Line)
Info    : [100%] Meshing curve 10099 (Line)
Info    : [100%] Meshing curve 10100 (Line)
Info    : [100%] Meshing curve 10101 (Line)
Info    : [100%] Meshing curve 10102 (Line)
Info    : [100%] Meshing curve 10103 (Line)
Info    : [100%] Meshing curve 10104 (Line)
Info    : [100%] Meshing curve 10105 (Line)
Info    : [100%] Meshing curve 10106 (Line)
Info    : [100%] Meshing curve 10107 (Line)
Info    : [100%] Meshing curve 10108 (Line)
Info    : [100%] Meshing curve 10109 (Line)
Info    : [100%] Meshing curve 10110 (Line)
Info    : [100%] Meshing curve 10111 (Line)
Info    : [100%] Meshing curve 10112 (Line)
Info    : [100%] Meshing curve 10113 (Line)
Info    : [100%] Meshing curve 10114 (Line)
Info    : [100%] Meshing curve 10115 (Line)
Info    : [100%] Meshing curve 10116 (Line)
Info    : [100%] Meshing curve 10117 (Line)
Info    : [100%] Meshing curve 10118 (Line)
Info    : [100%] Meshing curve 10119 (Line)
Info    : [100%] Meshing curve 10120 (Line)
Info    : [100%] Meshing curve 10121 (Line)
Info    : [100%] Meshing curve 10122 (Line)
Info    : [100%] Meshing curve 10123 (Line)
Info    : [100%] Meshing curve 10124 (Line)
Info    : [100%] Meshing curve 10125 (Line)
Info    : [100%] Meshing curve 10126 (Line)
Info    : [100%] Meshing curve 10127 (Line)
Info    : [100%] Meshing curve 10128 (Line)
Info    : [100%] Meshing curve 10129 (Line)
Info    : [100%] Meshing curve 10130 (Line)
Info    : [100%] Meshing curve 10131 (Line)
Info    : [100%] Meshing curve 10132 (Line)
Info    : [100%] Meshing curve 10134 (Line)
Info    : [100%] Meshing curve 10135 (Line)
Info    : [100%] Meshing curve 10133 (Line)
Info    : [100%] Meshing curve 10136 (Line)
Info    : [100%] Meshing curve 10137 (Line)
Info    : [100%] Meshing curve 10138 (Line)
Info    : [100%] Meshing curve 10139 (Line)
Info    : [100%] Meshing curve 10140 (Line)
Info    : [100%] Meshing curve 10141 (Line)
Info    : [100%] Meshing curve 10142 (Line)
Info    : [100%] Meshing curve 10143 (Line)
Info    : [100%] Meshing curve 10144 (Line)
Info    : [100%] Meshing curve 10145 (Line)
Info    : [100%] Meshing curve 10146 (Line)
Info    : [100%] Meshing curve 10147 (Line)
Info    : [100%] Meshing curve 10148 (Line)
Info    : [100%] Meshing curve 10149 (Line)
Info    : [100%] Meshing curve 10150 (Line)
Info    : [100%] Meshing curve 10151 (Line)
Info    : [100%] Meshing curve 10152 (Line)
Info    : [100%] Meshing curve 10153 (Line)
Info    : [100%] Meshing curve 10154 (Line)
Info    : [100%] Meshing curve 10155 (Line)
Info    : [100%] Meshing curve 10156 (Line)
Info    : [100%] Meshing curve 10157 (Line)
Info    : [100%] Meshing curve 10158 (Line)
Info    : [100%] Meshing curve 10159 (Line)
Info    : [100%] Meshing curve 10160 (Line)
Info    : [100%] Meshing curve 10161 (Line)
Info    : [100%] Meshing curve 10162 (Line)
Info    : [100%] Meshing curve 10163 (Line)
Info    : [100%] Meshing curve 10164 (Line)
Info    : [100%] Meshing curve 10165 (Line)
Info    : [100%] Meshing curve 10166 (Line)
Info    : [100%] Meshing curve 10167 (Line)
Info    : [100%] Meshing curve 10168 (Line)
Info    : [100%] Meshing curve 10169 (Line)
Info    : [100%] Meshing curve 10170 (Line)
Info    : [100%] Meshing curve 10171 (Line)
Info    : [100%] Meshing curve 10172 (Line)
Info    : [100%] Meshing curve 10173 (Line)
Info    : [100%] Meshing curve 10174 (Line)
Info    : [100%] Meshing curve 10175 (Line)
Info    : [100%] Meshing curve 10176 (Line)
Info    : [100%] Meshing curve 10177 (Line)
Info    : [100%] Meshing curve 10178 (Line)
Info    : [100%] Meshing curve 10179 (Line)
Info    : [100%] Meshing curve 10180 (Line)
Info    : [100%] Meshing curve 10181 (Line)
Info    : [100%] Meshing curve 10182 (Line)
Info    : [100%] Meshing curve 10183 (Line)
Info    : [100%] Meshing curve 10184 (Line)
Info    : [100%] Meshing curve 10185 (Line)
Info    : [100%] Meshing curve 10186 (Line)
Info    : [100%] Meshing curve 10187 (Line)
Info    : [100%] Meshing curve 10188 (Line)
Info    : [100%] Meshing curve 10189 (Line)
Info    : [100%] Meshing curve 10190 (Line)
Info    : [100%] Meshing curve 10191 (Line)
Info    : [100%] Meshing curve 10192 (Line)
Info    : [100%] Meshing curve 10193 (Line)
Info    : [100%] Meshing curve 10194 (Line)
Info    : Done meshing 1D (Wall 0.609157s, CPU 2.40645s)
Info    : Meshing 2D...
Info    : [  0%] Meshing surface 1026 (Plane, Frontal-Delaunay)
Info    : [  0%] Meshing surface 1024 (Plane, Frontal-Delaunay)
Info    : [  0%] Meshing surface 1023 (Plane, Frontal-Delaunay)
Info    : [  0%] Meshing surface 1025 (Plane, Frontal-Delaunay)
Info    : [  0%] Meshing surface 1027 (Plane, Frontal-Delaunay)
Info    : [  0%] Meshing surface 1028 (Plane, Frontal-Delaunay)
Info    : [ 10%] Meshing surface 1029 (Plane, Frontal-Delaunay)
Info    : [ 10%] Meshing surface 1030 (Plane, Frontal-Delaunay)
Info    : [ 10%] Meshing surface 1031 (Plane, Frontal-Delaunay)
Info    : [ 10%] Meshing surface 1032 (Plane, Frontal-Delaunay)
Info    : [ 10%] Meshing surface 1033 (Plane, Frontal-Delaunay)
Info    : [ 10%] Meshing surface 1034 (Plane, Frontal-Delaunay)
Info    : [ 10%] Meshing surface 1035 (Plane, Frontal-Delaunay)
Info    : [ 10%] Meshing surface 1036 (Plane, Frontal-Delaunay)
Info    : [ 10%] Meshing surface 1037 (Plane, Frontal-Delaunay)
Info    : [ 10%] Meshing surface 1038 (Plane, Frontal-Delaunay)
Info    : [ 10%] Meshing surface 1039 (Plane, Frontal-Delaunay)
Info    : [ 10%] Meshing surface 1040 (Plane, Frontal-Delaunay)
Info    : [ 10%] Meshing surface 1041 (Plane, Frontal-Delaunay)
Info    : [ 10%] Meshing surface 1042 (Plane, Frontal-Delaunay)
Info    : [ 10%] Meshing surface 1043 (Plane, Frontal-Delaunay)
Info    : [ 10%] Meshing surface 1044 (Plane, Frontal-Delaunay)
Info    : [ 10%] Meshing surface 1045 (Plane, Frontal-Delaunay)
Info    : [ 10%] Meshing surface 1046 (Plane, Frontal-Delaunay)
Info    : [ 10%] Meshing surface 1047 (Plane, Frontal-Delaunay)
Info    : [ 10%] Meshing surface 1048 (Plane, Frontal-Delaunay)
Info    : [ 10%] Meshing surface 1049 (Plane, Frontal-Delaunay)
Info    : [ 10%] Meshing surface 1050 (Plane, Frontal-Delaunay)
Info    : [ 10%] Meshing surface 1051 (Plane, Frontal-Delaunay)
Info    : [ 10%] Meshing surface 1052 (Plane, Frontal-Delaunay)
Info    : [ 10%] Meshing surface 1053 (Plane, Frontal-Delaunay)
Info    : [ 10%] Meshing surface 1054 (Plane, Frontal-Delaunay)
Info    : [ 10%] Meshing surface 1055 (Plane, Frontal-Delaunay)
Info    : [ 10%] Meshing surface 1056 (Plane, Frontal-Delaunay)
Info    : [ 10%] Meshing surface 1057 (Plane, Frontal-Delaunay)
Info    : [ 10%] Meshing surface 1058 (Plane, Frontal-Delaunay)
Info    : [ 10%] Meshing surface 1059 (Plane, Frontal-Delaunay)
Info    : [ 10%] Meshing surface 1060 (Plane, Frontal-Delaunay)
Info    : [ 10%] Meshing surface 1061 (Plane, Frontal-Delaunay)
Info    : [ 10%] Meshing surface 1062 (Plane, Frontal-Delaunay)
Info    : [ 10%] Meshing surface 1063 (Plane, Frontal-Delaunay)
Info    : [ 10%] Meshing surface 1064 (Plane, Frontal-Delaunay)
Info    : [ 10%] Meshing surface 1065 (Plane, Frontal-Delaunay)
Info    : [ 10%] Meshing surface 1066 (Plane, Frontal-Delaunay)
Info    : [ 10%] Meshing surface 1067 (Plane, Frontal-Delaunay)
Info    : [ 10%] Meshing surface 1068 (Plane, Frontal-Delaunay)
Info    : [ 10%] Meshing surface 1069 (Plane, Frontal-Delaunay)
Info    : [ 10%] Meshing surface 1070 (Plane, Frontal-Delaunay)
Info    : [ 10%] Meshing surface 1071 (Plane, Frontal-Delaunay)
Info    : [ 10%] Meshing surface 1072 (Plane, Frontal-Delaunay)
Info    : [ 10%] Meshing surface 1073 (Plane, Frontal-Delaunay)
Info    : [ 10%] Meshing surface 1074 (Plane, Frontal-Delaunay)
Info    : [ 10%] Meshing surface 1075 (Plane, Frontal-Delaunay)
Info    : [ 10%] Meshing surface 1076 (Plane, Frontal-Delaunay)
Info    : [ 10%] Meshing surface 1077 (Plane, Frontal-Delaunay)
Info    : [ 10%] Meshing surface 1078 (Plane, Frontal-Delaunay)
Info    : [ 10%] Meshing surface 1079 (Plane, Frontal-Delaunay)
Info    : [ 10%] Meshing surface 1080 (Plane, Frontal-Delaunay)
Info    : [ 10%] Meshing surface 1081 (Plane, Frontal-Delaunay)
Info    : [ 10%] Meshing surface 1082 (Plane, Frontal-Delaunay)
Info    : [ 10%] Meshing surface 1083 (Plane, Frontal-Delaunay)
Info    : [ 10%] Meshing surface 1084 (Plane, Frontal-Delaunay)
Info    : [ 10%] Meshing surface 1085 (Plane, Frontal-Delaunay)
Info    : [ 10%] Meshing surface 1086 (Plane, Frontal-Delaunay)
Info    : [ 10%] Meshing surface 1087 (Plane, Frontal-Delaunay)
Info    : [ 10%] Meshing surface 1088 (Plane, Frontal-Delaunay)
Info    : [ 10%] Meshing surface 1089 (Plane, Frontal-Delaunay)
Info    : [ 10%] Meshing surface 1090 (Plane, Frontal-Delaunay)
Info    : [ 10%] Meshing surface 1091 (Plane, Frontal-Delaunay)
Info    : [ 10%] Meshing surface 1092 (Plane, Frontal-Delaunay)
Info    : [ 10%] Meshing surface 1093 (Plane, Frontal-Delaunay)
Info    : [ 10%] Meshing surface 1094 (Plane, Frontal-Delaunay)
Info    : [ 10%] Meshing surface 1095 (Plane, Frontal-Delaunay)
Info    : [ 10%] Meshing surface 1097 (Plane, Frontal-Delaunay)
Info    : [ 10%] Meshing surface 1096 (Plane, Frontal-Delaunay)
Info    : [ 10%] Meshing surface 1098 (Plane, Frontal-Delaunay)
Info    : [ 10%] Meshing surface 1099 (Plane, Frontal-Delaunay)
Info    : [ 10%] Meshing surface 1100 (Plane, Frontal-Delaunay)
Info    : [ 10%] Meshing surface 1101 (Plane, Frontal-Delaunay)
Info    : [ 10%] Meshing surface 1102 (Plane, Frontal-Delaunay)
Info    : [ 10%] Meshing surface 1103 (Plane, Frontal-Delaunay)
Info    : [ 10%] Meshing surface 1104 (Plane, Frontal-Delaunay)
Info    : [ 10%] Meshing surface 1105 (Plane, Frontal-Delaunay)
Info    : [ 10%] Meshing surface 1106 (Plane, Frontal-Delaunay)
Info    : [ 10%] Meshing surface 1107 (Plane, Frontal-Delaunay)
Info    : [ 10%] Meshing surface 1108 (Plane, Frontal-Delaunay)
Info    : [ 10%] Meshing surface 1109 (Plane, Frontal-Delaunay)
Info    : [ 10%] Meshing surface 1110 (Plane, Frontal-Delaunay)
Info    : [ 10%] Meshing surface 1111 (Plane, Frontal-Delaunay)
Info    : [ 10%] Meshing surface 1112 (Plane, Frontal-Delaunay)
Info    : [ 10%] Meshing surface 1113 (Plane, Frontal-Delaunay)
Info    : [ 10%] Meshing surface 1114 (Plane, Frontal-Delaunay)
Info    : [ 10%] Meshing surface 1115 (Plane, Frontal-Delaunay)
Info    : [ 10%] Meshing surface 1116 (Plane, Frontal-Delaunay)
Info    : [ 10%] Meshing surface 1117 (Plane, Frontal-Delaunay)
Info    : [ 10%] Meshing surface 1118 (Plane, Frontal-Delaunay)
Info    : [ 10%] Meshing surface 1119 (Plane, Frontal-Delaunay)
Info    : [ 10%] Meshing surface 1120 (Plane, Frontal-Delaunay)
Info    : [ 10%] Meshing surface 1121 (Plane, Frontal-Delaunay)
Info    : [ 10%] Meshing surface 1122 (Plane, Frontal-Delaunay)
Info    : [ 10%] Meshing surface 1123 (Plane, Frontal-Delaunay)
Info    : [ 10%] Meshing surface 1124 (Plane, Frontal-Delaunay)
Info    : [ 10%] Meshing surface 1125 (Plane, Frontal-Delaunay)
Info    : [ 10%] Meshing surface 1126 (Plane, Frontal-Delaunay)
Info    : [ 10%] Meshing surface 1127 (Plane, Frontal-Delaunay)
Info    : [ 10%] Meshing surface 1128 (Plane, Frontal-Delaunay)
Info    : [ 10%] Meshing surface 1129 (Plane, Frontal-Delaunay)
Info    : [ 10%] Meshing surface 1130 (Plane, Frontal-Delaunay)
Info    : [ 10%] Meshing surface 1131 (Plane, Frontal-Delaunay)
Info    : [ 10%] Meshing surface 1132 (Plane, Frontal-Delaunay)
Info    : [ 10%] Meshing surface 1133 (Plane, Frontal-Delaunay)
Info    : [ 10%] Meshing surface 1134 (Plane, Frontal-Delaunay)
Info    : [ 10%] Meshing surface 1135 (Plane, Frontal-Delaunay)
Info    : [ 10%] Meshing surface 1136 (Plane, Frontal-Delaunay)
Info    : [ 10%] Meshing surface 1137 (Plane, Frontal-Delaunay)
Info    : [ 10%] Meshing surface 1138 (Plane, Frontal-Delaunay)
Info    : [ 10%] Meshing surface 1139 (Plane, Frontal-Delaunay)
Info    : [ 10%] Meshing surface 1140 (Plane, Frontal-Delaunay)
Info    : [ 10%] Meshing surface 1141 (Plane, Frontal-Delaunay)
Info    : [ 10%] Meshing surface 1142 (Plane, Frontal-Delaunay)
Info    : [ 10%] Meshing surface 1143 (Plane, Frontal-Delaunay)
Info    : [ 10%] Meshing surface 1144 (Plane, Frontal-Delaunay)
Info    : [ 10%] Meshing surface 1145 (Plane, Frontal-Delaunay)
Info    : [ 10%] Meshing surface 1146 (Plane, Frontal-Delaunay)
Info    : [ 10%] Meshing surface 1147 (Plane, Frontal-Delaunay)
Info    : [ 10%] Meshing surface 1148 (Plane, Frontal-Delaunay)
Info    : [ 10%] Meshing surface 1149 (Plane, Frontal-Delaunay)
Info    : [ 10%] Meshing surface 1150 (Plane, Frontal-Delaunay)
Info    : [ 10%] Meshing surface 1151 (Plane, Frontal-Delaunay)
Info    : [ 10%] Meshing surface 1152 (Plane, Frontal-Delaunay)
Info    : [ 10%] Meshing surface 1153 (Plane, Frontal-Delaunay)
Info    : [ 10%] Meshing surface 1154 (Plane, Frontal-Delaunay)
Info    : [ 10%] Meshing surface 1155 (Plane, Frontal-Delaunay)
Info    : [ 10%] Meshing surface 1156 (Plane, Frontal-Delaunay)
Info    : [ 10%] Meshing surface 1157 (Plane, Frontal-Delaunay)
Info    : [ 10%] Meshing surface 1158 (Plane, Frontal-Delaunay)
Info    : [ 10%] Meshing surface 1159 (Plane, Frontal-Delaunay)
Info    : [ 10%] Meshing surface 1160 (Plane, Frontal-Delaunay)
Info    : [ 10%] Meshing surface 1161 (Plane, Frontal-Delaunay)
Info    : [ 10%] Meshing surface 1162 (Plane, Frontal-Delaunay)
Info    : [ 10%] Meshing surface 1163 (Plane, Frontal-Delaunay)
Info    : [ 10%] Meshing surface 1164 (Plane, Frontal-Delaunay)
Info    : [ 10%] Meshing surface 1165 (Plane, Frontal-Delaunay)
Info    : [ 10%] Meshing surface 1166 (Plane, Frontal-Delaunay)
Info    : [ 10%] Meshing surface 1167 (Plane, Frontal-Delaunay)
Info    : [ 10%] Meshing surface 1168 (Plane, Frontal-Delaunay)
Info    : [ 10%] Meshing surface 1169 (Plane, Frontal-Delaunay)
Info    : [ 10%] Meshing surface 1170 (Plane, Frontal-Delaunay)
Info    : [ 10%] Meshing surface 1171 (Plane, Frontal-Delaunay)
Info    : [ 10%] Meshing surface 1172 (Plane, Frontal-Delaunay)
Info    : [ 10%] Meshing surface 1173 (Plane, Frontal-Delaunay)
Info    : [ 10%] Meshing surface 1174 (Plane, Frontal-Delaunay)
Info    : [ 10%] Meshing surface 1175 (Plane, Frontal-Delaunay)
Info    : [ 10%] Meshing surface 1176 (Plane, Frontal-Delaunay)
Info    : [ 10%] Meshing surface 1177 (Plane, Frontal-Delaunay)
Info    : [ 10%] Meshing surface 1178 (Plane, Frontal-Delaunay)
Info    : [ 10%] Meshing surface 1179 (Plane, Frontal-Delaunay)
Info    : [ 10%] Meshing surface 1180 (Plane, Frontal-Delaunay)
Info    : [ 10%] Meshing surface 1181 (Plane, Frontal-Delaunay)
Info    : [ 10%] Meshing surface 1182 (Plane, Frontal-Delaunay)
Info    : [ 10%] Meshing surface 1183 (Plane, Frontal-Delaunay)
Info    : [ 10%] Meshing surface 1184 (Plane, Frontal-Delaunay)
Info    : [ 10%] Meshing surface 1185 (Plane, Frontal-Delaunay)
Info    : [ 10%] Meshing surface 1186 (Plane, Frontal-Delaunay)
Info    : [ 10%] Meshing surface 1187 (Plane, Frontal-Delaunay)
Info    : [ 10%] Meshing surface 1188 (Plane, Frontal-Delaunay)
Info    : [ 10%] Meshing surface 1189 (Plane, Frontal-Delaunay)
Info    : [ 10%] Meshing surface 1190 (Plane, Frontal-Delaunay)
Info    : [ 10%] Meshing surface 1191 (Plane, Frontal-Delaunay)
Info    : [ 10%] Meshing surface 1192 (Plane, Frontal-Delaunay)
Info    : [ 10%] Meshing surface 1193 (Plane, Frontal-Delaunay)
Info    : [ 10%] Meshing surface 1194 (Plane, Frontal-Delaunay)
Info    : [ 10%] Meshing surface 1195 (Plane, Frontal-Delaunay)
Info    : [ 10%] Meshing surface 1196 (Plane, Frontal-Delaunay)
Info    : [ 10%] Meshing surface 1197 (Plane, Frontal-Delaunay)
Info    : [ 10%] Meshing surface 1198 (Plane, Frontal-Delaunay)
Info    : [ 10%] Meshing surface 1199 (Plane, Frontal-Delaunay)
Info    : [ 10%] Meshing surface 1200 (Plane, Frontal-Delaunay)
Info    : [ 10%] Meshing surface 1201 (Plane, Frontal-Delaunay)
Info    : [ 10%] Meshing surface 1202 (Plane, Frontal-Delaunay)
Info    : [ 10%] Meshing surface 1203 (Plane, Frontal-Delaunay)
Info    : [ 10%] Meshing surface 1204 (Plane, Frontal-Delaunay)
Info    : [ 10%] Meshing surface 1205 (Plane, Frontal-Delaunay)
Info    : [ 10%] Meshing surface 1206 (Plane, Frontal-Delaunay)
Info    : [ 10%] Meshing surface 1207 (Plane, Frontal-Delaunay)
Info    : [ 10%] Meshing surface 1208 (Plane, Frontal-Delaunay)
Info    : [ 10%] Meshing surface 1209 (Plane, Frontal-Delaunay)
Info    : [ 10%] Meshing surface 1210 (Plane, Frontal-Delaunay)
Info    : [ 10%] Meshing surface 1211 (Plane, Frontal-Delaunay)
Info    : [ 10%] Meshing surface 1212 (Plane, Frontal-Delaunay)
Info    : [ 10%] Meshing surface 1213 (Plane, Frontal-Delaunay)
Info    : [ 10%] Meshing surface 1214 (Plane, Frontal-Delaunay)
Info    : [ 10%] Meshing surface 1215 (Plane, Frontal-Delaunay)
Info    : [ 10%] Meshing surface 1216 (Plane, Frontal-Delaunay)
Info    : [ 10%] Meshing surface 1217 (Plane, Frontal-Delaunay)
Info    : [ 10%] Meshing surface 1218 (Plane, Frontal-Delaunay)
Info    : [ 10%] Meshing surface 1219 (Plane, Frontal-Delaunay)
Info    : [ 10%] Meshing surface 1220 (Plane, Frontal-Delaunay)
Info    : [ 10%] Meshing surface 1221 (Plane, Frontal-Delaunay)
Info    : [ 10%] Meshing surface 1222 (Plane, Frontal-Delaunay)
Info    : [ 10%] Meshing surface 1223 (Plane, Frontal-Delaunay)
Info    : [ 10%] Meshing surface 1224 (Plane, Frontal-Delaunay)
Info    : [ 10%] Meshing surface 1225 (Plane, Frontal-Delaunay)
Info    : [ 10%] Meshing surface 1226 (Plane, Frontal-Delaunay)
Info    : [ 10%] Meshing surface 1227 (Plane, Frontal-Delaunay)
Info    : [ 10%] Meshing surface 1228 (Plane, Frontal-Delaunay)
Info    : [ 10%] Meshing surface 1229 (Plane, Frontal-Delaunay)
Info    : [ 10%] Meshing surface 1230 (Plane, Frontal-Delaunay)
Info    : [ 10%] Meshing surface 1231 (Plane, Frontal-Delaunay)
Info    : [ 10%] Meshing surface 1232 (Plane, Frontal-Delaunay)
Info    : [ 10%] Meshing surface 1233 (Plane, Frontal-Delaunay)
Info    : [ 10%] Meshing surface 1234 (Plane, Frontal-Delaunay)
Info    : [ 10%] Meshing surface 1235 (Plane, Frontal-Delaunay)
Info    : [ 10%] Meshing surface 1236 (Plane, Frontal-Delaunay)
Info    : [ 10%] Meshing surface 1237 (Plane, Frontal-Delaunay)
Info    : [ 10%] Meshing surface 1238 (Plane, Frontal-Delaunay)
Info    : [ 10%] Meshing surface 1239 (Plane, Frontal-Delaunay)
Info    : [ 10%] Meshing surface 1240 (Plane, Frontal-Delaunay)
Info    : [ 10%] Meshing surface 1241 (Plane, Frontal-Delaunay)
Info    : [ 10%] Meshing surface 1242 (Plane, Frontal-Delaunay)
Info    : [ 10%] Meshing surface 1243 (Plane, Frontal-Delaunay)
Info    : [ 10%] Meshing surface 1244 (Plane, Frontal-Delaunay)
Info    : [ 10%] Meshing surface 1245 (Plane, Frontal-Delaunay)
Info    : [ 10%] Meshing surface 1246 (Plane, Frontal-Delaunay)
Info    : [ 10%] Meshing surface 1247 (Plane, Frontal-Delaunay)
Info    : [ 10%] Meshing surface 1248 (Plane, Frontal-Delaunay)
Info    : [ 10%] Meshing surface 1249 (Plane, Frontal-Delaunay)
Info    : [ 10%] Meshing surface 1250 (Plane, Frontal-Delaunay)
Info    : [ 10%] Meshing surface 1251 (Plane, Frontal-Delaunay)
Info    : [ 10%] Meshing surface 1252 (Plane, Frontal-Delaunay)
Info    : [ 10%] Meshing surface 1253 (Plane, Frontal-Delaunay)
Info    : [ 10%] Meshing surface 1254 (Plane, Frontal-Delaunay)
Info    : [ 10%] Meshing surface 1255 (Plane, Frontal-Delaunay)
Info    : [ 10%] Meshing surface 1256 (Plane, Frontal-Delaunay)
Info    : [ 10%] Meshing surface 1257 (Plane, Frontal-Delaunay)
Info    : [ 10%] Meshing surface 1258 (Plane, Frontal-Delaunay)
Info    : [ 10%] Meshing surface 1259 (Plane, Frontal-Delaunay)
Info    : [ 10%] Meshing surface 1260 (Plane, Frontal-Delaunay)
Info    : [ 10%] Meshing surface 1261 (Plane, Frontal-Delaunay)
Info    : [ 10%] Meshing surface 1262 (Plane, Frontal-Delaunay)
Info    : [ 10%] Meshing surface 1263 (Plane, Frontal-Delaunay)
Info    : [ 10%] Meshing surface 1264 (Plane, Frontal-Delaunay)
Info    : [ 10%] Meshing surface 1265 (Plane, Frontal-Delaunay)
Info    : [ 10%] Meshing surface 1266 (Plane, Frontal-Delaunay)
Info    : [ 10%] Meshing surface 1267 (Plane, Frontal-Delaunay)
Info    : [ 10%] Meshing surface 1268 (Plane, Frontal-Delaunay)
Info    : [ 10%] Meshing surface 1269 (Plane, Frontal-Delaunay)
Info    : [ 10%] Meshing surface 1270 (Plane, Frontal-Delaunay)
Info    : [ 10%] Meshing surface 1271 (Plane, Frontal-Delaunay)
Info    : [ 10%] Meshing surface 1272 (Plane, Frontal-Delaunay)
Info    : [ 10%] Meshing surface 1273 (Plane, Frontal-Delaunay)
Info    : [ 10%] Meshing surface 1274 (Plane, Frontal-Delaunay)
Info    : [ 10%] Meshing surface 1275 (Plane, Frontal-Delaunay)
Info    : [ 10%] Meshing surface 1276 (Plane, Frontal-Delaunay)
Info    : [ 10%] Meshing surface 1278 (Plane, Frontal-Delaunay)
Info    : [ 10%] Meshing surface 1277 (Plane, Frontal-Delaunay)
Info    : [ 10%] Meshing surface 1279 (Plane, Frontal-Delaunay)
Info    : [ 10%] Meshing surface 1280 (Plane, Frontal-Delaunay)
Info    : [ 10%] Meshing surface 1281 (Plane, Frontal-Delaunay)
Info    : [ 20%] Meshing surface 1282 (Plane, Frontal-Delaunay)
Info    : [ 20%] Meshing surface 1283 (Plane, Frontal-Delaunay)
Info    : [ 20%] Meshing surface 1284 (Plane, Frontal-Delaunay)
Info    : [ 20%] Meshing surface 1285 (Plane, Frontal-Delaunay)
Info    : [ 20%] Meshing surface 1286 (Plane, Frontal-Delaunay)
Info    : [ 20%] Meshing surface 1287 (Plane, Frontal-Delaunay)
Info    : [ 20%] Meshing surface 1288 (Plane, Frontal-Delaunay)
Info    : [ 20%] Meshing surface 1289 (Plane, Frontal-Delaunay)
Info    : [ 20%] Meshing surface 1290 (Plane, Frontal-Delaunay)
Info    : [ 20%] Meshing surface 1291 (Plane, Frontal-Delaunay)
Info    : [ 20%] Meshing surface 1292 (Plane, Frontal-Delaunay)
Info    : [ 20%] Meshing surface 1293 (Plane, Frontal-Delaunay)
Info    : [ 20%] Meshing surface 1294 (Plane, Frontal-Delaunay)
Info    : [ 20%] Meshing surface 1295 (Plane, Frontal-Delaunay)
Info    : [ 20%] Meshing surface 1296 (Plane, Frontal-Delaunay)
Info    : [ 20%] Meshing surface 1297 (Plane, Frontal-Delaunay)
Info    : [ 20%] Meshing surface 1298 (Plane, Frontal-Delaunay)
Info    : [ 20%] Meshing surface 1299 (Plane, Frontal-Delaunay)
Info    : [ 20%] Meshing surface 1300 (Plane, Frontal-Delaunay)
Info    : [ 20%] Meshing surface 1301 (Plane, Frontal-Delaunay)
Info    : [ 20%] Meshing surface 1302 (Plane, Frontal-Delaunay)
Info    : [ 20%] Meshing surface 1303 (Plane, Frontal-Delaunay)
Info    : [ 20%] Meshing surface 1304 (Plane, Frontal-Delaunay)
Info    : [ 20%] Meshing surface 1305 (Plane, Frontal-Delaunay)
Info    : [ 20%] Meshing surface 1306 (Plane, Frontal-Delaunay)
Info    : [ 20%] Meshing surface 1307 (Plane, Frontal-Delaunay)
Info    : [ 20%] Meshing surface 1308 (Plane, Frontal-Delaunay)
Info    : [ 20%] Meshing surface 1309 (Plane, Frontal-Delaunay)
Info    : [ 20%] Meshing surface 1310 (Plane, Frontal-Delaunay)
Info    : [ 20%] Meshing surface 1311 (Plane, Frontal-Delaunay)
Info    : [ 20%] Meshing surface 1312 (Plane, Frontal-Delaunay)
Info    : [ 20%] Meshing surface 1313 (Plane, Frontal-Delaunay)
Info    : [ 20%] Meshing surface 1314 (Plane, Frontal-Delaunay)
Info    : [ 20%] Meshing surface 1315 (Plane, Frontal-Delaunay)
Info    : [ 20%] Meshing surface 1316 (Plane, Frontal-Delaunay)
Info    : [ 20%] Meshing surface 1317 (Plane, Frontal-Delaunay)
Info    : [ 20%] Meshing surface 1318 (Plane, Frontal-Delaunay)
Info    : [ 20%] Meshing surface 1319 (Plane, Frontal-Delaunay)
Info    : [ 20%] Meshing surface 1320 (Plane, Frontal-Delaunay)
Info    : [ 20%] Meshing surface 1321 (Plane, Frontal-Delaunay)
Info    : [ 20%] Meshing surface 1322 (Plane, Frontal-Delaunay)
Info    : [ 20%] Meshing surface 1323 (Plane, Frontal-Delaunay)
Info    : [ 20%] Meshing surface 1324 (Plane, Frontal-Delaunay)
Info    : [ 20%] Meshing surface 1325 (Plane, Frontal-Delaunay)
Info    : [ 20%] Meshing surface 1326 (Plane, Frontal-Delaunay)
Info    : [ 20%] Meshing surface 1327 (Plane, Frontal-Delaunay)
Info    : [ 20%] Meshing surface 1328 (Plane, Frontal-Delaunay)
Info    : [ 20%] Meshing surface 1329 (Plane, Frontal-Delaunay)
Info    : [ 20%] Meshing surface 1330 (Plane, Frontal-Delaunay)
Info    : [ 20%] Meshing surface 1331 (Plane, Frontal-Delaunay)
Info    : [ 20%] Meshing surface 1332 (Plane, Frontal-Delaunay)
Info    : [ 20%] Meshing surface 1333 (Plane, Frontal-Delaunay)
Info    : [ 20%] Meshing surface 1334 (Plane, Frontal-Delaunay)
Info    : [ 20%] Meshing surface 1335 (Plane, Frontal-Delaunay)
Info    : [ 20%] Meshing surface 1336 (Plane, Frontal-Delaunay)
Info    : [ 20%] Meshing surface 1337 (Plane, Frontal-Delaunay)
Info    : [ 20%] Meshing surface 1338 (Plane, Frontal-Delaunay)
Info    : [ 20%] Meshing surface 1339 (Plane, Frontal-Delaunay)
Info    : [ 20%] Meshing surface 1340 (Plane, Frontal-Delaunay)
Info    : [ 20%] Meshing surface 1341 (Plane, Frontal-Delaunay)
Info    : [ 20%] Meshing surface 1342 (Plane, Frontal-Delaunay)
Info    : [ 20%] Meshing surface 1343 (Plane, Frontal-Delaunay)
Info    : [ 20%] Meshing surface 1344 (Plane, Frontal-Delaunay)
Info    : [ 20%] Meshing surface 1345 (Plane, Frontal-Delaunay)
Info    : [ 20%] Meshing surface 1346 (Plane, Frontal-Delaunay)
Info    : [ 20%] Meshing surface 1347 (Plane, Frontal-Delaunay)
Info    : [ 20%] Meshing surface 1348 (Plane, Frontal-Delaunay)
Info    : [ 20%] Meshing surface 1349 (Plane, Frontal-Delaunay)
Info    : [ 20%] Meshing surface 1350 (Plane, Frontal-Delaunay)
Info    : [ 20%] Meshing surface 1351 (Plane, Frontal-Delaunay)
Info    : [ 20%] Meshing surface 1352 (Plane, Frontal-Delaunay)
Info    : [ 20%] Meshing surface 1353 (Plane, Frontal-Delaunay)
Info    : [ 20%] Meshing surface 1354 (Plane, Frontal-Delaunay)
Info    : [ 20%] Meshing surface 1355 (Plane, Frontal-Delaunay)
Info    : [ 20%] Meshing surface 1356 (Plane, Frontal-Delaunay)
Info    : [ 20%] Meshing surface 1357 (Plane, Frontal-Delaunay)
Info    : [ 20%] Meshing surface 1358 (Plane, Frontal-Delaunay)
Info    : [ 20%] Meshing surface 1359 (Plane, Frontal-Delaunay)
Info    : [ 20%] Meshing surface 1360 (Plane, Frontal-Delaunay)
Info    : [ 20%] Meshing surface 1361 (Plane, Frontal-Delaunay)
Info    : [ 20%] Meshing surface 1362 (Plane, Frontal-Delaunay)
Info    : [ 20%] Meshing surface 1363 (Plane, Frontal-Delaunay)
Info    : [ 20%] Meshing surface 1364 (Plane, Frontal-Delaunay)
Info    : [ 20%] Meshing surface 1365 (Plane, Frontal-Delaunay)
Info    : [ 20%] Meshing surface 1366 (Plane, Frontal-Delaunay)
Info    : [ 20%] Meshing surface 1367 (Plane, Frontal-Delaunay)
Info    : [ 20%] Meshing surface 1368 (Plane, Frontal-Delaunay)
Info    : [ 20%] Meshing surface 1369 (Plane, Frontal-Delaunay)
Info    : [ 20%] Meshing surface 1370 (Plane, Frontal-Delaunay)
Info    : [ 20%] Meshing surface 1371 (Plane, Frontal-Delaunay)
Info    : [ 20%] Meshing surface 1372 (Plane, Frontal-Delaunay)
Info    : [ 20%] Meshing surface 1373 (Plane, Frontal-Delaunay)
Info    : [ 20%] Meshing surface 1374 (Plane, Frontal-Delaunay)
Info    : [ 20%] Meshing surface 1375 (Plane, Frontal-Delaunay)
Info    : [ 20%] Meshing surface 1376 (Plane, Frontal-Delaunay)
Info    : [ 20%] Meshing surface 1377 (Plane, Frontal-Delaunay)
Info    : [ 20%] Meshing surface 1378 (Plane, Frontal-Delaunay)
Info    : [ 20%] Meshing surface 1379 (Plane, Frontal-Delaunay)
Info    : [ 20%] Meshing surface 1380 (Plane, Frontal-Delaunay)
Info    : [ 20%] Meshing surface 1381 (Plane, Frontal-Delaunay)
Info    : [ 20%] Meshing surface 1382 (Plane, Frontal-Delaunay)
Info    : [ 20%] Meshing surface 1383 (Plane, Frontal-Delaunay)
Info    : [ 20%] Meshing surface 1384 (Plane, Frontal-Delaunay)
Info    : [ 20%] Meshing surface 1385 (Plane, Frontal-Delaunay)
Info    : [ 20%] Meshing surface 1386 (Plane, Frontal-Delaunay)
Info    : [ 20%] Meshing surface 1387 (Plane, Frontal-Delaunay)
Info    : [ 20%] Meshing surface 1388 (Plane, Frontal-Delaunay)
Info    : [ 20%] Meshing surface 1389 (Plane, Frontal-Delaunay)
Info    : [ 20%] Meshing surface 1390 (Plane, Frontal-Delaunay)
Info    : [ 20%] Meshing surface 1391 (Plane, Frontal-Delaunay)
Info    : [ 20%] Meshing surface 1392 (Plane, Frontal-Delaunay)
Info    : [ 20%] Meshing surface 1393 (Plane, Frontal-Delaunay)
Info    : [ 20%] Meshing surface 1394 (Plane, Frontal-Delaunay)
Info    : [ 20%] Meshing surface 1395 (Plane, Frontal-Delaunay)
Info    : [ 20%] Meshing surface 1396 (Plane, Frontal-Delaunay)
Info    : [ 20%] Meshing surface 1397 (Plane, Frontal-Delaunay)
Info    : [ 20%] Meshing surface 1398 (Plane, Frontal-Delaunay)
Info    : [ 20%] Meshing surface 1399 (Plane, Frontal-Delaunay)
Info    : [ 20%] Meshing surface 1400 (Plane, Frontal-Delaunay)
Info    : [ 20%] Meshing surface 1401 (Plane, Frontal-Delaunay)
Info    : [ 20%] Meshing surface 1402 (Plane, Frontal-Delaunay)
Info    : [ 20%] Meshing surface 1403 (Plane, Frontal-Delaunay)
Info    : [ 20%] Meshing surface 1404 (Plane, Frontal-Delaunay)
Info    : [ 20%] Meshing surface 1405 (Plane, Frontal-Delaunay)
Info    : [ 20%] Meshing surface 1406 (Plane, Frontal-Delaunay)
Info    : [ 20%] Meshing surface 1407 (Plane, Frontal-Delaunay)
Info    : [ 20%] Meshing surface 1408 (Plane, Frontal-Delaunay)
Info    : [ 20%] Meshing surface 1409 (Plane, Frontal-Delaunay)
Info    : [ 20%] Meshing surface 1410 (Plane, Frontal-Delaunay)
Info    : [ 20%] Meshing surface 1411 (Plane, Frontal-Delaunay)
Info    : [ 20%] Meshing surface 1412 (Plane, Frontal-Delaunay)
Info    : [ 20%] Meshing surface 1413 (Plane, Frontal-Delaunay)
Info    : [ 20%] Meshing surface 1414 (Plane, Frontal-Delaunay)
Info    : [ 20%] Meshing surface 1415 (Plane, Frontal-Delaunay)
Info    : [ 20%] Meshing surface 1416 (Plane, Frontal-Delaunay)
Info    : [ 20%] Meshing surface 1417 (Plane, Frontal-Delaunay)
Info    : [ 20%] Meshing surface 1418 (Plane, Frontal-Delaunay)
Info    : [ 20%] Meshing surface 1419 (Plane, Frontal-Delaunay)
Info    : [ 20%] Meshing surface 1420 (Plane, Frontal-Delaunay)
Info    : [ 20%] Meshing surface 1421 (Plane, Frontal-Delaunay)
Info    : [ 20%] Meshing surface 1422 (Plane, Frontal-Delaunay)
Info    : [ 20%] Meshing surface 1423 (Plane, Frontal-Delaunay)
Info    : [ 20%] Meshing surface 1424 (Plane, Frontal-Delaunay)
Info    : [ 20%] Meshing surface 1425 (Plane, Frontal-Delaunay)
Info    : [ 20%] Meshing surface 1426 (Plane, Frontal-Delaunay)
Info    : [ 20%] Meshing surface 1427 (Plane, Frontal-Delaunay)
Info    : [ 20%] Meshing surface 1428 (Plane, Frontal-Delaunay)
Info    : [ 20%] Meshing surface 1429 (Plane, Frontal-Delaunay)
Info    : [ 20%] Meshing surface 1430 (Plane, Frontal-Delaunay)
Info    : [ 20%] Meshing surface 1431 (Plane, Frontal-Delaunay)
Info    : [ 20%] Meshing surface 1432 (Plane, Frontal-Delaunay)
Info    : [ 20%] Meshing surface 1434 (Plane, Frontal-Delaunay)
Info    : [ 20%] Meshing surface 1433 (Plane, Frontal-Delaunay)
Info    : [ 20%] Meshing surface 1435 (Plane, Frontal-Delaunay)
Info    : [ 20%] Meshing surface 1436 (Plane, Frontal-Delaunay)
Info    : [ 20%] Meshing surface 1437 (Plane, Frontal-Delaunay)
Info    : [ 20%] Meshing surface 1438 (Plane, Frontal-Delaunay)
Info    : [ 20%] Meshing surface 1439 (Plane, Frontal-Delaunay)
Info    : [ 20%] Meshing surface 1440 (Plane, Frontal-Delaunay)
Info    : [ 20%] Meshing surface 1441 (Plane, Frontal-Delaunay)
Info    : [ 20%] Meshing surface 1442 (Plane, Frontal-Delaunay)
Info    : [ 20%] Meshing surface 1443 (Plane, Frontal-Delaunay)
Info    : [ 20%] Meshing surface 1444 (Plane, Frontal-Delaunay)
Info    : [ 20%] Meshing surface 1445 (Plane, Frontal-Delaunay)
Info    : [ 20%] Meshing surface 1446 (Plane, Frontal-Delaunay)
Info    : [ 20%] Meshing surface 1447 (Plane, Frontal-Delaunay)
Info    : [ 20%] Meshing surface 1448 (Plane, Frontal-Delaunay)
Info    : [ 20%] Meshing surface 1449 (Plane, Frontal-Delaunay)
Info    : [ 20%] Meshing surface 1450 (Plane, Frontal-Delaunay)
Info    : [ 20%] Meshing surface 1451 (Plane, Frontal-Delaunay)
Info    : [ 20%] Meshing surface 1452 (Plane, Frontal-Delaunay)
Info    : [ 20%] Meshing surface 1453 (Plane, Frontal-Delaunay)
Info    : [ 20%] Meshing surface 1454 (Plane, Frontal-Delaunay)
Info    : [ 20%] Meshing surface 1455 (Plane, Frontal-Delaunay)
Info    : [ 20%] Meshing surface 1456 (Plane, Frontal-Delaunay)
Info    : [ 20%] Meshing surface 1457 (Plane, Frontal-Delaunay)
Info    : [ 20%] Meshing surface 1458 (Plane, Frontal-Delaunay)
Info    : [ 20%] Meshing surface 1459 (Plane, Frontal-Delaunay)
Info    : [ 20%] Meshing surface 1460 (Plane, Frontal-Delaunay)
Info    : [ 20%] Meshing surface 1461 (Plane, Frontal-Delaunay)
Info    : [ 20%] Meshing surface 1462 (Plane, Frontal-Delaunay)
Info    : [ 20%] Meshing surface 1463 (Plane, Frontal-Delaunay)
Info    : [ 20%] Meshing surface 1464 (Plane, Frontal-Delaunay)
Info    : [ 20%] Meshing surface 1465 (Plane, Frontal-Delaunay)
Info    : [ 20%] Meshing surface 1466 (Plane, Frontal-Delaunay)
Info    : [ 20%] Meshing surface 1467 (Plane, Frontal-Delaunay)
Info    : [ 20%] Meshing surface 1468 (Plane, Frontal-Delaunay)
Info    : [ 20%] Meshing surface 1469 (Plane, Frontal-Delaunay)
Info    : [ 20%] Meshing surface 1470 (Plane, Frontal-Delaunay)
Info    : [ 20%] Meshing surface 1471 (Plane, Frontal-Delaunay)
Info    : [ 20%] Meshing surface 1472 (Plane, Frontal-Delaunay)
Info    : [ 20%] Meshing surface 1473 (Plane, Frontal-Delaunay)
Info    : [ 20%] Meshing surface 1474 (Plane, Frontal-Delaunay)
Info    : [ 20%] Meshing surface 1475 (Plane, Frontal-Delaunay)
Info    : [ 20%] Meshing surface 1476 (Plane, Frontal-Delaunay)
Info    : [ 20%] Meshing surface 1478 (Plane, Frontal-Delaunay)
Info    : [ 20%] Meshing surface 1477 (Plane, Frontal-Delaunay)
Info    : [ 20%] Meshing surface 1479 (Plane, Frontal-Delaunay)
Info    : [ 20%] Meshing surface 1480 (Plane, Frontal-Delaunay)
Info    : [ 20%] Meshing surface 1481 (Plane, Frontal-Delaunay)
Info    : [ 20%] Meshing surface 1482 (Plane, Frontal-Delaunay)
Info    : [ 20%] Meshing surface 1483 (Plane, Frontal-Delaunay)
Info    : [ 20%] Meshing surface 1484 (Plane, Frontal-Delaunay)
Info    : [ 20%] Meshing surface 1485 (Plane, Frontal-Delaunay)
Info    : [ 20%] Meshing surface 1486 (Plane, Frontal-Delaunay)
Info    : [ 20%] Meshing surface 1487 (Plane, Frontal-Delaunay)
Info    : [ 20%] Meshing surface 1488 (Plane, Frontal-Delaunay)
Info    : [ 20%] Meshing surface 1489 (Plane, Frontal-Delaunay)
Info    : [ 20%] Meshing surface 1490 (Plane, Frontal-Delaunay)
Info    : [ 20%] Meshing surface 1491 (Plane, Frontal-Delaunay)
Info    : [ 20%] Meshing surface 1492 (Plane, Frontal-Delaunay)
Info    : [ 20%] Meshing surface 1493 (Plane, Frontal-Delaunay)
Info    : [ 20%] Meshing surface 1494 (Plane, Frontal-Delaunay)
Info    : [ 20%] Meshing surface 1495 (Plane, Frontal-Delaunay)
Info    : [ 20%] Meshing surface 1496 (Plane, Frontal-Delaunay)
Info    : [ 20%] Meshing surface 1497 (Plane, Frontal-Delaunay)
Info    : [ 20%] Meshing surface 1498 (Plane, Frontal-Delaunay)
Info    : [ 20%] Meshing surface 1499 (Plane, Frontal-Delaunay)
Info    : [ 20%] Meshing surface 1500 (Plane, Frontal-Delaunay)
Info    : [ 20%] Meshing surface 1501 (Plane, Frontal-Delaunay)
Info    : [ 20%] Meshing surface 1502 (Plane, Frontal-Delaunay)
Info    : [ 20%] Meshing surface 1503 (Plane, Frontal-Delaunay)
Info    : [ 20%] Meshing surface 1504 (Plane, Frontal-Delaunay)
Info    : [ 20%] Meshing surface 1505 (Plane, Frontal-Delaunay)
Info    : [ 20%] Meshing surface 1506 (Plane, Frontal-Delaunay)
Info    : [ 20%] Meshing surface 1507 (Plane, Frontal-Delaunay)
Info    : [ 20%] Meshing surface 1508 (Plane, Frontal-Delaunay)
Info    : [ 20%] Meshing surface 1509 (Plane, Frontal-Delaunay)
Info    : [ 20%] Meshing surface 1510 (Plane, Frontal-Delaunay)
Info    : [ 20%] Meshing surface 1511 (Plane, Frontal-Delaunay)
Info    : [ 20%] Meshing surface 1512 (Plane, Frontal-Delaunay)
Info    : [ 20%] Meshing surface 1513 (Plane, Frontal-Delaunay)
Info    : [ 20%] Meshing surface 1514 (Plane, Frontal-Delaunay)
Info    : [ 20%] Meshing surface 1515 (Plane, Frontal-Delaunay)
Info    : [ 20%] Meshing surface 1516 (Plane, Frontal-Delaunay)
Info    : [ 20%] Meshing surface 1517 (Plane, Frontal-Delaunay)
Info    : [ 20%] Meshing surface 1518 (Plane, Frontal-Delaunay)
Info    : [ 20%] Meshing surface 1519 (Plane, Frontal-Delaunay)
Info    : [ 20%] Meshing surface 1520 (Plane, Frontal-Delaunay)
Info    : [ 20%] Meshing surface 1521 (Plane, Frontal-Delaunay)
Info    : [ 20%] Meshing surface 1522 (Plane, Frontal-Delaunay)
Info    : [ 20%] Meshing surface 1523 (Plane, Frontal-Delaunay)
Info    : [ 20%] Meshing surface 1524 (Plane, Frontal-Delaunay)
Info    : [ 20%] Meshing surface 1525 (Plane, Frontal-Delaunay)
Info    : [ 20%] Meshing surface 1526 (Plane, Frontal-Delaunay)
Info    : [ 20%] Meshing surface 1527 (Plane, Frontal-Delaunay)
Info    : [ 20%] Meshing surface 1528 (Plane, Frontal-Delaunay)
Info    : [ 20%] Meshing surface 1529 (Plane, Frontal-Delaunay)
Info    : [ 20%] Meshing surface 1530 (Plane, Frontal-Delaunay)
Info    : [ 30%] Meshing surface 1531 (Plane, Frontal-Delaunay)
Info    : [ 30%] Meshing surface 1532 (Plane, Frontal-Delaunay)
Info    : [ 30%] Meshing surface 1533 (Plane, Frontal-Delaunay)
Info    : [ 30%] Meshing surface 1534 (Plane, Frontal-Delaunay)
Info    : [ 30%] Meshing surface 1535 (Plane, Frontal-Delaunay)
Info    : [ 30%] Meshing surface 1536 (Plane, Frontal-Delaunay)
Info    : [ 30%] Meshing surface 1537 (Plane, Frontal-Delaunay)
Info    : [ 30%] Meshing surface 1538 (Plane, Frontal-Delaunay)
Info    : [ 30%] Meshing surface 1539 (Plane, Frontal-Delaunay)
Info    : [ 30%] Meshing surface 1540 (Plane, Frontal-Delaunay)
Info    : [ 30%] Meshing surface 1541 (Plane, Frontal-Delaunay)
Info    : [ 30%] Meshing surface 1542 (Plane, Frontal-Delaunay)
Info    : [ 30%] Meshing surface 1543 (Plane, Frontal-Delaunay)
Info    : [ 30%] Meshing surface 1544 (Plane, Frontal-Delaunay)
Info    : [ 30%] Meshing surface 1545 (Plane, Frontal-Delaunay)
Info    : [ 30%] Meshing surface 1546 (Plane, Frontal-Delaunay)
Info    : [ 30%] Meshing surface 1547 (Plane, Frontal-Delaunay)
Info    : [ 30%] Meshing surface 1548 (Plane, Frontal-Delaunay)
Info    : [ 30%] Meshing surface 1549 (Plane, Frontal-Delaunay)
Info    : [ 30%] Meshing surface 1550 (Plane, Frontal-Delaunay)
Info    : [ 30%] Meshing surface 1551 (Plane, Frontal-Delaunay)
Info    : [ 30%] Meshing surface 1552 (Plane, Frontal-Delaunay)
Info    : [ 30%] Meshing surface 1553 (Plane, Frontal-Delaunay)
Info    : [ 30%] Meshing surface 1554 (Plane, Frontal-Delaunay)
Info    : [ 30%] Meshing surface 1555 (Plane, Frontal-Delaunay)
Info    : [ 30%] Meshing surface 1556 (Plane, Frontal-Delaunay)
Info    : [ 30%] Meshing surface 1557 (Plane, Frontal-Delaunay)
Info    : [ 30%] Meshing surface 1558 (Plane, Frontal-Delaunay)
Info    : [ 30%] Meshing surface 1559 (Plane, Frontal-Delaunay)
Info    : [ 30%] Meshing surface 1560 (Plane, Frontal-Delaunay)
Info    : [ 30%] Meshing surface 1561 (Plane, Frontal-Delaunay)
Info    : [ 30%] Meshing surface 1562 (Plane, Frontal-Delaunay)
Info    : [ 30%] Meshing surface 1563 (Plane, Frontal-Delaunay)
Info    : [ 30%] Meshing surface 1564 (Plane, Frontal-Delaunay)
Info    : [ 30%] Meshing surface 1565 (Plane, Frontal-Delaunay)
Info    : [ 30%] Meshing surface 1566 (Plane, Frontal-Delaunay)
Info    : [ 30%] Meshing surface 1567 (Plane, Frontal-Delaunay)
Info    : [ 30%] Meshing surface 1568 (Plane, Frontal-Delaunay)
Info    : [ 30%] Meshing surface 1569 (Plane, Frontal-Delaunay)
Info    : [ 30%] Meshing surface 1570 (Plane, Frontal-Delaunay)
Info    : [ 30%] Meshing surface 1571 (Plane, Frontal-Delaunay)
Info    : [ 30%] Meshing surface 1572 (Plane, Frontal-Delaunay)
Info    : [ 30%] Meshing surface 1573 (Plane, Frontal-Delaunay)
Info    : [ 30%] Meshing surface 1574 (Plane, Frontal-Delaunay)
Info    : [ 30%] Meshing surface 1575 (Plane, Frontal-Delaunay)
Info    : [ 30%] Meshing surface 1576 (Plane, Frontal-Delaunay)
Info    : [ 30%] Meshing surface 1577 (Plane, Frontal-Delaunay)
Info    : [ 30%] Meshing surface 1578 (Plane, Frontal-Delaunay)
Info    : [ 30%] Meshing surface 1579 (Plane, Frontal-Delaunay)
Info    : [ 30%] Meshing surface 1580 (Plane, Frontal-Delaunay)
Info    : [ 30%] Meshing surface 1581 (Plane, Frontal-Delaunay)
Info    : [ 30%] Meshing surface 1582 (Plane, Frontal-Delaunay)
Info    : [ 30%] Meshing surface 1583 (Plane, Frontal-Delaunay)
Info    : [ 30%] Meshing surface 1584 (Plane, Frontal-Delaunay)
Info    : [ 30%] Meshing surface 1585 (Plane, Frontal-Delaunay)
Info    : [ 30%] Meshing surface 1586 (Plane, Frontal-Delaunay)
Info    : [ 30%] Meshing surface 1587 (Plane, Frontal-Delaunay)
Info    : [ 30%] Meshing surface 1588 (Plane, Frontal-Delaunay)
Info    : [ 30%] Meshing surface 1589 (Plane, Frontal-Delaunay)
Info    : [ 30%] Meshing surface 1590 (Plane, Frontal-Delaunay)
Info    : [ 30%] Meshing surface 1591 (Plane, Frontal-Delaunay)
Info    : [ 30%] Meshing surface 1592 (Plane, Frontal-Delaunay)
Info    : [ 30%] Meshing surface 1593 (Plane, Frontal-Delaunay)
Info    : [ 30%] Meshing surface 1594 (Plane, Frontal-Delaunay)
Info    : [ 30%] Meshing surface 1595 (Plane, Frontal-Delaunay)
Info    : [ 30%] Meshing surface 1596 (Plane, Frontal-Delaunay)
Info    : [ 30%] Meshing surface 1597 (Plane, Frontal-Delaunay)
Info    : [ 30%] Meshing surface 1598 (Plane, Frontal-Delaunay)
Info    : [ 30%] Meshing surface 1599 (Plane, Frontal-Delaunay)
Info    : [ 30%] Meshing surface 1600 (Plane, Frontal-Delaunay)
Info    : [ 30%] Meshing surface 1601 (Plane, Frontal-Delaunay)
Info    : [ 30%] Meshing surface 1602 (Plane, Frontal-Delaunay)
Info    : [ 30%] Meshing surface 1603 (Plane, Frontal-Delaunay)
Info    : [ 30%] Meshing surface 1604 (Plane, Frontal-Delaunay)
Info    : [ 30%] Meshing surface 1605 (Plane, Frontal-Delaunay)
Info    : [ 30%] Meshing surface 1606 (Plane, Frontal-Delaunay)
Info    : [ 30%] Meshing surface 1607 (Plane, Frontal-Delaunay)
Info    : [ 30%] Meshing surface 1608 (Plane, Frontal-Delaunay)
Info    : [ 30%] Meshing surface 1609 (Plane, Frontal-Delaunay)
Info    : [ 30%] Meshing surface 1610 (Plane, Frontal-Delaunay)
Info    : [ 30%] Meshing surface 1611 (Plane, Frontal-Delaunay)
Info    : [ 30%] Meshing surface 1612 (Plane, Frontal-Delaunay)
Info    : [ 30%] Meshing surface 1613 (Plane, Frontal-Delaunay)
Info    : [ 30%] Meshing surface 1614 (Plane, Frontal-Delaunay)
Info    : [ 30%] Meshing surface 1615 (Plane, Frontal-Delaunay)
Info    : [ 30%] Meshing surface 1616 (Plane, Frontal-Delaunay)
Info    : [ 30%] Meshing surface 1617 (Plane, Frontal-Delaunay)
Info    : [ 30%] Meshing surface 1618 (Plane, Frontal-Delaunay)
Info    : [ 30%] Meshing surface 1619 (Plane, Frontal-Delaunay)
Info    : [ 30%] Meshing surface 1620 (Plane, Frontal-Delaunay)
Info    : [ 30%] Meshing surface 1621 (Plane, Frontal-Delaunay)
Info    : [ 30%] Meshing surface 1622 (Plane, Frontal-Delaunay)
Info    : [ 30%] Meshing surface 1623 (Plane, Frontal-Delaunay)
Info    : [ 30%] Meshing surface 1624 (Plane, Frontal-Delaunay)
Info    : [ 30%] Meshing surface 1625 (Plane, Frontal-Delaunay)
Info    : [ 30%] Meshing surface 1626 (Plane, Frontal-Delaunay)
Info    : [ 30%] Meshing surface 1627 (Plane, Frontal-Delaunay)
Info    : [ 30%] Meshing surface 1628 (Plane, Frontal-Delaunay)
Info    : [ 30%] Meshing surface 1629 (Plane, Frontal-Delaunay)
Info    : [ 30%] Meshing surface 1630 (Plane, Frontal-Delaunay)
Info    : [ 30%] Meshing surface 1631 (Plane, Frontal-Delaunay)
Info    : [ 30%] Meshing surface 1632 (Plane, Frontal-Delaunay)
Info    : [ 30%] Meshing surface 1633 (Plane, Frontal-Delaunay)
Info    : [ 30%] Meshing surface 1634 (Plane, Frontal-Delaunay)
Info    : [ 30%] Meshing surface 1635 (Plane, Frontal-Delaunay)
Info    : [ 30%] Meshing surface 1636 (Plane, Frontal-Delaunay)
Info    : [ 30%] Meshing surface 1637 (Plane, Frontal-Delaunay)
Info    : [ 30%] Meshing surface 1638 (Plane, Frontal-Delaunay)
Info    : [ 30%] Meshing surface 1639 (Plane, Frontal-Delaunay)
Info    : [ 30%] Meshing surface 1640 (Plane, Frontal-Delaunay)
Info    : [ 30%] Meshing surface 1641 (Plane, Frontal-Delaunay)
Info    : [ 30%] Meshing surface 1642 (Plane, Frontal-Delaunay)
Info    : [ 30%] Meshing surface 1643 (Plane, Frontal-Delaunay)
Info    : [ 30%] Meshing surface 1644 (Plane, Frontal-Delaunay)
Info    : [ 30%] Meshing surface 1645 (Plane, Frontal-Delaunay)
Info    : [ 30%] Meshing surface 1646 (Plane, Frontal-Delaunay)
Info    : [ 30%] Meshing surface 1647 (Plane, Frontal-Delaunay)
Info    : [ 30%] Meshing surface 1648 (Plane, Frontal-Delaunay)
Info    : [ 30%] Meshing surface 1649 (Plane, Frontal-Delaunay)
Info    : [ 30%] Meshing surface 1650 (Plane, Frontal-Delaunay)
Info    : [ 30%] Meshing surface 1651 (Plane, Frontal-Delaunay)
Info    : [ 30%] Meshing surface 1652 (Plane, Frontal-Delaunay)
Info    : [ 30%] Meshing surface 1653 (Plane, Frontal-Delaunay)
Info    : [ 30%] Meshing surface 1654 (Plane, Frontal-Delaunay)
Info    : [ 30%] Meshing surface 1655 (Plane, Frontal-Delaunay)
Info    : [ 30%] Meshing surface 1656 (Plane, Frontal-Delaunay)
Info    : [ 30%] Meshing surface 1657 (Plane, Frontal-Delaunay)
Info    : [ 30%] Meshing surface 1658 (Plane, Frontal-Delaunay)
Info    : [ 30%] Meshing surface 1659 (Plane, Frontal-Delaunay)
Info    : [ 30%] Meshing surface 1660 (Plane, Frontal-Delaunay)
Info    : [ 30%] Meshing surface 1661 (Plane, Frontal-Delaunay)
Info    : [ 30%] Meshing surface 1662 (Plane, Frontal-Delaunay)
Info    : [ 30%] Meshing surface 1663 (Plane, Frontal-Delaunay)
Info    : [ 30%] Meshing surface 1664 (Plane, Frontal-Delaunay)
Info    : [ 30%] Meshing surface 1665 (Plane, Frontal-Delaunay)
Info    : [ 30%] Meshing surface 1666 (Plane, Frontal-Delaunay)
Info    : [ 30%] Meshing surface 1667 (Plane, Frontal-Delaunay)
Info    : [ 30%] Meshing surface 1668 (Plane, Frontal-Delaunay)
Info    : [ 30%] Meshing surface 1669 (Plane, Frontal-Delaunay)
Info    : [ 30%] Meshing surface 1670 (Plane, Frontal-Delaunay)
Info    : [ 30%] Meshing surface 1671 (Plane, Frontal-Delaunay)
Info    : [ 30%] Meshing surface 1672 (Plane, Frontal-Delaunay)
Info    : [ 30%] Meshing surface 1673 (Plane, Frontal-Delaunay)
Info    : [ 30%] Meshing surface 1674 (Plane, Frontal-Delaunay)
Info    : [ 30%] Meshing surface 1675 (Plane, Frontal-Delaunay)
Info    : [ 30%] Meshing surface 1676 (Plane, Frontal-Delaunay)
Info    : [ 30%] Meshing surface 1677 (Plane, Frontal-Delaunay)
Info    : [ 30%] Meshing surface 1679 (Plane, Frontal-Delaunay)
Info    : [ 30%] Meshing surface 1678 (Plane, Frontal-Delaunay)
Info    : [ 30%] Meshing surface 1680 (Plane, Frontal-Delaunay)
Info    : [ 30%] Meshing surface 1681 (Plane, Frontal-Delaunay)
Info    : [ 30%] Meshing surface 1682 (Plane, Frontal-Delaunay)
Info    : [ 30%] Meshing surface 1683 (Plane, Frontal-Delaunay)
Info    : [ 30%] Meshing surface 1684 (Plane, Frontal-Delaunay)
Info    : [ 30%] Meshing surface 1685 (Plane, Frontal-Delaunay)
Info    : [ 30%] Meshing surface 1686 (Plane, Frontal-Delaunay)
Info    : [ 30%] Meshing surface 1687 (Plane, Frontal-Delaunay)
Info    : [ 30%] Meshing surface 1688 (Plane, Frontal-Delaunay)
Info    : [ 30%] Meshing surface 1689 (Plane, Frontal-Delaunay)
Info    : [ 30%] Meshing surface 1690 (Plane, Frontal-Delaunay)
Info    : [ 30%] Meshing surface 1691 (Plane, Frontal-Delaunay)
Info    : [ 30%] Meshing surface 1692 (Plane, Frontal-Delaunay)
Info    : [ 30%] Meshing surface 1693 (Plane, Frontal-Delaunay)
Info    : [ 30%] Meshing surface 1694 (Plane, Frontal-Delaunay)
Info    : [ 30%] Meshing surface 1695 (Plane, Frontal-Delaunay)
Info    : [ 30%] Meshing surface 1696 (Plane, Frontal-Delaunay)
Info    : [ 30%] Meshing surface 1697 (Plane, Frontal-Delaunay)
Info    : [ 30%] Meshing surface 1698 (Plane, Frontal-Delaunay)
Info    : [ 30%] Meshing surface 1699 (Plane, Frontal-Delaunay)
Info    : [ 30%] Meshing surface 1700 (Plane, Frontal-Delaunay)
Info    : [ 30%] Meshing surface 1701 (Plane, Frontal-Delaunay)
Info    : [ 30%] Meshing surface 1702 (Plane, Frontal-Delaunay)
Info    : [ 30%] Meshing surface 1703 (Plane, Frontal-Delaunay)
Info    : [ 30%] Meshing surface 1704 (Plane, Frontal-Delaunay)
Info    : [ 30%] Meshing surface 1705 (Plane, Frontal-Delaunay)
Info    : [ 30%] Meshing surface 1706 (Plane, Frontal-Delaunay)
Info    : [ 30%] Meshing surface 1707 (Plane, Frontal-Delaunay)
Info    : [ 30%] Meshing surface 1708 (Plane, Frontal-Delaunay)
Info    : [ 30%] Meshing surface 1709 (Plane, Frontal-Delaunay)
Info    : [ 30%] Meshing surface 1710 (Plane, Frontal-Delaunay)
Info    : [ 30%] Meshing surface 1711 (Plane, Frontal-Delaunay)
Info    : [ 30%] Meshing surface 1712 (Plane, Frontal-Delaunay)
Info    : [ 30%] Meshing surface 1713 (Plane, Frontal-Delaunay)
Info    : [ 30%] Meshing surface 1714 (Plane, Frontal-Delaunay)
Info    : [ 30%] Meshing surface 1715 (Plane, Frontal-Delaunay)
Info    : [ 30%] Meshing surface 1716 (Plane, Frontal-Delaunay)
Info    : [ 30%] Meshing surface 1717 (Plane, Frontal-Delaunay)
Info    : [ 30%] Meshing surface 1718 (Plane, Frontal-Delaunay)
Info    : [ 30%] Meshing surface 1719 (Plane, Frontal-Delaunay)
Info    : [ 30%] Meshing surface 1720 (Plane, Frontal-Delaunay)
Info    : [ 30%] Meshing surface 1721 (Plane, Frontal-Delaunay)
Info    : [ 30%] Meshing surface 1722 (Plane, Frontal-Delaunay)
Info    : [ 30%] Meshing surface 1723 (Plane, Frontal-Delaunay)
Info    : [ 30%] Meshing surface 1724 (Plane, Frontal-Delaunay)
Info    : [ 30%] Meshing surface 1725 (Plane, Frontal-Delaunay)
Info    : [ 30%] Meshing surface 1726 (Plane, Frontal-Delaunay)
Info    : [ 30%] Meshing surface 1727 (Plane, Frontal-Delaunay)
Info    : [ 30%] Meshing surface 1728 (Plane, Frontal-Delaunay)
Info    : [ 30%] Meshing surface 1729 (Plane, Frontal-Delaunay)
Info    : [ 30%] Meshing surface 1730 (Plane, Frontal-Delaunay)
Info    : [ 30%] Meshing surface 1731 (Plane, Frontal-Delaunay)
Info    : [ 30%] Meshing surface 1732 (Plane, Frontal-Delaunay)
Info    : [ 30%] Meshing surface 1733 (Plane, Frontal-Delaunay)
Info    : [ 30%] Meshing surface 1734 (Plane, Frontal-Delaunay)
Info    : [ 30%] Meshing surface 1735 (Plane, Frontal-Delaunay)
Info    : [ 30%] Meshing surface 1736 (Plane, Frontal-Delaunay)
Info    : [ 30%] Meshing surface 1737 (Plane, Frontal-Delaunay)
Info    : [ 30%] Meshing surface 1738 (Plane, Frontal-Delaunay)
Info    : [ 30%] Meshing surface 1739 (Plane, Frontal-Delaunay)
Info    : [ 30%] Meshing surface 1740 (Plane, Frontal-Delaunay)
Info    : [ 30%] Meshing surface 1741 (Plane, Frontal-Delaunay)
Info    : [ 30%] Meshing surface 1742 (Plane, Frontal-Delaunay)
Info    : [ 30%] Meshing surface 1743 (Plane, Frontal-Delaunay)
Info    : [ 30%] Meshing surface 1744 (Plane, Frontal-Delaunay)
Info    : [ 30%] Meshing surface 1745 (Plane, Frontal-Delaunay)
Info    : [ 30%] Meshing surface 1746 (Plane, Frontal-Delaunay)
Info    : [ 30%] Meshing surface 1747 (Plane, Frontal-Delaunay)
Info    : [ 30%] Meshing surface 1748 (Plane, Frontal-Delaunay)
Info    : [ 30%] Meshing surface 1749 (Plane, Frontal-Delaunay)
Info    : [ 30%] Meshing surface 1750 (Plane, Frontal-Delaunay)
Info    : [ 30%] Meshing surface 1751 (Plane, Frontal-Delaunay)
Info    : [ 30%] Meshing surface 1752 (Plane, Frontal-Delaunay)
Info    : [ 30%] Meshing surface 1753 (Plane, Frontal-Delaunay)
Info    : [ 30%] Meshing surface 1754 (Plane, Frontal-Delaunay)
Info    : [ 30%] Meshing surface 1755 (Plane, Frontal-Delaunay)
Info    : [ 30%] Meshing surface 1756 (Plane, Frontal-Delaunay)
Info    : [ 30%] Meshing surface 1757 (Plane, Frontal-Delaunay)
Info    : [ 30%] Meshing surface 1758 (Plane, Frontal-Delaunay)
Info    : [ 30%] Meshing surface 1759 (Plane, Frontal-Delaunay)
Info    : [ 30%] Meshing surface 1760 (Plane, Frontal-Delaunay)
Info    : [ 30%] Meshing surface 1761 (Plane, Frontal-Delaunay)
Info    : [ 30%] Meshing surface 1762 (Plane, Frontal-Delaunay)
Info    : [ 30%] Meshing surface 1763 (Plane, Frontal-Delaunay)
Info    : [ 30%] Meshing surface 1764 (Plane, Frontal-Delaunay)
Info    : [ 30%] Meshing surface 1765 (Plane, Frontal-Delaunay)
Info    : [ 30%] Meshing surface 1766 (Plane, Frontal-Delaunay)
Info    : [ 30%] Meshing surface 1767 (Plane, Frontal-Delaunay)
Info    : [ 30%] Meshing surface 1768 (Plane, Frontal-Delaunay)
Info    : [ 30%] Meshing surface 1769 (Plane, Frontal-Delaunay)
Info    : [ 30%] Meshing surface 1770 (Plane, Frontal-Delaunay)
Info    : [ 30%] Meshing surface 1771 (Plane, Frontal-Delaunay)
Info    : [ 30%] Meshing surface 1772 (Plane, Frontal-Delaunay)
Info    : [ 30%] Meshing surface 1773 (Plane, Frontal-Delaunay)
Info    : [ 30%] Meshing surface 1774 (Plane, Frontal-Delaunay)
Info    : [ 30%] Meshing surface 1775 (Plane, Frontal-Delaunay)
Info    : [ 30%] Meshing surface 1776 (Plane, Frontal-Delaunay)
Info    : [ 30%] Meshing surface 1777 (Plane, Frontal-Delaunay)
Info    : [ 30%] Meshing surface 1778 (Plane, Frontal-Delaunay)
Info    : [ 30%] Meshing surface 1779 (Plane, Frontal-Delaunay)
Info    : [ 40%] Meshing surface 1780 (Plane, Frontal-Delaunay)
Info    : [ 40%] Meshing surface 1781 (Plane, Frontal-Delaunay)
Info    : [ 40%] Meshing surface 1782 (Plane, Frontal-Delaunay)
Info    : [ 40%] Meshing surface 1783 (Plane, Frontal-Delaunay)
Info    : [ 40%] Meshing surface 1784 (Plane, Frontal-Delaunay)
Info    : [ 40%] Meshing surface 1785 (Plane, Frontal-Delaunay)
Info    : [ 40%] Meshing surface 1786 (Plane, Frontal-Delaunay)
Info    : [ 40%] Meshing surface 1787 (Plane, Frontal-Delaunay)
Info    : [ 40%] Meshing surface 1788 (Plane, Frontal-Delaunay)
Info    : [ 40%] Meshing surface 1789 (Plane, Frontal-Delaunay)
Info    : [ 40%] Meshing surface 1790 (Plane, Frontal-Delaunay)
Info    : [ 40%] Meshing surface 1791 (Plane, Frontal-Delaunay)
Info    : [ 40%] Meshing surface 1792 (Plane, Frontal-Delaunay)
Info    : [ 40%] Meshing surface 1793 (Plane, Frontal-Delaunay)
Info    : [ 40%] Meshing surface 1794 (Plane, Frontal-Delaunay)
Info    : [ 40%] Meshing surface 1795 (Plane, Frontal-Delaunay)
Info    : [ 40%] Meshing surface 1796 (Plane, Frontal-Delaunay)
Info    : [ 40%] Meshing surface 1797 (Plane, Frontal-Delaunay)
Info    : [ 40%] Meshing surface 1798 (Plane, Frontal-Delaunay)
Info    : [ 40%] Meshing surface 1799 (Plane, Frontal-Delaunay)
Info    : [ 40%] Meshing surface 1800 (Plane, Frontal-Delaunay)
Info    : [ 40%] Meshing surface 1801 (Plane, Frontal-Delaunay)
Info    : [ 40%] Meshing surface 1802 (Plane, Frontal-Delaunay)
Info    : [ 40%] Meshing surface 1803 (Plane, Frontal-Delaunay)
Info    : [ 40%] Meshing surface 1804 (Plane, Frontal-Delaunay)
Info    : [ 40%] Meshing surface 1805 (Plane, Frontal-Delaunay)
Info    : [ 40%] Meshing surface 1806 (Plane, Frontal-Delaunay)
Info    : [ 40%] Meshing surface 1807 (Plane, Frontal-Delaunay)
Info    : [ 40%] Meshing surface 1808 (Plane, Frontal-Delaunay)
Info    : [ 40%] Meshing surface 1809 (Plane, Frontal-Delaunay)
Info    : [ 40%] Meshing surface 1810 (Plane, Frontal-Delaunay)
Info    : [ 40%] Meshing surface 1811 (Plane, Frontal-Delaunay)
Info    : [ 40%] Meshing surface 1812 (Plane, Frontal-Delaunay)
Info    : [ 40%] Meshing surface 1813 (Plane, Frontal-Delaunay)
Info    : [ 40%] Meshing surface 1814 (Plane, Frontal-Delaunay)
Info    : [ 40%] Meshing surface 1815 (Plane, Frontal-Delaunay)
Info    : [ 40%] Meshing surface 1816 (Plane, Frontal-Delaunay)
Info    : [ 40%] Meshing surface 1817 (Plane, Frontal-Delaunay)
Info    : [ 40%] Meshing surface 1818 (Plane, Frontal-Delaunay)
Info    : [ 40%] Meshing surface 1819 (Plane, Frontal-Delaunay)
Info    : [ 40%] Meshing surface 1820 (Plane, Frontal-Delaunay)
Info    : [ 40%] Meshing surface 1821 (Plane, Frontal-Delaunay)
Info    : [ 40%] Meshing surface 1822 (Plane, Frontal-Delaunay)
Info    : [ 40%] Meshing surface 1823 (Plane, Frontal-Delaunay)
Info    : [ 40%] Meshing surface 1824 (Plane, Frontal-Delaunay)
Info    : [ 40%] Meshing surface 1825 (Plane, Frontal-Delaunay)
Info    : [ 40%] Meshing surface 1826 (Plane, Frontal-Delaunay)
Info    : [ 40%] Meshing surface 1827 (Plane, Frontal-Delaunay)
Info    : [ 40%] Meshing surface 1828 (Plane, Frontal-Delaunay)
Info    : [ 40%] Meshing surface 1829 (Plane, Frontal-Delaunay)
Info    : [ 40%] Meshing surface 1830 (Plane, Frontal-Delaunay)
Info    : [ 40%] Meshing surface 1831 (Plane, Frontal-Delaunay)
Info    : [ 40%] Meshing surface 1832 (Plane, Frontal-Delaunay)
Info    : [ 40%] Meshing surface 1833 (Plane, Frontal-Delaunay)
Info    : [ 40%] Meshing surface 1834 (Plane, Frontal-Delaunay)
Info    : [ 40%] Meshing surface 1835 (Plane, Frontal-Delaunay)
Info    : [ 40%] Meshing surface 1836 (Plane, Frontal-Delaunay)
Info    : [ 40%] Meshing surface 1837 (Plane, Frontal-Delaunay)
Info    : [ 40%] Meshing surface 1838 (Plane, Frontal-Delaunay)
Info    : [ 40%] Meshing surface 1839 (Plane, Frontal-Delaunay)
Info    : [ 40%] Meshing surface 1840 (Plane, Frontal-Delaunay)
Info    : [ 40%] Meshing surface 1841 (Plane, Frontal-Delaunay)
Info    : [ 40%] Meshing surface 1842 (Plane, Frontal-Delaunay)
Info    : [ 40%] Meshing surface 1843 (Plane, Frontal-Delaunay)
Info    : [ 40%] Meshing surface 1844 (Plane, Frontal-Delaunay)
Info    : [ 40%] Meshing surface 1845 (Plane, Frontal-Delaunay)
Info    : [ 40%] Meshing surface 1846 (Plane, Frontal-Delaunay)
Info    : [ 40%] Meshing surface 1847 (Plane, Frontal-Delaunay)
Info    : [ 40%] Meshing surface 1848 (Plane, Frontal-Delaunay)
Info    : [ 40%] Meshing surface 1849 (Plane, Frontal-Delaunay)
Info    : [ 40%] Meshing surface 1850 (Plane, Frontal-Delaunay)
Info    : [ 40%] Meshing surface 1851 (Plane, Frontal-Delaunay)
Info    : [ 40%] Meshing surface 1852 (Plane, Frontal-Delaunay)
Info    : [ 40%] Meshing surface 1853 (Plane, Frontal-Delaunay)
Info    : [ 40%] Meshing surface 1854 (Plane, Frontal-Delaunay)
Info    : [ 40%] Meshing surface 1855 (Plane, Frontal-Delaunay)
Info    : [ 40%] Meshing surface 1856 (Plane, Frontal-Delaunay)
Info    : [ 40%] Meshing surface 1857 (Plane, Frontal-Delaunay)
Info    : [ 40%] Meshing surface 1858 (Plane, Frontal-Delaunay)
Info    : [ 40%] Meshing surface 1859 (Plane, Frontal-Delaunay)
Info    : [ 40%] Meshing surface 1860 (Plane, Frontal-Delaunay)
Info    : [ 40%] Meshing surface 1861 (Plane, Frontal-Delaunay)
Info    : [ 40%] Meshing surface 1862 (Plane, Frontal-Delaunay)
Info    : [ 40%] Meshing surface 1863 (Plane, Frontal-Delaunay)
Info    : [ 40%] Meshing surface 1864 (Plane, Frontal-Delaunay)
Info    : [ 40%] Meshing surface 1865 (Plane, Frontal-Delaunay)
Info    : [ 40%] Meshing surface 1866 (Plane, Frontal-Delaunay)
Info    : [ 40%] Meshing surface 1867 (Plane, Frontal-Delaunay)
Info    : [ 40%] Meshing surface 1868 (Plane, Frontal-Delaunay)
Info    : [ 40%] Meshing surface 1869 (Plane, Frontal-Delaunay)
Info    : [ 40%] Meshing surface 1870 (Plane, Frontal-Delaunay)
Info    : [ 40%] Meshing surface 1871 (Plane, Frontal-Delaunay)
Info    : [ 40%] Meshing surface 1872 (Plane, Frontal-Delaunay)
Info    : [ 40%] Meshing surface 1873 (Plane, Frontal-Delaunay)
Info    : [ 40%] Meshing surface 1874 (Plane, Frontal-Delaunay)
Info    : [ 40%] Meshing surface 1875 (Plane, Frontal-Delaunay)
Info    : [ 40%] Meshing surface 1876 (Plane, Frontal-Delaunay)
Info    : [ 40%] Meshing surface 1877 (Plane, Frontal-Delaunay)
Info    : [ 40%] Meshing surface 1878 (Plane, Frontal-Delaunay)
Info    : [ 40%] Meshing surface 1879 (Plane, Frontal-Delaunay)
Info    : [ 40%] Meshing surface 1880 (Plane, Frontal-Delaunay)
Info    : [ 40%] Meshing surface 1881 (Plane, Frontal-Delaunay)
Info    : [ 40%] Meshing surface 1882 (Plane, Frontal-Delaunay)
Info    : [ 40%] Meshing surface 1883 (Plane, Frontal-Delaunay)
Info    : [ 40%] Meshing surface 1884 (Plane, Frontal-Delaunay)
Info    : [ 40%] Meshing surface 1885 (Plane, Frontal-Delaunay)
Info    : [ 40%] Meshing surface 1886 (Plane, Frontal-Delaunay)
Info    : [ 40%] Meshing surface 1887 (Plane, Frontal-Delaunay)
Info    : [ 40%] Meshing surface 1888 (Plane, Frontal-Delaunay)
Info    : [ 40%] Meshing surface 1889 (Plane, Frontal-Delaunay)
Info    : [ 40%] Meshing surface 1890 (Plane, Frontal-Delaunay)
Info    : [ 40%] Meshing surface 1891 (Plane, Frontal-Delaunay)
Info    : [ 40%] Meshing surface 1892 (Plane, Frontal-Delaunay)
Info    : [ 40%] Meshing surface 1893 (Plane, Frontal-Delaunay)
Info    : [ 40%] Meshing surface 1894 (Plane, Frontal-Delaunay)
Info    : [ 40%] Meshing surface 1895 (Plane, Frontal-Delaunay)
Info    : [ 40%] Meshing surface 1896 (Plane, Frontal-Delaunay)
Info    : [ 40%] Meshing surface 1897 (Plane, Frontal-Delaunay)
Info    : [ 40%] Meshing surface 1898 (Plane, Frontal-Delaunay)
Info    : [ 40%] Meshing surface 1899 (Plane, Frontal-Delaunay)
Info    : [ 40%] Meshing surface 1900 (Plane, Frontal-Delaunay)
Info    : [ 40%] Meshing surface 1901 (Plane, Frontal-Delaunay)
Info    : [ 40%] Meshing surface 1902 (Plane, Frontal-Delaunay)
Info    : [ 40%] Meshing surface 1903 (Plane, Frontal-Delaunay)
Info    : [ 40%] Meshing surface 1904 (Plane, Frontal-Delaunay)
Info    : [ 40%] Meshing surface 1905 (Plane, Frontal-Delaunay)
Info    : [ 40%] Meshing surface 1906 (Plane, Frontal-Delaunay)
Info    : [ 40%] Meshing surface 1907 (Plane, Frontal-Delaunay)
Info    : [ 40%] Meshing surface 1908 (Plane, Frontal-Delaunay)
Info    : [ 40%] Meshing surface 1909 (Plane, Frontal-Delaunay)
Info    : [ 40%] Meshing surface 1910 (Plane, Frontal-Delaunay)
Info    : [ 40%] Meshing surface 1911 (Plane, Frontal-Delaunay)
Info    : [ 40%] Meshing surface 1912 (Plane, Frontal-Delaunay)
Info    : [ 40%] Meshing surface 1913 (Plane, Frontal-Delaunay)
Info    : [ 40%] Meshing surface 1914 (Plane, Frontal-Delaunay)
Info    : [ 40%] Meshing surface 1915 (Plane, Frontal-Delaunay)
Info    : [ 40%] Meshing surface 1916 (Plane, Frontal-Delaunay)
Info    : [ 40%] Meshing surface 1917 (Plane, Frontal-Delaunay)
Info    : [ 40%] Meshing surface 1918 (Plane, Frontal-Delaunay)
Info    : [ 40%] Meshing surface 1919 (Plane, Frontal-Delaunay)
Info    : [ 40%] Meshing surface 1920 (Plane, Frontal-Delaunay)
Info    : [ 40%] Meshing surface 1921 (Plane, Frontal-Delaunay)
Info    : [ 40%] Meshing surface 1922 (Plane, Frontal-Delaunay)
Info    : [ 40%] Meshing surface 1923 (Plane, Frontal-Delaunay)
Info    : [ 40%] Meshing surface 1924 (Plane, Frontal-Delaunay)
Info    : [ 40%] Meshing surface 1925 (Plane, Frontal-Delaunay)
Info    : [ 40%] Meshing surface 1926 (Plane, Frontal-Delaunay)
Info    : [ 40%] Meshing surface 1927 (Plane, Frontal-Delaunay)
Info    : [ 40%] Meshing surface 1928 (Plane, Frontal-Delaunay)
Info    : [ 40%] Meshing surface 1929 (Plane, Frontal-Delaunay)
Info    : [ 40%] Meshing surface 1930 (Plane, Frontal-Delaunay)
Info    : [ 40%] Meshing surface 1931 (Plane, Frontal-Delaunay)
Info    : [ 40%] Meshing surface 1932 (Plane, Frontal-Delaunay)
Info    : [ 40%] Meshing surface 1933 (Plane, Frontal-Delaunay)
Info    : [ 40%] Meshing surface 1934 (Plane, Frontal-Delaunay)
Info    : [ 40%] Meshing surface 1935 (Plane, Frontal-Delaunay)
Info    : [ 40%] Meshing surface 1936 (Plane, Frontal-Delaunay)
Info    : [ 40%] Meshing surface 1937 (Plane, Frontal-Delaunay)
Info    : [ 40%] Meshing surface 1938 (Plane, Frontal-Delaunay)
Info    : [ 40%] Meshing surface 1939 (Plane, Frontal-Delaunay)
Info    : [ 40%] Meshing surface 1940 (Plane, Frontal-Delaunay)
Info    : [ 40%] Meshing surface 1941 (Plane, Frontal-Delaunay)
Info    : [ 40%] Meshing surface 1942 (Plane, Frontal-Delaunay)
Info    : [ 40%] Meshing surface 1943 (Plane, Frontal-Delaunay)
Info    : [ 40%] Meshing surface 1944 (Plane, Frontal-Delaunay)
Info    : [ 40%] Meshing surface 1945 (Plane, Frontal-Delaunay)
Info    : [ 40%] Meshing surface 1946 (Plane, Frontal-Delaunay)
Info    : [ 40%] Meshing surface 1947 (Plane, Frontal-Delaunay)
Info    : [ 40%] Meshing surface 1948 (Plane, Frontal-Delaunay)
Info    : [ 40%] Meshing surface 1949 (Plane, Frontal-Delaunay)
Info    : [ 40%] Meshing surface 1950 (Plane, Frontal-Delaunay)
Info    : [ 40%] Meshing surface 1951 (Plane, Frontal-Delaunay)
Info    : [ 40%] Meshing surface 1952 (Plane, Frontal-Delaunay)
Info    : [ 40%] Meshing surface 1953 (Plane, Frontal-Delaunay)
Info    : [ 40%] Meshing surface 1954 (Plane, Frontal-Delaunay)
Info    : [ 40%] Meshing surface 1955 (Plane, Frontal-Delaunay)
Info    : [ 40%] Meshing surface 1956 (Plane, Frontal-Delaunay)
Info    : [ 40%] Meshing surface 1957 (Plane, Frontal-Delaunay)
Info    : [ 40%] Meshing surface 1958 (Plane, Frontal-Delaunay)
Info    : [ 40%] Meshing surface 1959 (Plane, Frontal-Delaunay)
Info    : [ 40%] Meshing surface 1960 (Plane, Frontal-Delaunay)
Info    : [ 40%] Meshing surface 1961 (Plane, Frontal-Delaunay)
Info    : [ 40%] Meshing surface 1962 (Plane, Frontal-Delaunay)
Info    : [ 40%] Meshing surface 1963 (Plane, Frontal-Delaunay)
Info    : [ 40%] Meshing surface 2437 (Plane, Frontal-Delaunay)
Info    : [ 40%] Meshing surface 2438 (Plane, Frontal-Delaunay)
Info    : [ 40%] Meshing surface 2439 (Plane, Frontal-Delaunay)
Info    : [ 40%] Meshing surface 2440 (Plane, Frontal-Delaunay)
Info    : [ 40%] Meshing surface 2441 (Plane, Frontal-Delaunay)
Info    : [ 40%] Meshing surface 2442 (Plane, Frontal-Delaunay)
Info    : [ 40%] Meshing surface 2443 (Plane, Frontal-Delaunay)
Info    : [ 40%] Meshing surface 2444 (Plane, Frontal-Delaunay)
Info    : [ 40%] Meshing surface 2445 (Plane, Frontal-Delaunay)
Info    : [ 40%] Meshing surface 2446 (Plane, Frontal-Delaunay)
Info    : [ 40%] Meshing surface 2447 (Plane, Frontal-Delaunay)
Info    : [ 40%] Meshing surface 2448 (Plane, Frontal-Delaunay)
Info    : [ 40%] Meshing surface 2449 (Plane, Frontal-Delaunay)
Info    : [ 40%] Meshing surface 2450 (Plane, Frontal-Delaunay)
Info    : [ 40%] Meshing surface 2451 (Plane, Frontal-Delaunay)
Info    : [ 40%] Meshing surface 2452 (Plane, Frontal-Delaunay)
Info    : [ 40%] Meshing surface 2453 (Plane, Frontal-Delaunay)
Info    : [ 40%] Meshing surface 2454 (Plane, Frontal-Delaunay)
Info    : [ 40%] Meshing surface 2455 (Plane, Frontal-Delaunay)
Info    : [ 40%] Meshing surface 2456 (Plane, Frontal-Delaunay)
Info    : [ 40%] Meshing surface 2457 (Plane, Frontal-Delaunay)
Info    : [ 40%] Meshing surface 2458 (Plane, Frontal-Delaunay)
Info    : [ 40%] Meshing surface 2459 (Plane, Frontal-Delaunay)
Info    : [ 40%] Meshing surface 2460 (Plane, Frontal-Delaunay)
Info    : [ 40%] Meshing surface 2461 (Plane, Frontal-Delaunay)
Info    : [ 40%] Meshing surface 2462 (Plane, Frontal-Delaunay)
Info    : [ 40%] Meshing surface 2463 (Plane, Frontal-Delaunay)
Info    : [ 40%] Meshing surface 2464 (Plane, Frontal-Delaunay)
Info    : [ 40%] Meshing surface 2465 (Plane, Frontal-Delaunay)
Info    : [ 40%] Meshing surface 2466 (Plane, Frontal-Delaunay)
Info    : [ 40%] Meshing surface 2467 (Plane, Frontal-Delaunay)
Info    : [ 40%] Meshing surface 2468 (Plane, Frontal-Delaunay)
Info    : [ 40%] Meshing surface 2469 (Plane, Frontal-Delaunay)
Info    : [ 40%] Meshing surface 2470 (Plane, Frontal-Delaunay)
Info    : [ 40%] Meshing surface 2471 (Plane, Frontal-Delaunay)
Info    : [ 40%] Meshing surface 2472 (Plane, Frontal-Delaunay)
Info    : [ 40%] Meshing surface 2473 (Plane, Frontal-Delaunay)
Info    : [ 40%] Meshing surface 2474 (Plane, Frontal-Delaunay)
Info    : [ 40%] Meshing surface 2475 (Plane, Frontal-Delaunay)
Info    : [ 40%] Meshing surface 2476 (Plane, Frontal-Delaunay)
Info    : [ 40%] Meshing surface 2477 (Plane, Frontal-Delaunay)
Info    : [ 40%] Meshing surface 2478 (Plane, Frontal-Delaunay)
Info    : [ 40%] Meshing surface 2479 (Plane, Frontal-Delaunay)
Info    : [ 40%] Meshing surface 2480 (Plane, Frontal-Delaunay)
Info    : [ 40%] Meshing surface 2481 (Plane, Frontal-Delaunay)
Info    : [ 40%] Meshing surface 2482 (Plane, Frontal-Delaunay)
Info    : [ 40%] Meshing surface 2483 (Plane, Frontal-Delaunay)
Info    : [ 40%] Meshing surface 2484 (Plane, Frontal-Delaunay)
Info    : [ 40%] Meshing surface 2485 (Plane, Frontal-Delaunay)
Info    : [ 40%] Meshing surface 2486 (Plane, Frontal-Delaunay)
Info    : [ 40%] Meshing surface 2487 (Plane, Frontal-Delaunay)
Info    : [ 40%] Meshing surface 2488 (Plane, Frontal-Delaunay)
Info    : [ 40%] Meshing surface 2489 (Plane, Frontal-Delaunay)
Info    : [ 40%] Meshing surface 2490 (Plane, Frontal-Delaunay)
Info    : [ 40%] Meshing surface 2491 (Plane, Frontal-Delaunay)
Info    : [ 40%] Meshing surface 2492 (Plane, Frontal-Delaunay)
Info    : [ 40%] Meshing surface 2493 (Plane, Frontal-Delaunay)
Info    : [ 40%] Meshing surface 2494 (Plane, Frontal-Delaunay)
Info    : [ 40%] Meshing surface 2495 (Plane, Frontal-Delaunay)
Info    : [ 40%] Meshing surface 2496 (Plane, Frontal-Delaunay)
Info    : [ 40%] Meshing surface 2497 (Plane, Frontal-Delaunay)
Info    : [ 40%] Meshing surface 2498 (Plane, Frontal-Delaunay)
Info    : [ 40%] Meshing surface 2499 (Plane, Frontal-Delaunay)
Info    : [ 40%] Meshing surface 2500 (Plane, Frontal-Delaunay)
Info    : [ 40%] Meshing surface 2501 (Plane, Frontal-Delaunay)
Info    : [ 40%] Meshing surface 2502 (Plane, Frontal-Delaunay)
Info    : [ 40%] Meshing surface 2503 (Plane, Frontal-Delaunay)
Info    : [ 40%] Meshing surface 2504 (Plane, Frontal-Delaunay)
Info    : [ 40%] Meshing surface 2505 (Plane, Frontal-Delaunay)
Info    : [ 40%] Meshing surface 2506 (Plane, Frontal-Delaunay)
Info    : [ 40%] Meshing surface 2507 (Plane, Frontal-Delaunay)
Info    : [ 40%] Meshing surface 2508 (Plane, Frontal-Delaunay)
Info    : [ 40%] Meshing surface 2509 (Plane, Frontal-Delaunay)
Info    : [ 40%] Meshing surface 2510 (Plane, Frontal-Delaunay)
Info    : [ 40%] Meshing surface 2511 (Plane, Frontal-Delaunay)
Info    : [ 40%] Meshing surface 2512 (Plane, Frontal-Delaunay)
Info    : [ 40%] Meshing surface 2513 (Plane, Frontal-Delaunay)
Info    : [ 40%] Meshing surface 2514 (Plane, Frontal-Delaunay)
Info    : [ 40%] Meshing surface 2515 (Plane, Frontal-Delaunay)
Info    : [ 40%] Meshing surface 2516 (Plane, Frontal-Delaunay)
Info    : [ 40%] Meshing surface 2517 (Plane, Frontal-Delaunay)
Info    : [ 40%] Meshing surface 2518 (Plane, Frontal-Delaunay)
Info    : [ 40%] Meshing surface 2519 (Plane, Frontal-Delaunay)
Info    : [ 40%] Meshing surface 2520 (Plane, Frontal-Delaunay)
Info    : [ 40%] Meshing surface 2521 (Plane, Frontal-Delaunay)
Info    : [ 40%] Meshing surface 2522 (Plane, Frontal-Delaunay)
Info    : [ 40%] Meshing surface 2523 (Plane, Frontal-Delaunay)
Info    : [ 40%] Meshing surface 2524 (Plane, Frontal-Delaunay)
Info    : [ 40%] Meshing surface 2525 (Plane, Frontal-Delaunay)
Info    : [ 40%] Meshing surface 2526 (Plane, Frontal-Delaunay)
Info    : [ 40%] Meshing surface 2527 (Plane, Frontal-Delaunay)
Info    : [ 40%] Meshing surface 2528 (Plane, Frontal-Delaunay)
Info    : [ 40%] Meshing surface 2529 (Plane, Frontal-Delaunay)
Info    : [ 40%] Meshing surface 2530 (Plane, Frontal-Delaunay)
Info    : [ 40%] Meshing surface 2531 (Plane, Frontal-Delaunay)
Info    : [ 40%] Meshing surface 2532 (Plane, Frontal-Delaunay)
Info    : [ 40%] Meshing surface 2533 (Plane, Frontal-Delaunay)
Info    : [ 40%] Meshing surface 2534 (Plane, Frontal-Delaunay)
Info    : [ 40%] Meshing surface 2535 (Plane, Frontal-Delaunay)
Info    : [ 40%] Meshing surface 2536 (Plane, Frontal-Delaunay)
Info    : [ 40%] Meshing surface 2537 (Plane, Frontal-Delaunay)
Info    : [ 40%] Meshing surface 2538 (Plane, Frontal-Delaunay)
Info    : [ 40%] Meshing surface 2539 (Plane, Frontal-Delaunay)
Info    : [ 40%] Meshing surface 2540 (Plane, Frontal-Delaunay)
Info    : [ 40%] Meshing surface 2541 (Plane, Frontal-Delaunay)
Info    : [ 40%] Meshing surface 2542 (Plane, Frontal-Delaunay)
Info    : [ 40%] Meshing surface 2543 (Plane, Frontal-Delaunay)
Info    : [ 40%] Meshing surface 2544 (Plane, Frontal-Delaunay)
Info    : [ 40%] Meshing surface 2545 (Plane, Frontal-Delaunay)
Info    : [ 40%] Meshing surface 2546 (Plane, Frontal-Delaunay)
Info    : [ 40%] Meshing surface 2547 (Plane, Frontal-Delaunay)
Info    : [ 40%] Meshing surface 2548 (Plane, Frontal-Delaunay)
Info    : [ 40%] Meshing surface 2549 (Plane, Frontal-Delaunay)
Info    : [ 40%] Meshing surface 2550 (Plane, Frontal-Delaunay)
Info    : [ 40%] Meshing surface 2551 (Plane, Frontal-Delaunay)
Info    : [ 40%] Meshing surface 2552 (Plane, Frontal-Delaunay)
Info    : [ 40%] Meshing surface 2553 (Plane, Frontal-Delaunay)
Info    : [ 40%] Meshing surface 2554 (Plane, Frontal-Delaunay)
Info    : [ 40%] Meshing surface 2555 (Plane, Frontal-Delaunay)
Info    : [ 40%] Meshing surface 2556 (Plane, Frontal-Delaunay)
Info    : [ 40%] Meshing surface 2557 (Plane, Frontal-Delaunay)
Info    : [ 40%] Meshing surface 2558 (Plane, Frontal-Delaunay)
Info    : [ 40%] Meshing surface 2559 (Plane, Frontal-Delaunay)
Info    : [ 40%] Meshing surface 2560 (Plane, Frontal-Delaunay)
Info    : [ 40%] Meshing surface 2561 (Plane, Frontal-Delaunay)
Info    : [ 40%] Meshing surface 2562 (Plane, Frontal-Delaunay)
Info    : [ 40%] Meshing surface 2563 (Plane, Frontal-Delaunay)
Info    : [ 40%] Meshing surface 2564 (Plane, Frontal-Delaunay)
Info    : [ 40%] Meshing surface 2565 (Plane, Frontal-Delaunay)
Info    : [ 40%] Meshing surface 2566 (Plane, Frontal-Delaunay)
Info    : [ 40%] Meshing surface 2567 (Plane, Frontal-Delaunay)
Info    : [ 40%] Meshing surface 2568 (Plane, Frontal-Delaunay)
Info    : [ 40%] Meshing surface 2569 (Plane, Frontal-Delaunay)
Info    : [ 40%] Meshing surface 2570 (Plane, Frontal-Delaunay)
Info    : [ 40%] Meshing surface 2571 (Plane, Frontal-Delaunay)
Info    : [ 40%] Meshing surface 2572 (Plane, Frontal-Delaunay)
Info    : [ 40%] Meshing surface 2573 (Plane, Frontal-Delaunay)
Info    : [ 40%] Meshing surface 2574 (Plane, Frontal-Delaunay)
Info    : [ 40%] Meshing surface 2575 (Plane, Frontal-Delaunay)
Info    : [ 40%] Meshing surface 2576 (Plane, Frontal-Delaunay)
Info    : [ 40%] Meshing surface 2577 (Plane, Frontal-Delaunay)
Info    : [ 40%] Meshing surface 2578 (Plane, Frontal-Delaunay)
Info    : [ 40%] Meshing surface 2579 (Plane, Frontal-Delaunay)
Info    : [ 40%] Meshing surface 2580 (Plane, Frontal-Delaunay)
Info    : [ 40%] Meshing surface 2581 (Plane, Frontal-Delaunay)
Info    : [ 40%] Meshing surface 2582 (Plane, Frontal-Delaunay)
Info    : [ 40%] Meshing surface 2583 (Plane, Frontal-Delaunay)
Info    : [ 40%] Meshing surface 2584 (Plane, Frontal-Delaunay)
Info    : [ 40%] Meshing surface 2585 (Plane, Frontal-Delaunay)
Info    : [ 40%] Meshing surface 2586 (Plane, Frontal-Delaunay)
Info    : [ 40%] Meshing surface 2587 (Plane, Frontal-Delaunay)
Info    : [ 40%] Meshing surface 2588 (Plane, Frontal-Delaunay)
Info    : [ 40%] Meshing surface 2589 (Plane, Frontal-Delaunay)
Info    : [ 40%] Meshing surface 2590 (Plane, Frontal-Delaunay)
Info    : [ 40%] Meshing surface 2591 (Plane, Frontal-Delaunay)
Info    : [ 40%] Meshing surface 2592 (Plane, Frontal-Delaunay)
Info    : [ 40%] Meshing surface 2593 (Plane, Frontal-Delaunay)
Info    : [ 40%] Meshing surface 2594 (Plane, Frontal-Delaunay)
Info    : [ 40%] Meshing surface 2595 (Plane, Frontal-Delaunay)
Info    : [ 40%] Meshing surface 2596 (Plane, Frontal-Delaunay)
Info    : [ 40%] Meshing surface 2597 (Plane, Frontal-Delaunay)
Info    : [ 40%] Meshing surface 2598 (Plane, Frontal-Delaunay)
Info    : [ 40%] Meshing surface 2599 (Plane, Frontal-Delaunay)
Info    : [ 40%] Meshing surface 2600 (Plane, Frontal-Delaunay)
Info    : [ 40%] Meshing surface 2601 (Plane, Frontal-Delaunay)
Info    : [ 40%] Meshing surface 2602 (Plane, Frontal-Delaunay)
Info    : [ 40%] Meshing surface 2603 (Plane, Frontal-Delaunay)
Info    : [ 40%] Meshing surface 2604 (Plane, Frontal-Delaunay)
Info    : [ 40%] Meshing surface 2605 (Plane, Frontal-Delaunay)
Info    : [ 40%] Meshing surface 2606 (Plane, Frontal-Delaunay)
Info    : [ 40%] Meshing surface 2607 (Plane, Frontal-Delaunay)
Info    : [ 40%] Meshing surface 2608 (Plane, Frontal-Delaunay)
Info    : [ 40%] Meshing surface 2609 (Plane, Frontal-Delaunay)
Info    : [ 40%] Meshing surface 2610 (Plane, Frontal-Delaunay)
Info    : [ 40%] Meshing surface 2611 (Plane, Frontal-Delaunay)
Info    : [ 40%] Meshing surface 2612 (Plane, Frontal-Delaunay)
Info    : [ 40%] Meshing surface 2613 (Plane, Frontal-Delaunay)
Info    : [ 40%] Meshing surface 2614 (Plane, Frontal-Delaunay)
Info    : [ 40%] Meshing surface 2615 (Plane, Frontal-Delaunay)
Info    : [ 40%] Meshing surface 2616 (Plane, Frontal-Delaunay)
Info    : [ 40%] Meshing surface 2617 (Plane, Frontal-Delaunay)
Info    : [ 40%] Meshing surface 2618 (Plane, Frontal-Delaunay)
Info    : [ 40%] Meshing surface 2619 (Plane, Frontal-Delaunay)
Info    : [ 40%] Meshing surface 2620 (Plane, Frontal-Delaunay)
Info    : [ 50%] Meshing surface 2621 (Plane, Frontal-Delaunay)
Info    : [ 50%] Meshing surface 2622 (Plane, Frontal-Delaunay)
Info    : [ 50%] Meshing surface 2623 (Plane, Frontal-Delaunay)
Info    : [ 50%] Meshing surface 2624 (Plane, Frontal-Delaunay)
Info    : [ 50%] Meshing surface 2625 (Plane, Frontal-Delaunay)
Info    : [ 50%] Meshing surface 2626 (Plane, Frontal-Delaunay)
Info    : [ 50%] Meshing surface 2627 (Plane, Frontal-Delaunay)
Info    : [ 50%] Meshing surface 2628 (Plane, Frontal-Delaunay)
Info    : [ 50%] Meshing surface 2629 (Plane, Frontal-Delaunay)
Info    : [ 50%] Meshing surface 2630 (Plane, Frontal-Delaunay)
Info    : [ 50%] Meshing surface 2631 (Plane, Frontal-Delaunay)
Info    : [ 50%] Meshing surface 2632 (Plane, Frontal-Delaunay)
Info    : [ 50%] Meshing surface 2633 (Plane, Frontal-Delaunay)
Info    : [ 50%] Meshing surface 2634 (Plane, Frontal-Delaunay)
Info    : [ 50%] Meshing surface 2635 (Plane, Frontal-Delaunay)
Info    : [ 50%] Meshing surface 2636 (Plane, Frontal-Delaunay)
Info    : [ 50%] Meshing surface 2637 (Plane, Frontal-Delaunay)
Info    : [ 50%] Meshing surface 2638 (Plane, Frontal-Delaunay)
Info    : [ 50%] Meshing surface 2639 (Plane, Frontal-Delaunay)
Info    : [ 50%] Meshing surface 2640 (Plane, Frontal-Delaunay)
Info    : [ 50%] Meshing surface 2641 (Plane, Frontal-Delaunay)
Info    : [ 50%] Meshing surface 2642 (Plane, Frontal-Delaunay)
Info    : [ 50%] Meshing surface 2643 (Plane, Frontal-Delaunay)
Info    : [ 50%] Meshing surface 2644 (Plane, Frontal-Delaunay)
Info    : [ 50%] Meshing surface 2645 (Plane, Frontal-Delaunay)
Info    : [ 50%] Meshing surface 2646 (Plane, Frontal-Delaunay)
Info    : [ 50%] Meshing surface 2647 (Plane, Frontal-Delaunay)
Info    : [ 50%] Meshing surface 2648 (Plane, Frontal-Delaunay)
Info    : [ 50%] Meshing surface 2649 (Plane, Frontal-Delaunay)
Info    : [ 50%] Meshing surface 2650 (Plane, Frontal-Delaunay)
Info    : [ 50%] Meshing surface 2651 (Plane, Frontal-Delaunay)
Info    : [ 50%] Meshing surface 2652 (Plane, Frontal-Delaunay)
Info    : [ 50%] Meshing surface 2653 (Plane, Frontal-Delaunay)
Info    : [ 50%] Meshing surface 2654 (Plane, Frontal-Delaunay)
Info    : [ 50%] Meshing surface 2655 (Plane, Frontal-Delaunay)
Info    : [ 50%] Meshing surface 2656 (Plane, Frontal-Delaunay)
Info    : [ 50%] Meshing surface 2657 (Plane, Frontal-Delaunay)
Info    : [ 50%] Meshing surface 2658 (Plane, Frontal-Delaunay)
Info    : [ 50%] Meshing surface 2659 (Plane, Frontal-Delaunay)
Info    : [ 50%] Meshing surface 2660 (Plane, Frontal-Delaunay)
Info    : [ 50%] Meshing surface 2661 (Plane, Frontal-Delaunay)
Info    : [ 50%] Meshing surface 2662 (Plane, Frontal-Delaunay)
Info    : [ 50%] Meshing surface 2663 (Plane, Frontal-Delaunay)
Info    : [ 50%] Meshing surface 2664 (Plane, Frontal-Delaunay)
Info    : [ 50%] Meshing surface 2665 (Plane, Frontal-Delaunay)
Info    : [ 50%] Meshing surface 2666 (Plane, Frontal-Delaunay)
Info    : [ 50%] Meshing surface 2667 (Plane, Frontal-Delaunay)
Info    : [ 50%] Meshing surface 2668 (Plane, Frontal-Delaunay)
Info    : [ 50%] Meshing surface 2669 (Plane, Frontal-Delaunay)
Info    : [ 50%] Meshing surface 2670 (Plane, Frontal-Delaunay)
Info    : [ 50%] Meshing surface 2671 (Plane, Frontal-Delaunay)
Info    : [ 50%] Meshing surface 2672 (Plane, Frontal-Delaunay)
Info    : [ 50%] Meshing surface 2673 (Plane, Frontal-Delaunay)
Info    : [ 50%] Meshing surface 2674 (Plane, Frontal-Delaunay)
Info    : [ 50%] Meshing surface 2675 (Plane, Frontal-Delaunay)
Info    : [ 50%] Meshing surface 2676 (Plane, Frontal-Delaunay)
Info    : [ 50%] Meshing surface 2677 (Plane, Frontal-Delaunay)
Info    : [ 50%] Meshing surface 2678 (Plane, Frontal-Delaunay)
Info    : [ 50%] Meshing surface 2679 (Plane, Frontal-Delaunay)
Info    : [ 50%] Meshing surface 2680 (Plane, Frontal-Delaunay)
Info    : [ 50%] Meshing surface 2681 (Plane, Frontal-Delaunay)
Info    : [ 50%] Meshing surface 2682 (Plane, Frontal-Delaunay)
Info    : [ 50%] Meshing surface 2683 (Plane, Frontal-Delaunay)
Info    : [ 50%] Meshing surface 2684 (Plane, Frontal-Delaunay)
Info    : [ 50%] Meshing surface 2685 (Plane, Frontal-Delaunay)
Info    : [ 50%] Meshing surface 2686 (Plane, Frontal-Delaunay)
Info    : [ 50%] Meshing surface 2687 (Plane, Frontal-Delaunay)
Info    : [ 50%] Meshing surface 2688 (Plane, Frontal-Delaunay)
Info    : [ 50%] Meshing surface 2689 (Plane, Frontal-Delaunay)
Info    : [ 50%] Meshing surface 2690 (Plane, Frontal-Delaunay)
Info    : [ 50%] Meshing surface 2691 (Plane, Frontal-Delaunay)
Info    : [ 50%] Meshing surface 2692 (Plane, Frontal-Delaunay)
Info    : [ 50%] Meshing surface 2693 (Plane, Frontal-Delaunay)
Info    : [ 50%] Meshing surface 2694 (Plane, Frontal-Delaunay)
Info    : [ 50%] Meshing surface 2695 (Plane, Frontal-Delaunay)
Info    : [ 50%] Meshing surface 2696 (Plane, Frontal-Delaunay)
Info    : [ 50%] Meshing surface 2697 (Plane, Frontal-Delaunay)
Info    : [ 50%] Meshing surface 2698 (Plane, Frontal-Delaunay)
Info    : [ 50%] Meshing surface 2699 (Plane, Frontal-Delaunay)
Info    : [ 50%] Meshing surface 2700 (Plane, Frontal-Delaunay)
Info    : [ 50%] Meshing surface 2701 (Plane, Frontal-Delaunay)
Info    : [ 50%] Meshing surface 2702 (Plane, Frontal-Delaunay)
Info    : [ 50%] Meshing surface 2703 (Plane, Frontal-Delaunay)
Info    : [ 50%] Meshing surface 2704 (Plane, Frontal-Delaunay)
Info    : [ 50%] Meshing surface 2705 (Plane, Frontal-Delaunay)
Info    : [ 50%] Meshing surface 2706 (Plane, Frontal-Delaunay)
Info    : [ 50%] Meshing surface 2707 (Plane, Frontal-Delaunay)
Info    : [ 50%] Meshing surface 2708 (Plane, Frontal-Delaunay)
Info    : [ 50%] Meshing surface 2709 (Plane, Frontal-Delaunay)
Info    : [ 50%] Meshing surface 2710 (Plane, Frontal-Delaunay)
Info    : [ 50%] Meshing surface 2711 (Plane, Frontal-Delaunay)
Info    : [ 50%] Meshing surface 2712 (Plane, Frontal-Delaunay)
Info    : [ 50%] Meshing surface 2713 (Plane, Frontal-Delaunay)
Info    : [ 50%] Meshing surface 2714 (Plane, Frontal-Delaunay)
Info    : [ 50%] Meshing surface 2715 (Plane, Frontal-Delaunay)
Info    : [ 50%] Meshing surface 2716 (Plane, Frontal-Delaunay)
Info    : [ 50%] Meshing surface 2717 (Plane, Frontal-Delaunay)
Info    : [ 50%] Meshing surface 2718 (Plane, Frontal-Delaunay)
Info    : [ 50%] Meshing surface 2719 (Plane, Frontal-Delaunay)
Info    : [ 50%] Meshing surface 2720 (Plane, Frontal-Delaunay)
Info    : [ 50%] Meshing surface 2721 (Plane, Frontal-Delaunay)
Info    : [ 50%] Meshing surface 2722 (Plane, Frontal-Delaunay)
Info    : [ 50%] Meshing surface 2723 (Plane, Frontal-Delaunay)
Info    : [ 50%] Meshing surface 2724 (Plane, Frontal-Delaunay)
Info    : [ 50%] Meshing surface 2725 (Plane, Frontal-Delaunay)
Info    : [ 50%] Meshing surface 2726 (Plane, Frontal-Delaunay)
Info    : [ 50%] Meshing surface 2727 (Plane, Frontal-Delaunay)
Info    : [ 50%] Meshing surface 2728 (Plane, Frontal-Delaunay)
Info    : [ 50%] Meshing surface 2729 (Plane, Frontal-Delaunay)
Info    : [ 50%] Meshing surface 2730 (Plane, Frontal-Delaunay)
Info    : [ 50%] Meshing surface 2731 (Plane, Frontal-Delaunay)
Info    : [ 50%] Meshing surface 2732 (Plane, Frontal-Delaunay)
Info    : [ 50%] Meshing surface 2733 (Plane, Frontal-Delaunay)
Info    : [ 50%] Meshing surface 2734 (Plane, Frontal-Delaunay)
Info    : [ 50%] Meshing surface 2735 (Plane, Frontal-Delaunay)
Info    : [ 50%] Meshing surface 2736 (Plane, Frontal-Delaunay)
Info    : [ 50%] Meshing surface 2737 (Plane, Frontal-Delaunay)
Info    : [ 50%] Meshing surface 2738 (Plane, Frontal-Delaunay)
Info    : [ 50%] Meshing surface 2739 (Plane, Frontal-Delaunay)
Info    : [ 50%] Meshing surface 2740 (Plane, Frontal-Delaunay)
Info    : [ 50%] Meshing surface 2741 (Plane, Frontal-Delaunay)
Info    : [ 50%] Meshing surface 2742 (Plane, Frontal-Delaunay)
Info    : [ 50%] Meshing surface 2743 (Plane, Frontal-Delaunay)
Info    : [ 50%] Meshing surface 2744 (Plane, Frontal-Delaunay)
Info    : [ 50%] Meshing surface 2745 (Plane, Frontal-Delaunay)
Info    : [ 50%] Meshing surface 2746 (Plane, Frontal-Delaunay)
Info    : [ 50%] Meshing surface 2747 (Plane, Frontal-Delaunay)
Info    : [ 50%] Meshing surface 2748 (Plane, Frontal-Delaunay)
Info    : [ 50%] Meshing surface 2749 (Plane, Frontal-Delaunay)
Info    : [ 50%] Meshing surface 2750 (Plane, Frontal-Delaunay)
Info    : [ 50%] Meshing surface 2751 (Plane, Frontal-Delaunay)
Info    : [ 50%] Meshing surface 2752 (Plane, Frontal-Delaunay)
Info    : [ 50%] Meshing surface 2754 (Plane, Frontal-Delaunay)
Info    : [ 50%] Meshing surface 2753 (Plane, Frontal-Delaunay)
Info    : [ 50%] Meshing surface 2755 (Plane, Frontal-Delaunay)
Info    : [ 60%] Meshing surface 2756 (Plane, Frontal-Delaunay)
Info    : [ 60%] Meshing surface 2757 (Plane, Frontal-Delaunay)
Info    : [ 60%] Meshing surface 2758 (Plane, Frontal-Delaunay)
Info    : [ 60%] Meshing surface 2759 (Plane, Frontal-Delaunay)
Info    : [ 60%] Meshing surface 2760 (Plane, Frontal-Delaunay)
Info    : [ 60%] Meshing surface 2761 (Plane, Frontal-Delaunay)
Info    : [ 60%] Meshing surface 2762 (Plane, Frontal-Delaunay)
Info    : [ 60%] Meshing surface 2763 (Plane, Frontal-Delaunay)
Info    : [ 60%] Meshing surface 2764 (Plane, Frontal-Delaunay)
Info    : [ 60%] Meshing surface 2765 (Plane, Frontal-Delaunay)
Info    : [ 60%] Meshing surface 2766 (Plane, Frontal-Delaunay)
Info    : [ 60%] Meshing surface 2767 (Plane, Frontal-Delaunay)
Info    : [ 60%] Meshing surface 2768 (Plane, Frontal-Delaunay)
Info    : [ 60%] Meshing surface 2769 (Plane, Frontal-Delaunay)
Info    : [ 60%] Meshing surface 2770 (Plane, Frontal-Delaunay)
Info    : [ 60%] Meshing surface 2771 (Plane, Frontal-Delaunay)
Info    : [ 60%] Meshing surface 2772 (Plane, Frontal-Delaunay)
Info    : [ 60%] Meshing surface 2773 (Plane, Frontal-Delaunay)
Info    : [ 60%] Meshing surface 2774 (Plane, Frontal-Delaunay)
Info    : [ 60%] Meshing surface 2775 (Plane, Frontal-Delaunay)
Info    : [ 60%] Meshing surface 2776 (Plane, Frontal-Delaunay)
Info    : [ 60%] Meshing surface 2777 (Plane, Frontal-Delaunay)
Info    : [ 60%] Meshing surface 2778 (Plane, Frontal-Delaunay)
Info    : [ 60%] Meshing surface 2779 (Plane, Frontal-Delaunay)
Info    : [ 60%] Meshing surface 2780 (Plane, Frontal-Delaunay)
Info    : [ 60%] Meshing surface 2781 (Plane, Frontal-Delaunay)
Info    : [ 60%] Meshing surface 2782 (Plane, Frontal-Delaunay)
Info    : [ 60%] Meshing surface 2783 (Plane, Frontal-Delaunay)
Info    : [ 60%] Meshing surface 2784 (Plane, Frontal-Delaunay)
Info    : [ 60%] Meshing surface 2785 (Plane, Frontal-Delaunay)
Info    : [ 60%] Meshing surface 2786 (Plane, Frontal-Delaunay)
Info    : [ 60%] Meshing surface 2787 (Plane, Frontal-Delaunay)
Info    : [ 60%] Meshing surface 2788 (Plane, Frontal-Delaunay)
Info    : [ 60%] Meshing surface 2789 (Plane, Frontal-Delaunay)
Info    : [ 60%] Meshing surface 2790 (Plane, Frontal-Delaunay)
Info    : [ 60%] Meshing surface 2791 (Plane, Frontal-Delaunay)
Info    : [ 60%] Meshing surface 2792 (Plane, Frontal-Delaunay)
Info    : [ 60%] Meshing surface 2793 (Plane, Frontal-Delaunay)
Info    : [ 60%] Meshing surface 2794 (Plane, Frontal-Delaunay)
Info    : [ 60%] Meshing surface 2795 (Plane, Frontal-Delaunay)
Info    : [ 60%] Meshing surface 2796 (Plane, Frontal-Delaunay)
Info    : [ 60%] Meshing surface 2797 (Plane, Frontal-Delaunay)
Info    : [ 60%] Meshing surface 2798 (Plane, Frontal-Delaunay)
Info    : [ 60%] Meshing surface 2799 (Plane, Frontal-Delaunay)
Info    : [ 60%] Meshing surface 2800 (Plane, Frontal-Delaunay)
Info    : [ 60%] Meshing surface 2801 (Plane, Frontal-Delaunay)
Info    : [ 60%] Meshing surface 2802 (Plane, Frontal-Delaunay)
Info    : [ 60%] Meshing surface 2803 (Plane, Frontal-Delaunay)
Info    : [ 60%] Meshing surface 2804 (Plane, Frontal-Delaunay)
Info    : [ 60%] Meshing surface 2805 (Plane, Frontal-Delaunay)
Info    : [ 60%] Meshing surface 2806 (Plane, Frontal-Delaunay)
Info    : [ 60%] Meshing surface 2807 (Plane, Frontal-Delaunay)
Info    : [ 60%] Meshing surface 2808 (Plane, Frontal-Delaunay)
Info    : [ 60%] Meshing surface 2809 (Plane, Frontal-Delaunay)
Info    : [ 60%] Meshing surface 2810 (Plane, Frontal-Delaunay)
Info    : [ 60%] Meshing surface 2811 (Plane, Frontal-Delaunay)
Info    : [ 60%] Meshing surface 2812 (Plane, Frontal-Delaunay)
Info    : [ 60%] Meshing surface 2813 (Plane, Frontal-Delaunay)
Info    : [ 60%] Meshing surface 2814 (Plane, Frontal-Delaunay)
Info    : [ 60%] Meshing surface 2815 (Plane, Frontal-Delaunay)
Info    : [ 60%] Meshing surface 2816 (Plane, Frontal-Delaunay)
Info    : [ 60%] Meshing surface 2817 (Plane, Frontal-Delaunay)
Info    : [ 60%] Meshing surface 2818 (Plane, Frontal-Delaunay)
Info    : [ 60%] Meshing surface 2819 (Plane, Frontal-Delaunay)
Info    : [ 60%] Meshing surface 2820 (Plane, Frontal-Delaunay)
Info    : [ 60%] Meshing surface 2821 (Plane, Frontal-Delaunay)
Info    : [ 60%] Meshing surface 2822 (Plane, Frontal-Delaunay)
Info    : [ 60%] Meshing surface 2823 (Plane, Frontal-Delaunay)
Info    : [ 60%] Meshing surface 2824 (Plane, Frontal-Delaunay)
Info    : [ 60%] Meshing surface 2825 (Plane, Frontal-Delaunay)
Info    : [ 60%] Meshing surface 2826 (Plane, Frontal-Delaunay)
Info    : [ 60%] Meshing surface 2827 (Plane, Frontal-Delaunay)
Info    : [ 60%] Meshing surface 2828 (Plane, Frontal-Delaunay)
Info    : [ 60%] Meshing surface 2829 (Plane, Frontal-Delaunay)
Info    : [ 60%] Meshing surface 2830 (Plane, Frontal-Delaunay)
Info    : [ 60%] Meshing surface 2831 (Plane, Frontal-Delaunay)
Info    : [ 60%] Meshing surface 2832 (Plane, Frontal-Delaunay)
Info    : [ 60%] Meshing surface 2833 (Plane, Frontal-Delaunay)
Info    : [ 60%] Meshing surface 2834 (Plane, Frontal-Delaunay)
Info    : [ 60%] Meshing surface 2835 (Plane, Frontal-Delaunay)
Info    : [ 60%] Meshing surface 2836 (Plane, Frontal-Delaunay)
Info    : [ 60%] Meshing surface 2837 (Plane, Frontal-Delaunay)
Info    : [ 60%] Meshing surface 2838 (Plane, Frontal-Delaunay)
Info    : [ 60%] Meshing surface 2839 (Plane, Frontal-Delaunay)
Info    : [ 60%] Meshing surface 2840 (Plane, Frontal-Delaunay)
Info    : [ 60%] Meshing surface 2841 (Plane, Frontal-Delaunay)
Info    : [ 60%] Meshing surface 2842 (Plane, Frontal-Delaunay)
Info    : [ 60%] Meshing surface 2843 (Plane, Frontal-Delaunay)
Info    : [ 60%] Meshing surface 2844 (Plane, Frontal-Delaunay)
Info    : [ 60%] Meshing surface 2845 (Plane, Frontal-Delaunay)
Info    : [ 60%] Meshing surface 2846 (Plane, Frontal-Delaunay)
Info    : [ 60%] Meshing surface 2847 (Plane, Frontal-Delaunay)
Info    : [ 60%] Meshing surface 2848 (Plane, Frontal-Delaunay)
Info    : [ 60%] Meshing surface 2849 (Plane, Frontal-Delaunay)
Info    : [ 60%] Meshing surface 2850 (Plane, Frontal-Delaunay)
Info    : [ 60%] Meshing surface 2851 (Plane, Frontal-Delaunay)
Info    : [ 60%] Meshing surface 2852 (Plane, Frontal-Delaunay)
Info    : [ 60%] Meshing surface 2853 (Plane, Frontal-Delaunay)
Info    : [ 60%] Meshing surface 2854 (Plane, Frontal-Delaunay)
Info    : [ 60%] Meshing surface 2855 (Plane, Frontal-Delaunay)
Info    : [ 60%] Meshing surface 2856 (Plane, Frontal-Delaunay)
Info    : [ 60%] Meshing surface 2857 (Plane, Frontal-Delaunay)
Info    : [ 60%] Meshing surface 2858 (Plane, Frontal-Delaunay)
Info    : [ 60%] Meshing surface 2859 (Plane, Frontal-Delaunay)
Info    : [ 60%] Meshing surface 2860 (Plane, Frontal-Delaunay)
Info    : [ 60%] Meshing surface 2861 (Plane, Frontal-Delaunay)
Info    : [ 60%] Meshing surface 2862 (Plane, Frontal-Delaunay)
Info    : [ 60%] Meshing surface 2863 (Plane, Frontal-Delaunay)
Info    : [ 60%] Meshing surface 2864 (Plane, Frontal-Delaunay)
Info    : [ 60%] Meshing surface 2865 (Plane, Frontal-Delaunay)
Info    : [ 60%] Meshing surface 2866 (Plane, Frontal-Delaunay)
Info    : [ 60%] Meshing surface 2867 (Plane, Frontal-Delaunay)
Info    : [ 60%] Meshing surface 2868 (Plane, Frontal-Delaunay)
Info    : [ 60%] Meshing surface 2869 (Plane, Frontal-Delaunay)
Info    : [ 60%] Meshing surface 2870 (Plane, Frontal-Delaunay)
Info    : [ 60%] Meshing surface 2871 (Plane, Frontal-Delaunay)
Info    : [ 60%] Meshing surface 2872 (Plane, Frontal-Delaunay)
Info    : [ 60%] Meshing surface 2873 (Plane, Frontal-Delaunay)
Info    : [ 60%] Meshing surface 2874 (Plane, Frontal-Delaunay)
Info    : [ 60%] Meshing surface 2875 (Plane, Frontal-Delaunay)
Info    : [ 60%] Meshing surface 2876 (Plane, Frontal-Delaunay)
Info    : [ 60%] Meshing surface 2877 (Plane, Frontal-Delaunay)
Info    : [ 60%] Meshing surface 2878 (Plane, Frontal-Delaunay)
Info    : [ 60%] Meshing surface 2879 (Plane, Frontal-Delaunay)
Info    : [ 60%] Meshing surface 2880 (Plane, Frontal-Delaunay)
Info    : [ 60%] Meshing surface 2881 (Plane, Frontal-Delaunay)
Info    : [ 60%] Meshing surface 2882 (Plane, Frontal-Delaunay)
Info    : [ 60%] Meshing surface 2883 (Plane, Frontal-Delaunay)
Info    : [ 60%] Meshing surface 2884 (Plane, Frontal-Delaunay)
Info    : [ 60%] Meshing surface 2885 (Plane, Frontal-Delaunay)
Info    : [ 60%] Meshing surface 2886 (Plane, Frontal-Delaunay)
Info    : [ 60%] Meshing surface 2887 (Plane, Frontal-Delaunay)
Info    : [ 60%] Meshing surface 2888 (Plane, Frontal-Delaunay)
Info    : [ 60%] Meshing surface 2889 (Plane, Frontal-Delaunay)
Info    : [ 60%] Meshing surface 2890 (Plane, Frontal-Delaunay)
Info    : [ 60%] Meshing surface 2891 (Plane, Frontal-Delaunay)
Info    : [ 60%] Meshing surface 2892 (Plane, Frontal-Delaunay)
Info    : [ 60%] Meshing surface 2893 (Plane, Frontal-Delaunay)
Info    : [ 60%] Meshing surface 2894 (Plane, Frontal-Delaunay)
Info    : [ 60%] Meshing surface 2895 (Plane, Frontal-Delaunay)
Info    : [ 60%] Meshing surface 2896 (Plane, Frontal-Delaunay)
Info    : [ 60%] Meshing surface 2897 (Plane, Frontal-Delaunay)
Info    : [ 60%] Meshing surface 2898 (Plane, Frontal-Delaunay)
Info    : [ 60%] Meshing surface 2899 (Plane, Frontal-Delaunay)
Info    : [ 60%] Meshing surface 2900 (Plane, Frontal-Delaunay)
Info    : [ 60%] Meshing surface 2901 (Plane, Frontal-Delaunay)
Info    : [ 60%] Meshing surface 2902 (Plane, Frontal-Delaunay)
Info    : [ 60%] Meshing surface 2903 (Plane, Frontal-Delaunay)
Info    : [ 60%] Meshing surface 2904 (Plane, Frontal-Delaunay)
Info    : [ 60%] Meshing surface 2905 (Plane, Frontal-Delaunay)
Info    : [ 60%] Meshing surface 2906 (Plane, Frontal-Delaunay)
Info    : [ 60%] Meshing surface 2907 (Plane, Frontal-Delaunay)
Info    : [ 60%] Meshing surface 2908 (Plane, Frontal-Delaunay)
Info    : [ 60%] Meshing surface 2909 (Plane, Frontal-Delaunay)
Info    : [ 60%] Meshing surface 2910 (Plane, Frontal-Delaunay)
Info    : [ 60%] Meshing surface 2911 (Plane, Frontal-Delaunay)
Info    : [ 60%] Meshing surface 2912 (Plane, Frontal-Delaunay)
Info    : [ 60%] Meshing surface 2913 (Plane, Frontal-Delaunay)
Info    : [ 60%] Meshing surface 2914 (Plane, Frontal-Delaunay)
Info    : [ 60%] Meshing surface 2915 (Plane, Frontal-Delaunay)
Info    : [ 60%] Meshing surface 2916 (Plane, Frontal-Delaunay)
Info    : [ 60%] Meshing surface 2917 (Plane, Frontal-Delaunay)
Info    : [ 60%] Meshing surface 2918 (Plane, Frontal-Delaunay)
Info    : [ 60%] Meshing surface 2919 (Plane, Frontal-Delaunay)
Info    : [ 60%] Meshing surface 2920 (Plane, Frontal-Delaunay)
Info    : [ 60%] Meshing surface 2921 (Plane, Frontal-Delaunay)
Info    : [ 60%] Meshing surface 2922 (Plane, Frontal-Delaunay)
Info    : [ 60%] Meshing surface 2923 (Plane, Frontal-Delaunay)
Info    : [ 60%] Meshing surface 2924 (Plane, Frontal-Delaunay)
Info    : [ 60%] Meshing surface 2925 (Plane, Frontal-Delaunay)
Info    : [ 60%] Meshing surface 2926 (Plane, Frontal-Delaunay)
Info    : [ 60%] Meshing surface 2927 (Plane, Frontal-Delaunay)
Info    : [ 60%] Meshing surface 2928 (Plane, Frontal-Delaunay)
Info    : [ 60%] Meshing surface 2929 (Plane, Frontal-Delaunay)
Info    : [ 60%] Meshing surface 2930 (Plane, Frontal-Delaunay)
Info    : [ 60%] Meshing surface 2931 (Plane, Frontal-Delaunay)
Info    : [ 60%] Meshing surface 2932 (Plane, Frontal-Delaunay)
Info    : [ 60%] Meshing surface 2933 (Plane, Frontal-Delaunay)
Info    : [ 60%] Meshing surface 2934 (Plane, Frontal-Delaunay)
Info    : [ 60%] Meshing surface 2935 (Plane, Frontal-Delaunay)
Info    : [ 60%] Meshing surface 2936 (Plane, Frontal-Delaunay)
Info    : [ 60%] Meshing surface 2937 (Plane, Frontal-Delaunay)
Info    : [ 60%] Meshing surface 2938 (Plane, Frontal-Delaunay)
Info    : [ 60%] Meshing surface 2939 (Plane, Frontal-Delaunay)
Info    : [ 60%] Meshing surface 2940 (Plane, Frontal-Delaunay)
Info    : [ 60%] Meshing surface 2941 (Plane, Frontal-Delaunay)
Info    : [ 60%] Meshing surface 2942 (Plane, Frontal-Delaunay)
Info    : [ 60%] Meshing surface 2943 (Plane, Frontal-Delaunay)
Info    : [ 60%] Meshing surface 2944 (Plane, Frontal-Delaunay)
Info    : [ 60%] Meshing surface 2945 (Plane, Frontal-Delaunay)
Info    : [ 60%] Meshing surface 2946 (Plane, Frontal-Delaunay)
Info    : [ 60%] Meshing surface 2947 (Plane, Frontal-Delaunay)
Info    : [ 60%] Meshing surface 2948 (Plane, Frontal-Delaunay)
Info    : [ 60%] Meshing surface 2949 (Plane, Frontal-Delaunay)
Info    : [ 60%] Meshing surface 2950 (Plane, Frontal-Delaunay)
Info    : [ 60%] Meshing surface 2951 (Plane, Frontal-Delaunay)
Info    : [ 60%] Meshing surface 2952 (Plane, Frontal-Delaunay)
Info    : [ 60%] Meshing surface 2953 (Plane, Frontal-Delaunay)
Info    : [ 60%] Meshing surface 2954 (Plane, Frontal-Delaunay)
Info    : [ 60%] Meshing surface 2955 (Plane, Frontal-Delaunay)
Info    : [ 60%] Meshing surface 2956 (Plane, Frontal-Delaunay)
Info    : [ 60%] Meshing surface 2957 (Plane, Frontal-Delaunay)
Info    : [ 60%] Meshing surface 2958 (Plane, Frontal-Delaunay)
Info    : [ 60%] Meshing surface 2959 (Plane, Frontal-Delaunay)
Info    : [ 60%] Meshing surface 2960 (Plane, Frontal-Delaunay)
Info    : [ 60%] Meshing surface 2961 (Plane, Frontal-Delaunay)
Info    : [ 60%] Meshing surface 2962 (Plane, Frontal-Delaunay)
Info    : [ 60%] Meshing surface 2963 (Plane, Frontal-Delaunay)
Info    : [ 60%] Meshing surface 2964 (Plane, Frontal-Delaunay)
Info    : [ 60%] Meshing surface 2965 (Plane, Frontal-Delaunay)
Info    : [ 60%] Meshing surface 2966 (Plane, Frontal-Delaunay)
Info    : [ 60%] Meshing surface 2967 (Plane, Frontal-Delaunay)
Info    : [ 60%] Meshing surface 2968 (Plane, Frontal-Delaunay)
Info    : [ 60%] Meshing surface 2969 (Plane, Frontal-Delaunay)
Info    : [ 60%] Meshing surface 2970 (Plane, Frontal-Delaunay)
Info    : [ 60%] Meshing surface 2971 (Plane, Frontal-Delaunay)
Info    : [ 60%] Meshing surface 2972 (Plane, Frontal-Delaunay)
Info    : [ 60%] Meshing surface 2973 (Plane, Frontal-Delaunay)
Info    : [ 60%] Meshing surface 2974 (Plane, Frontal-Delaunay)
Info    : [ 60%] Meshing surface 2975 (Plane, Frontal-Delaunay)
Info    : [ 60%] Meshing surface 2976 (Plane, Frontal-Delaunay)
Info    : [ 60%] Meshing surface 2977 (Plane, Frontal-Delaunay)
Info    : [ 60%] Meshing surface 2978 (Plane, Frontal-Delaunay)
Info    : [ 60%] Meshing surface 2979 (Plane, Frontal-Delaunay)
Info    : [ 60%] Meshing surface 2980 (Plane, Frontal-Delaunay)
Info    : [ 60%] Meshing surface 2981 (Plane, Frontal-Delaunay)
Info    : [ 60%] Meshing surface 2982 (Plane, Frontal-Delaunay)
Info    : [ 60%] Meshing surface 2983 (Plane, Frontal-Delaunay)
Info    : [ 60%] Meshing surface 2984 (Plane, Frontal-Delaunay)
Info    : [ 60%] Meshing surface 2985 (Plane, Frontal-Delaunay)
Info    : [ 60%] Meshing surface 2986 (Plane, Frontal-Delaunay)
Info    : [ 60%] Meshing surface 2987 (Plane, Frontal-Delaunay)
Info    : [ 60%] Meshing surface 2988 (Plane, Frontal-Delaunay)
Info    : [ 60%] Meshing surface 2989 (Plane, Frontal-Delaunay)
Info    : [ 60%] Meshing surface 2990 (Plane, Frontal-Delaunay)
Info    : [ 60%] Meshing surface 2991 (Plane, Frontal-Delaunay)
Info    : [ 60%] Meshing surface 2992 (Plane, Frontal-Delaunay)
Info    : [ 60%] Meshing surface 2993 (Plane, Frontal-Delaunay)
Info    : [ 60%] Meshing surface 2994 (Plane, Frontal-Delaunay)
Info    : [ 60%] Meshing surface 2995 (Plane, Frontal-Delaunay)
Info    : [ 60%] Meshing surface 2996 (Plane, Frontal-Delaunay)
Info    : [ 60%] Meshing surface 2997 (Plane, Frontal-Delaunay)
Info    : [ 60%] Meshing surface 2998 (Plane, Frontal-Delaunay)
Info    : [ 60%] Meshing surface 2999 (Plane, Frontal-Delaunay)
Info    : [ 60%] Meshing surface 3000 (Plane, Frontal-Delaunay)
Info    : [ 60%] Meshing surface 3001 (Plane, Frontal-Delaunay)
Info    : [ 60%] Meshing surface 3002 (Plane, Frontal-Delaunay)
Info    : [ 60%] Meshing surface 3003 (Plane, Frontal-Delaunay)
Info    : [ 60%] Meshing surface 3004 (Plane, Frontal-Delaunay)
Info    : [ 60%] Meshing surface 3005 (Plane, Frontal-Delaunay)
Info    : [ 60%] Meshing surface 3006 (Plane, Frontal-Delaunay)
Info    : [ 70%] Meshing surface 3007 (Plane, Frontal-Delaunay)
Info    : [ 70%] Meshing surface 3008 (Plane, Frontal-Delaunay)
Info    : [ 70%] Meshing surface 3009 (Plane, Frontal-Delaunay)
Info    : [ 70%] Meshing surface 3010 (Plane, Frontal-Delaunay)
Info    : [ 70%] Meshing surface 3011 (Plane, Frontal-Delaunay)
Info    : [ 70%] Meshing surface 3012 (Plane, Frontal-Delaunay)
Info    : [ 70%] Meshing surface 3013 (Plane, Frontal-Delaunay)
Info    : [ 70%] Meshing surface 3014 (Plane, Frontal-Delaunay)
Info    : [ 70%] Meshing surface 3015 (Plane, Frontal-Delaunay)
Info    : [ 70%] Meshing surface 3016 (Plane, Frontal-Delaunay)
Info    : [ 70%] Meshing surface 3017 (Plane, Frontal-Delaunay)
Info    : [ 70%] Meshing surface 3018 (Plane, Frontal-Delaunay)
Info    : [ 70%] Meshing surface 3019 (Plane, Frontal-Delaunay)
Info    : [ 70%] Meshing surface 3020 (Plane, Frontal-Delaunay)
Info    : [ 70%] Meshing surface 3021 (Plane, Frontal-Delaunay)
Info    : [ 70%] Meshing surface 3022 (Plane, Frontal-Delaunay)
Info    : [ 70%] Meshing surface 3023 (Plane, Frontal-Delaunay)
Info    : [ 70%] Meshing surface 3024 (Plane, Frontal-Delaunay)
Info    : [ 70%] Meshing surface 3025 (Plane, Frontal-Delaunay)
Info    : [ 70%] Meshing surface 3026 (Plane, Frontal-Delaunay)
Info    : [ 70%] Meshing surface 3027 (Plane, Frontal-Delaunay)
Info    : [ 70%] Meshing surface 3028 (Plane, Frontal-Delaunay)
Info    : [ 70%] Meshing surface 3029 (Plane, Frontal-Delaunay)
Info    : [ 70%] Meshing surface 3030 (Plane, Frontal-Delaunay)
Info    : [ 70%] Meshing surface 3031 (Plane, Frontal-Delaunay)
Info    : [ 70%] Meshing surface 3032 (Plane, Frontal-Delaunay)
Info    : [ 70%] Meshing surface 3033 (Plane, Frontal-Delaunay)
Info    : [ 70%] Meshing surface 3034 (Plane, Frontal-Delaunay)
Info    : [ 70%] Meshing surface 3035 (Plane, Frontal-Delaunay)
Info    : [ 70%] Meshing surface 3036 (Plane, Frontal-Delaunay)
Info    : [ 70%] Meshing surface 3037 (Plane, Frontal-Delaunay)
Info    : [ 70%] Meshing surface 3038 (Plane, Frontal-Delaunay)
Info    : [ 70%] Meshing surface 3039 (Plane, Frontal-Delaunay)
Info    : [ 70%] Meshing surface 3040 (Plane, Frontal-Delaunay)
Info    : [ 70%] Meshing surface 3041 (Plane, Frontal-Delaunay)
Info    : [ 70%] Meshing surface 3042 (Plane, Frontal-Delaunay)
Info    : [ 70%] Meshing surface 3043 (Plane, Frontal-Delaunay)
Info    : [ 70%] Meshing surface 3044 (Plane, Frontal-Delaunay)
Info    : [ 70%] Meshing surface 3045 (Plane, Frontal-Delaunay)
Info    : [ 70%] Meshing surface 3046 (Plane, Frontal-Delaunay)
Info    : [ 70%] Meshing surface 3047 (Plane, Frontal-Delaunay)
Info    : [ 70%] Meshing surface 3048 (Plane, Frontal-Delaunay)
Info    : [ 70%] Meshing surface 3049 (Plane, Frontal-Delaunay)
Info    : [ 70%] Meshing surface 3050 (Plane, Frontal-Delaunay)
Info    : [ 70%] Meshing surface 3051 (Plane, Frontal-Delaunay)
Info    : [ 70%] Meshing surface 3052 (Plane, Frontal-Delaunay)
Info    : [ 70%] Meshing surface 3053 (Plane, Frontal-Delaunay)
Info    : [ 70%] Meshing surface 3054 (Plane, Frontal-Delaunay)
Info    : [ 70%] Meshing surface 3055 (Plane, Frontal-Delaunay)
Info    : [ 70%] Meshing surface 3056 (Plane, Frontal-Delaunay)
Info    : [ 70%] Meshing surface 3057 (Plane, Frontal-Delaunay)
Info    : [ 70%] Meshing surface 3058 (Plane, Frontal-Delaunay)
Info    : [ 70%] Meshing surface 3059 (Plane, Frontal-Delaunay)
Info    : [ 70%] Meshing surface 3060 (Plane, Frontal-Delaunay)
Info    : [ 70%] Meshing surface 3061 (Plane, Frontal-Delaunay)
Info    : [ 70%] Meshing surface 3062 (Plane, Frontal-Delaunay)
Info    : [ 70%] Meshing surface 3063 (Plane, Frontal-Delaunay)
Info    : [ 70%] Meshing surface 3064 (Plane, Frontal-Delaunay)
Info    : [ 70%] Meshing surface 3065 (Plane, Frontal-Delaunay)
Info    : [ 70%] Meshing surface 3066 (Plane, Frontal-Delaunay)
Info    : [ 70%] Meshing surface 3067 (Plane, Frontal-Delaunay)
Info    : [ 70%] Meshing surface 3068 (Plane, Frontal-Delaunay)
Info    : [ 70%] Meshing surface 3069 (Plane, Frontal-Delaunay)
Info    : [ 70%] Meshing surface 3070 (Plane, Frontal-Delaunay)
Info    : [ 70%] Meshing surface 3071 (Plane, Frontal-Delaunay)
Info    : [ 70%] Meshing surface 3072 (Plane, Frontal-Delaunay)
Info    : [ 70%] Meshing surface 3073 (Plane, Frontal-Delaunay)
Info    : [ 70%] Meshing surface 3074 (Plane, Frontal-Delaunay)
Info    : [ 70%] Meshing surface 3075 (Plane, Frontal-Delaunay)
Info    : [ 70%] Meshing surface 3076 (Plane, Frontal-Delaunay)
Info    : [ 70%] Meshing surface 3077 (Plane, Frontal-Delaunay)
Info    : [ 70%] Meshing surface 3078 (Plane, Frontal-Delaunay)
Info    : [ 70%] Meshing surface 3079 (Plane, Frontal-Delaunay)
Info    : [ 70%] Meshing surface 3080 (Plane, Frontal-Delaunay)
Info    : [ 70%] Meshing surface 3081 (Plane, Frontal-Delaunay)
Info    : [ 70%] Meshing surface 3082 (Plane, Frontal-Delaunay)
Info    : [ 70%] Meshing surface 3083 (Plane, Frontal-Delaunay)
Info    : [ 70%] Meshing surface 3084 (Plane, Frontal-Delaunay)
Info    : [ 70%] Meshing surface 3085 (Plane, Frontal-Delaunay)
Info    : [ 70%] Meshing surface 3086 (Plane, Frontal-Delaunay)
Info    : [ 70%] Meshing surface 3087 (Plane, Frontal-Delaunay)
Info    : [ 70%] Meshing surface 3088 (Plane, Frontal-Delaunay)
Info    : [ 70%] Meshing surface 3089 (Plane, Frontal-Delaunay)
Info    : [ 70%] Meshing surface 3090 (Plane, Frontal-Delaunay)
Info    : [ 70%] Meshing surface 3091 (Plane, Frontal-Delaunay)
Info    : [ 70%] Meshing surface 3092 (Plane, Frontal-Delaunay)
Info    : [ 70%] Meshing surface 3093 (Plane, Frontal-Delaunay)
Info    : [ 70%] Meshing surface 3094 (Plane, Frontal-Delaunay)
Info    : [ 70%] Meshing surface 3095 (Plane, Frontal-Delaunay)
Info    : [ 70%] Meshing surface 3096 (Plane, Frontal-Delaunay)
Info    : [ 70%] Meshing surface 3097 (Plane, Frontal-Delaunay)
Info    : [ 70%] Meshing surface 3098 (Plane, Frontal-Delaunay)
Info    : [ 70%] Meshing surface 3099 (Plane, Frontal-Delaunay)
Info    : [ 70%] Meshing surface 3100 (Plane, Frontal-Delaunay)
Info    : [ 70%] Meshing surface 3101 (Plane, Frontal-Delaunay)
Info    : [ 70%] Meshing surface 3102 (Plane, Frontal-Delaunay)
Info    : [ 70%] Meshing surface 3103 (Plane, Frontal-Delaunay)
Info    : [ 70%] Meshing surface 3104 (Plane, Frontal-Delaunay)
Info    : [ 70%] Meshing surface 3105 (Plane, Frontal-Delaunay)
Info    : [ 70%] Meshing surface 3106 (Plane, Frontal-Delaunay)
Info    : [ 70%] Meshing surface 3107 (Plane, Frontal-Delaunay)
Info    : [ 70%] Meshing surface 3108 (Plane, Frontal-Delaunay)
Info    : [ 70%] Meshing surface 3109 (Plane, Frontal-Delaunay)
Info    : [ 70%] Meshing surface 3110 (Plane, Frontal-Delaunay)
Info    : [ 70%] Meshing surface 3111 (Plane, Frontal-Delaunay)
Info    : [ 70%] Meshing surface 3112 (Plane, Frontal-Delaunay)
Info    : [ 70%] Meshing surface 3113 (Plane, Frontal-Delaunay)
Info    : [ 70%] Meshing surface 3114 (Plane, Frontal-Delaunay)
Info    : [ 70%] Meshing surface 3115 (Plane, Frontal-Delaunay)
Info    : [ 70%] Meshing surface 3116 (Plane, Frontal-Delaunay)
Info    : [ 70%] Meshing surface 3117 (Plane, Frontal-Delaunay)
Info    : [ 70%] Meshing surface 3118 (Plane, Frontal-Delaunay)
Info    : [ 70%] Meshing surface 3119 (Plane, Frontal-Delaunay)
Info    : [ 70%] Meshing surface 3120 (Plane, Frontal-Delaunay)
Info    : [ 70%] Meshing surface 3121 (Plane, Frontal-Delaunay)
Info    : [ 70%] Meshing surface 3122 (Plane, Frontal-Delaunay)
Info    : [ 70%] Meshing surface 3123 (Plane, Frontal-Delaunay)
Info    : [ 70%] Meshing surface 3124 (Plane, Frontal-Delaunay)
Info    : [ 70%] Meshing surface 3125 (Plane, Frontal-Delaunay)
Info    : [ 70%] Meshing surface 3126 (Plane, Frontal-Delaunay)
Info    : [ 70%] Meshing surface 3127 (Plane, Frontal-Delaunay)
Info    : [ 70%] Meshing surface 3128 (Plane, Frontal-Delaunay)
Info    : [ 70%] Meshing surface 3129 (Plane, Frontal-Delaunay)
Info    : [ 70%] Meshing surface 3130 (Plane, Frontal-Delaunay)
Info    : [ 70%] Meshing surface 3131 (Plane, Frontal-Delaunay)
Info    : [ 70%] Meshing surface 3132 (Plane, Frontal-Delaunay)
Info    : [ 70%] Meshing surface 3133 (Plane, Frontal-Delaunay)
Info    : [ 70%] Meshing surface 3134 (Plane, Frontal-Delaunay)
Info    : [ 70%] Meshing surface 3135 (Plane, Frontal-Delaunay)
Info    : [ 70%] Meshing surface 3136 (Plane, Frontal-Delaunay)
Info    : [ 70%] Meshing surface 3137 (Plane, Frontal-Delaunay)
Info    : [ 70%] Meshing surface 3138 (Plane, Frontal-Delaunay)
Info    : [ 70%] Meshing surface 3139 (Plane, Frontal-Delaunay)
Info    : [ 70%] Meshing surface 3140 (Plane, Frontal-Delaunay)
Info    : [ 70%] Meshing surface 3141 (Plane, Frontal-Delaunay)
Info    : [ 70%] Meshing surface 3142 (Plane, Frontal-Delaunay)
Info    : [ 70%] Meshing surface 3143 (Plane, Frontal-Delaunay)
Info    : [ 70%] Meshing surface 3144 (Plane, Frontal-Delaunay)
Info    : [ 70%] Meshing surface 3145 (Plane, Frontal-Delaunay)
Info    : [ 70%] Meshing surface 3146 (Plane, Frontal-Delaunay)
Info    : [ 70%] Meshing surface 3147 (Plane, Frontal-Delaunay)
Info    : [ 70%] Meshing surface 3148 (Plane, Frontal-Delaunay)
Info    : [ 70%] Meshing surface 3149 (Plane, Frontal-Delaunay)
Info    : [ 70%] Meshing surface 3150 (Plane, Frontal-Delaunay)
Info    : [ 70%] Meshing surface 3151 (Plane, Frontal-Delaunay)
Info    : [ 70%] Meshing surface 3152 (Plane, Frontal-Delaunay)
Info    : [ 70%] Meshing surface 3153 (Plane, Frontal-Delaunay)
Info    : [ 70%] Meshing surface 3154 (Plane, Frontal-Delaunay)
Info    : [ 70%] Meshing surface 3155 (Plane, Frontal-Delaunay)
Info    : [ 70%] Meshing surface 3156 (Plane, Frontal-Delaunay)
Info    : [ 70%] Meshing surface 3157 (Plane, Frontal-Delaunay)
Info    : [ 70%] Meshing surface 3158 (Plane, Frontal-Delaunay)
Info    : [ 70%] Meshing surface 3159 (Plane, Frontal-Delaunay)
Info    : [ 70%] Meshing surface 3160 (Plane, Frontal-Delaunay)
Info    : [ 70%] Meshing surface 3161 (Plane, Frontal-Delaunay)
Info    : [ 70%] Meshing surface 3162 (Plane, Frontal-Delaunay)
Info    : [ 70%] Meshing surface 3163 (Plane, Frontal-Delaunay)
Info    : [ 70%] Meshing surface 3164 (Plane, Frontal-Delaunay)
Info    : [ 70%] Meshing surface 3165 (Plane, Frontal-Delaunay)
Info    : [ 70%] Meshing surface 3166 (Plane, Frontal-Delaunay)
Info    : [ 70%] Meshing surface 3167 (Plane, Frontal-Delaunay)
Info    : [ 70%] Meshing surface 3168 (Plane, Frontal-Delaunay)
Info    : [ 70%] Meshing surface 3169 (Plane, Frontal-Delaunay)
Info    : [ 70%] Meshing surface 3170 (Plane, Frontal-Delaunay)
Info    : [ 70%] Meshing surface 3171 (Plane, Frontal-Delaunay)
Info    : [ 70%] Meshing surface 3172 (Plane, Frontal-Delaunay)
Info    : [ 70%] Meshing surface 3173 (Plane, Frontal-Delaunay)
Info    : [ 70%] Meshing surface 3174 (Plane, Frontal-Delaunay)
Info    : [ 70%] Meshing surface 3175 (Plane, Frontal-Delaunay)
Info    : [ 70%] Meshing surface 3176 (Plane, Frontal-Delaunay)
Info    : [ 70%] Meshing surface 3177 (Plane, Frontal-Delaunay)
Info    : [ 70%] Meshing surface 3178 (Plane, Frontal-Delaunay)
Info    : [ 70%] Meshing surface 3179 (Plane, Frontal-Delaunay)
Info    : [ 70%] Meshing surface 3180 (Plane, Frontal-Delaunay)
Info    : [ 70%] Meshing surface 3181 (Plane, Frontal-Delaunay)
Info    : [ 70%] Meshing surface 3182 (Plane, Frontal-Delaunay)
Info    : [ 70%] Meshing surface 3183 (Plane, Frontal-Delaunay)
Info    : [ 70%] Meshing surface 3184 (Plane, Frontal-Delaunay)
Info    : [ 70%] Meshing surface 3185 (Plane, Frontal-Delaunay)
Info    : [ 70%] Meshing surface 3186 (Plane, Frontal-Delaunay)
Info    : [ 70%] Meshing surface 3187 (Plane, Frontal-Delaunay)
Info    : [ 70%] Meshing surface 3188 (Plane, Frontal-Delaunay)
Info    : [ 70%] Meshing surface 3189 (Plane, Frontal-Delaunay)
Info    : [ 70%] Meshing surface 3190 (Plane, Frontal-Delaunay)
Info    : [ 70%] Meshing surface 3191 (Plane, Frontal-Delaunay)
Info    : [ 70%] Meshing surface 3192 (Plane, Frontal-Delaunay)
Info    : [ 70%] Meshing surface 3193 (Plane, Frontal-Delaunay)
Info    : [ 70%] Meshing surface 3194 (Plane, Frontal-Delaunay)
Info    : [ 70%] Meshing surface 3195 (Plane, Frontal-Delaunay)
Info    : [ 70%] Meshing surface 3196 (Plane, Frontal-Delaunay)
Info    : [ 70%] Meshing surface 3197 (Plane, Frontal-Delaunay)
Info    : [ 70%] Meshing surface 3198 (Plane, Frontal-Delaunay)
Info    : [ 70%] Meshing surface 3199 (Plane, Frontal-Delaunay)
Info    : [ 70%] Meshing surface 3200 (Plane, Frontal-Delaunay)
Info    : [ 70%] Meshing surface 3201 (Plane, Frontal-Delaunay)
Info    : [ 70%] Meshing surface 3202 (Plane, Frontal-Delaunay)
Info    : [ 70%] Meshing surface 3203 (Plane, Frontal-Delaunay)
Info    : [ 70%] Meshing surface 3204 (Plane, Frontal-Delaunay)
Info    : [ 70%] Meshing surface 3205 (Plane, Frontal-Delaunay)
Info    : [ 70%] Meshing surface 3206 (Plane, Frontal-Delaunay)
Info    : [ 70%] Meshing surface 3208 (Plane, Frontal-Delaunay)
Info    : [ 70%] Meshing surface 3207 (Plane, Frontal-Delaunay)
Info    : [ 70%] Meshing surface 3209 (Plane, Frontal-Delaunay)
Info    : [ 70%] Meshing surface 3210 (Plane, Frontal-Delaunay)
Info    : [ 70%] Meshing surface 3211 (Plane, Frontal-Delaunay)
Info    : [ 70%] Meshing surface 3212 (Plane, Frontal-Delaunay)
Info    : [ 70%] Meshing surface 3213 (Plane, Frontal-Delaunay)
Info    : [ 70%] Meshing surface 3214 (Plane, Frontal-Delaunay)
Info    : [ 70%] Meshing surface 3215 (Plane, Frontal-Delaunay)
Info    : [ 70%] Meshing surface 3216 (Plane, Frontal-Delaunay)
Info    : [ 70%] Meshing surface 3217 (Plane, Frontal-Delaunay)
Info    : [ 70%] Meshing surface 3218 (Plane, Frontal-Delaunay)
Info    : [ 70%] Meshing surface 3219 (Plane, Frontal-Delaunay)
Info    : [ 70%] Meshing surface 3220 (Plane, Frontal-Delaunay)
Info    : [ 70%] Meshing surface 3221 (Plane, Frontal-Delaunay)
Info    : [ 70%] Meshing surface 3222 (Plane, Frontal-Delaunay)
Info    : [ 70%] Meshing surface 3223 (Plane, Frontal-Delaunay)
Info    : [ 70%] Meshing surface 3224 (Plane, Frontal-Delaunay)
Info    : [ 70%] Meshing surface 3225 (Plane, Frontal-Delaunay)
Info    : [ 70%] Meshing surface 3226 (Plane, Frontal-Delaunay)
Info    : [ 70%] Meshing surface 3227 (Plane, Frontal-Delaunay)
Info    : [ 70%] Meshing surface 3228 (Plane, Frontal-Delaunay)
Info    : [ 70%] Meshing surface 3229 (Plane, Frontal-Delaunay)
Info    : [ 70%] Meshing surface 3230 (Plane, Frontal-Delaunay)
Info    : [ 70%] Meshing surface 3231 (Plane, Frontal-Delaunay)
Info    : [ 70%] Meshing surface 3232 (Plane, Frontal-Delaunay)
Info    : [ 70%] Meshing surface 3233 (Plane, Frontal-Delaunay)
Info    : [ 70%] Meshing surface 3234 (Plane, Frontal-Delaunay)
Info    : [ 70%] Meshing surface 3235 (Plane, Frontal-Delaunay)
Info    : [ 70%] Meshing surface 3236 (Plane, Frontal-Delaunay)
Info    : [ 70%] Meshing surface 3237 (Plane, Frontal-Delaunay)
Info    : [ 70%] Meshing surface 3238 (Plane, Frontal-Delaunay)
Info    : [ 70%] Meshing surface 3239 (Plane, Frontal-Delaunay)
Info    : [ 70%] Meshing surface 3240 (Plane, Frontal-Delaunay)
Info    : [ 70%] Meshing surface 3241 (Plane, Frontal-Delaunay)
Info    : [ 70%] Meshing surface 3242 (Plane, Frontal-Delaunay)
Info    : [ 70%] Meshing surface 3243 (Plane, Frontal-Delaunay)
Info    : [ 70%] Meshing surface 3244 (Plane, Frontal-Delaunay)
Info    : [ 70%] Meshing surface 3245 (Plane, Frontal-Delaunay)
Info    : [ 70%] Meshing surface 3246 (Plane, Frontal-Delaunay)
Info    : [ 70%] Meshing surface 3247 (Plane, Frontal-Delaunay)
Info    : [ 70%] Meshing surface 3248 (Plane, Frontal-Delaunay)
Info    : [ 70%] Meshing surface 3249 (Plane, Frontal-Delaunay)
Info    : [ 70%] Meshing surface 3250 (Plane, Frontal-Delaunay)
Info    : [ 70%] Meshing surface 3251 (Plane, Frontal-Delaunay)
Info    : [ 70%] Meshing surface 3252 (Plane, Frontal-Delaunay)
Info    : [ 70%] Meshing surface 3253 (Plane, Frontal-Delaunay)
Info    : [ 70%] Meshing surface 3254 (Plane, Frontal-Delaunay)
Info    : [ 70%] Meshing surface 3255 (Plane, Frontal-Delaunay)
Info    : [ 70%] Meshing surface 3256 (Plane, Frontal-Delaunay)
Info    : [ 70%] Meshing surface 3257 (Plane, Frontal-Delaunay)
Info    : [ 70%] Meshing surface 3258 (Plane, Frontal-Delaunay)
Info    : [ 70%] Meshing surface 3259 (Plane, Frontal-Delaunay)
Info    : [ 70%] Meshing surface 3260 (Plane, Frontal-Delaunay)
Info    : [ 70%] Meshing surface 3261 (Plane, Frontal-Delaunay)
Info    : [ 70%] Meshing surface 3262 (Plane, Frontal-Delaunay)
Info    : [ 70%] Meshing surface 3263 (Plane, Frontal-Delaunay)
Info    : [ 70%] Meshing surface 3264 (Plane, Frontal-Delaunay)
Info    : [ 70%] Meshing surface 3265 (Plane, Frontal-Delaunay)
Info    : [ 70%] Meshing surface 3266 (Plane, Frontal-Delaunay)
Info    : [ 70%] Meshing surface 3267 (Plane, Frontal-Delaunay)
Info    : [ 70%] Meshing surface 3268 (Plane, Frontal-Delaunay)
Info    : [ 70%] Meshing surface 3269 (Plane, Frontal-Delaunay)
Info    : [ 70%] Meshing surface 3270 (Plane, Frontal-Delaunay)
Info    : [ 70%] Meshing surface 3271 (Plane, Frontal-Delaunay)
Info    : [ 70%] Meshing surface 3272 (Plane, Frontal-Delaunay)
Info    : [ 70%] Meshing surface 3273 (Plane, Frontal-Delaunay)
Info    : [ 70%] Meshing surface 3274 (Plane, Frontal-Delaunay)
Info    : [ 70%] Meshing surface 3275 (Plane, Frontal-Delaunay)
Info    : [ 70%] Meshing surface 3276 (Plane, Frontal-Delaunay)
Info    : [ 70%] Meshing surface 3277 (Plane, Frontal-Delaunay)
Info    : [ 70%] Meshing surface 3278 (Plane, Frontal-Delaunay)
Info    : [ 70%] Meshing surface 3279 (Plane, Frontal-Delaunay)
Info    : [ 70%] Meshing surface 3280 (Plane, Frontal-Delaunay)
Info    : [ 70%] Meshing surface 3281 (Plane, Frontal-Delaunay)
Info    : [ 70%] Meshing surface 3282 (Plane, Frontal-Delaunay)
Info    : [ 70%] Meshing surface 3283 (Plane, Frontal-Delaunay)
Info    : [ 70%] Meshing surface 3284 (Plane, Frontal-Delaunay)
Info    : [ 70%] Meshing surface 3285 (Plane, Frontal-Delaunay)
Info    : [ 70%] Meshing surface 3286 (Plane, Frontal-Delaunay)
Info    : [ 70%] Meshing surface 3287 (Plane, Frontal-Delaunay)
Info    : [ 70%] Meshing surface 3288 (Plane, Frontal-Delaunay)
Info    : [ 70%] Meshing surface 3289 (Plane, Frontal-Delaunay)
Info    : [ 70%] Meshing surface 3290 (Plane, Frontal-Delaunay)
Info    : [ 70%] Meshing surface 3291 (Plane, Frontal-Delaunay)
Info    : [ 70%] Meshing surface 3292 (Plane, Frontal-Delaunay)
Info    : [ 70%] Meshing surface 3293 (Plane, Frontal-Delaunay)
Info    : [ 70%] Meshing surface 3294 (Plane, Frontal-Delaunay)
Info    : [ 70%] Meshing surface 3295 (Plane, Frontal-Delaunay)
Info    : [ 70%] Meshing surface 3296 (Plane, Frontal-Delaunay)
Info    : [ 70%] Meshing surface 3297 (Plane, Frontal-Delaunay)
Info    : [ 70%] Meshing surface 3298 (Plane, Frontal-Delaunay)
Info    : [ 70%] Meshing surface 3299 (Plane, Frontal-Delaunay)
Info    : [ 70%] Meshing surface 3300 (Plane, Frontal-Delaunay)
Info    : [ 70%] Meshing surface 3301 (Plane, Frontal-Delaunay)
Info    : [ 70%] Meshing surface 3302 (Plane, Frontal-Delaunay)
Info    : [ 70%] Meshing surface 3303 (Plane, Frontal-Delaunay)
Info    : [ 70%] Meshing surface 3304 (Plane, Frontal-Delaunay)
Info    : [ 70%] Meshing surface 3305 (Plane, Frontal-Delaunay)
Info    : [ 70%] Meshing surface 3306 (Plane, Frontal-Delaunay)
Info    : [ 70%] Meshing surface 3307 (Plane, Frontal-Delaunay)
Info    : [ 70%] Meshing surface 3308 (Plane, Frontal-Delaunay)
Info    : [ 70%] Meshing surface 3309 (Plane, Frontal-Delaunay)
Info    : [ 70%] Meshing surface 3310 (Plane, Frontal-Delaunay)
Info    : [ 70%] Meshing surface 3311 (Plane, Frontal-Delaunay)
Info    : [ 70%] Meshing surface 3312 (Plane, Frontal-Delaunay)
Info    : [ 70%] Meshing surface 3313 (Plane, Frontal-Delaunay)
Info    : [ 70%] Meshing surface 3314 (Plane, Frontal-Delaunay)
Info    : [ 70%] Meshing surface 3315 (Plane, Frontal-Delaunay)
Info    : [ 70%] Meshing surface 3316 (Plane, Frontal-Delaunay)
Info    : [ 70%] Meshing surface 3317 (Plane, Frontal-Delaunay)
Info    : [ 70%] Meshing surface 3318 (Plane, Frontal-Delaunay)
Info    : [ 70%] Meshing surface 3319 (Plane, Frontal-Delaunay)
Info    : [ 70%] Meshing surface 3320 (Plane, Frontal-Delaunay)
Info    : [ 70%] Meshing surface 3321 (Plane, Frontal-Delaunay)
Info    : [ 70%] Meshing surface 3322 (Plane, Frontal-Delaunay)
Info    : [ 70%] Meshing surface 3323 (Plane, Frontal-Delaunay)
Info    : [ 70%] Meshing surface 3324 (Plane, Frontal-Delaunay)
Info    : [ 70%] Meshing surface 3325 (Plane, Frontal-Delaunay)
Info    : [ 70%] Meshing surface 3326 (Plane, Frontal-Delaunay)
Info    : [ 70%] Meshing surface 3327 (Plane, Frontal-Delaunay)
Info    : [ 70%] Meshing surface 3328 (Plane, Frontal-Delaunay)
Info    : [ 70%] Meshing surface 3329 (Plane, Frontal-Delaunay)
Info    : [ 70%] Meshing surface 3330 (Plane, Frontal-Delaunay)
Info    : [ 70%] Meshing surface 3331 (Plane, Frontal-Delaunay)
Info    : [ 70%] Meshing surface 3332 (Plane, Frontal-Delaunay)
Info    : [ 70%] Meshing surface 3333 (Plane, Frontal-Delaunay)
Info    : [ 70%] Meshing surface 3334 (Plane, Frontal-Delaunay)
Info    : [ 70%] Meshing surface 3335 (Plane, Frontal-Delaunay)
Info    : [ 70%] Meshing surface 3336 (Plane, Frontal-Delaunay)
Info    : [ 70%] Meshing surface 3337 (Plane, Frontal-Delaunay)
Info    : [ 70%] Meshing surface 3338 (Plane, Frontal-Delaunay)
Info    : [ 70%] Meshing surface 3339 (Plane, Frontal-Delaunay)
Info    : [ 70%] Meshing surface 3340 (Plane, Frontal-Delaunay)
Info    : [ 70%] Meshing surface 3341 (Plane, Frontal-Delaunay)
Info    : [ 70%] Meshing surface 3342 (Plane, Frontal-Delaunay)
Info    : [ 70%] Meshing surface 3343 (Plane, Frontal-Delaunay)
Info    : [ 70%] Meshing surface 3344 (Plane, Frontal-Delaunay)
Info    : [ 70%] Meshing surface 3345 (Plane, Frontal-Delaunay)
Info    : [ 70%] Meshing surface 3346 (Plane, Frontal-Delaunay)
Info    : [ 70%] Meshing surface 3347 (Plane, Frontal-Delaunay)
Info    : [ 70%] Meshing surface 3348 (Plane, Frontal-Delaunay)
Info    : [ 70%] Meshing surface 3349 (Plane, Frontal-Delaunay)
Info    : [ 70%] Meshing surface 3350 (Plane, Frontal-Delaunay)
Info    : [ 70%] Meshing surface 3351 (Plane, Frontal-Delaunay)
Info    : [ 70%] Meshing surface 3352 (Plane, Frontal-Delaunay)
Info    : [ 70%] Meshing surface 3353 (Plane, Frontal-Delaunay)
Info    : [ 70%] Meshing surface 3354 (Plane, Frontal-Delaunay)
Info    : [ 70%] Meshing surface 3355 (Plane, Frontal-Delaunay)
Info    : [ 70%] Meshing surface 3356 (Plane, Frontal-Delaunay)
Info    : [ 70%] Meshing surface 3357 (Plane, Frontal-Delaunay)
Info    : [ 70%] Meshing surface 3358 (Plane, Frontal-Delaunay)
Info    : [ 70%] Meshing surface 3359 (Plane, Frontal-Delaunay)
Info    : [ 70%] Meshing surface 3360 (Plane, Frontal-Delaunay)
Info    : [ 70%] Meshing surface 3361 (Plane, Frontal-Delaunay)
Info    : [ 70%] Meshing surface 3362 (Plane, Frontal-Delaunay)
Info    : [ 70%] Meshing surface 3363 (Plane, Frontal-Delaunay)
Info    : [ 70%] Meshing surface 3364 (Plane, Frontal-Delaunay)
Info    : [ 70%] Meshing surface 3365 (Plane, Frontal-Delaunay)
Info    : [ 70%] Meshing surface 3366 (Plane, Frontal-Delaunay)
Info    : [ 70%] Meshing surface 3367 (Plane, Frontal-Delaunay)
Info    : [ 70%] Meshing surface 3368 (Plane, Frontal-Delaunay)
Info    : [ 70%] Meshing surface 3369 (Plane, Frontal-Delaunay)
Info    : [ 70%] Meshing surface 3370 (Plane, Frontal-Delaunay)
Info    : [ 70%] Meshing surface 3371 (Plane, Frontal-Delaunay)
Info    : [ 70%] Meshing surface 3372 (Plane, Frontal-Delaunay)
Info    : [ 70%] Meshing surface 3373 (Plane, Frontal-Delaunay)
Info    : [ 70%] Meshing surface 3374 (Plane, Frontal-Delaunay)
Info    : [ 70%] Meshing surface 3375 (Plane, Frontal-Delaunay)
Info    : [ 70%] Meshing surface 3376 (Plane, Frontal-Delaunay)
Info    : [ 70%] Meshing surface 3377 (Plane, Frontal-Delaunay)
Info    : [ 70%] Meshing surface 3378 (Plane, Frontal-Delaunay)
Info    : [ 70%] Meshing surface 3379 (Plane, Frontal-Delaunay)
Info    : [ 70%] Meshing surface 3380 (Plane, Frontal-Delaunay)
Info    : [ 70%] Meshing surface 3381 (Plane, Frontal-Delaunay)
Info    : [ 70%] Meshing surface 3382 (Plane, Frontal-Delaunay)
Info    : [ 70%] Meshing surface 3383 (Plane, Frontal-Delaunay)
Info    : [ 70%] Meshing surface 3384 (Plane, Frontal-Delaunay)
Info    : [ 70%] Meshing surface 3385 (Plane, Frontal-Delaunay)
Info    : [ 70%] Meshing surface 3386 (Plane, Frontal-Delaunay)
Info    : [ 70%] Meshing surface 3387 (Plane, Frontal-Delaunay)
Info    : [ 70%] Meshing surface 3388 (Plane, Frontal-Delaunay)
Info    : [ 70%] Meshing surface 3389 (Plane, Frontal-Delaunay)
Info    : [ 70%] Meshing surface 3390 (Plane, Frontal-Delaunay)
Info    : [ 70%] Meshing surface 3391 (Plane, Frontal-Delaunay)
Info    : [ 70%] Meshing surface 3392 (Plane, Frontal-Delaunay)
Info    : [ 70%] Meshing surface 3393 (Plane, Frontal-Delaunay)
Info    : [ 70%] Meshing surface 3394 (Plane, Frontal-Delaunay)
Info    : [ 70%] Meshing surface 3395 (Plane, Frontal-Delaunay)
Info    : [ 70%] Meshing surface 3396 (Plane, Frontal-Delaunay)
Info    : [ 70%] Meshing surface 3397 (Plane, Frontal-Delaunay)
Info    : [ 70%] Meshing surface 3398 (Plane, Frontal-Delaunay)
Info    : [ 70%] Meshing surface 3399 (Plane, Frontal-Delaunay)
Info    : [ 70%] Meshing surface 3400 (Plane, Frontal-Delaunay)
Info    : [ 70%] Meshing surface 3401 (Plane, Frontal-Delaunay)
Info    : [ 70%] Meshing surface 3402 (Plane, Frontal-Delaunay)
Info    : [ 70%] Meshing surface 3403 (Plane, Frontal-Delaunay)
Info    : [ 70%] Meshing surface 3404 (Plane, Frontal-Delaunay)
Info    : [ 70%] Meshing surface 3405 (Plane, Frontal-Delaunay)
Info    : [ 70%] Meshing surface 3406 (Plane, Frontal-Delaunay)
Info    : [ 70%] Meshing surface 3407 (Plane, Frontal-Delaunay)
Info    : [ 70%] Meshing surface 3408 (Plane, Frontal-Delaunay)
Info    : [ 70%] Meshing surface 3409 (Plane, Frontal-Delaunay)
Info    : [ 70%] Meshing surface 3410 (Plane, Frontal-Delaunay)
Info    : [ 70%] Meshing surface 3411 (Plane, Frontal-Delaunay)
Info    : [ 70%] Meshing surface 3412 (Plane, Frontal-Delaunay)
Info    : [ 70%] Meshing surface 3413 (Plane, Frontal-Delaunay)
Info    : [ 70%] Meshing surface 3414 (Plane, Frontal-Delaunay)
Info    : [ 70%] Meshing surface 3415 (Plane, Frontal-Delaunay)
Info    : [ 70%] Meshing surface 3416 (Plane, Frontal-Delaunay)
Info    : [ 70%] Meshing surface 3417 (Plane, Frontal-Delaunay)
Info    : [ 70%] Meshing surface 3418 (Plane, Frontal-Delaunay)
Info    : [ 70%] Meshing surface 3419 (Plane, Frontal-Delaunay)
Info    : [ 70%] Meshing surface 3420 (Plane, Frontal-Delaunay)
Info    : [ 70%] Meshing surface 3421 (Plane, Frontal-Delaunay)
Info    : [ 70%] Meshing surface 3422 (Plane, Frontal-Delaunay)
Info    : [ 70%] Meshing surface 3423 (Plane, Frontal-Delaunay)
Info    : [ 70%] Meshing surface 3424 (Plane, Frontal-Delaunay)
Info    : [ 70%] Meshing surface 3425 (Plane, Frontal-Delaunay)
Info    : [ 70%] Meshing surface 3426 (Plane, Frontal-Delaunay)
Info    : [ 70%] Meshing surface 3427 (Plane, Frontal-Delaunay)
Info    : [ 70%] Meshing surface 3428 (Plane, Frontal-Delaunay)
Info    : [ 70%] Meshing surface 3429 (Plane, Frontal-Delaunay)
Info    : [ 70%] Meshing surface 3430 (Plane, Frontal-Delaunay)
Info    : [ 70%] Meshing surface 3431 (Plane, Frontal-Delaunay)
Info    : [ 70%] Meshing surface 3432 (Plane, Frontal-Delaunay)
Info    : [ 70%] Meshing surface 3433 (Plane, Frontal-Delaunay)
Info    : [ 70%] Meshing surface 3434 (Plane, Frontal-Delaunay)
Info    : [ 70%] Meshing surface 3435 (Plane, Frontal-Delaunay)
Info    : [ 70%] Meshing surface 3436 (Plane, Frontal-Delaunay)
Info    : [ 70%] Meshing surface 3437 (Plane, Frontal-Delaunay)
Info    : [ 70%] Meshing surface 3438 (Plane, Frontal-Delaunay)
Info    : [ 70%] Meshing surface 3439 (Plane, Frontal-Delaunay)
Info    : [ 70%] Meshing surface 3440 (Plane, Frontal-Delaunay)
Info    : [ 70%] Meshing surface 3441 (Plane, Frontal-Delaunay)
Info    : [ 70%] Meshing surface 3442 (Plane, Frontal-Delaunay)
Info    : [ 70%] Meshing surface 3443 (Plane, Frontal-Delaunay)
Info    : [ 70%] Meshing surface 3444 (Plane, Frontal-Delaunay)
Info    : [ 70%] Meshing surface 3445 (Plane, Frontal-Delaunay)
Info    : [ 70%] Meshing surface 3446 (Plane, Frontal-Delaunay)
Info    : [ 70%] Meshing surface 3447 (Plane, Frontal-Delaunay)
Info    : [ 70%] Meshing surface 3448 (Plane, Frontal-Delaunay)
Info    : [ 70%] Meshing surface 3449 (Plane, Frontal-Delaunay)
Info    : [ 70%] Meshing surface 3450 (Plane, Frontal-Delaunay)
Info    : [ 70%] Meshing surface 3451 (Plane, Frontal-Delaunay)
Info    : [ 70%] Meshing surface 3452 (Plane, Frontal-Delaunay)
Info    : [ 70%] Meshing surface 3453 (Plane, Frontal-Delaunay)
Info    : [ 70%] Meshing surface 3454 (Plane, Frontal-Delaunay)
Info    : [ 70%] Meshing surface 3455 (Plane, Frontal-Delaunay)
Info    : [ 70%] Meshing surface 3456 (Plane, Frontal-Delaunay)
Info    : [ 70%] Meshing surface 3457 (Plane, Frontal-Delaunay)
Info    : [ 70%] Meshing surface 3458 (Plane, Frontal-Delaunay)
Info    : [ 70%] Meshing surface 3459 (Plane, Frontal-Delaunay)
Info    : [ 70%] Meshing surface 3460 (Plane, Frontal-Delaunay)
Info    : [ 70%] Meshing surface 3461 (Plane, Frontal-Delaunay)
Info    : [ 70%] Meshing surface 3462 (Plane, Frontal-Delaunay)
Info    : [ 70%] Meshing surface 3463 (Plane, Frontal-Delaunay)
Info    : [ 70%] Meshing surface 3464 (Plane, Frontal-Delaunay)
Info    : [ 70%] Meshing surface 3465 (Plane, Frontal-Delaunay)
Info    : [ 70%] Meshing surface 3466 (Plane, Frontal-Delaunay)
Info    : [ 70%] Meshing surface 3467 (Plane, Frontal-Delaunay)
Info    : [ 70%] Meshing surface 3468 (Plane, Frontal-Delaunay)
Info    : [ 70%] Meshing surface 3469 (Plane, Frontal-Delaunay)
Info    : [ 70%] Meshing surface 3470 (Plane, Frontal-Delaunay)
Info    : [ 70%] Meshing surface 3471 (Plane, Frontal-Delaunay)
Info    : [ 70%] Meshing surface 3472 (Plane, Frontal-Delaunay)
Info    : [ 70%] Meshing surface 3473 (Plane, Frontal-Delaunay)
Info    : [ 70%] Meshing surface 3474 (Plane, Frontal-Delaunay)
Info    : [ 70%] Meshing surface 3475 (Plane, Frontal-Delaunay)
Info    : [ 70%] Meshing surface 3476 (Plane, Frontal-Delaunay)
Info    : [ 70%] Meshing surface 3477 (Plane, Frontal-Delaunay)
Info    : [ 70%] Meshing surface 3478 (Plane, Frontal-Delaunay)
Info    : [ 70%] Meshing surface 3479 (Plane, Frontal-Delaunay)
Info    : [ 70%] Meshing surface 3480 (Plane, Frontal-Delaunay)
Info    : [ 70%] Meshing surface 3481 (Plane, Frontal-Delaunay)
Info    : [ 70%] Meshing surface 3482 (Plane, Frontal-Delaunay)
Info    : [ 70%] Meshing surface 3483 (Plane, Frontal-Delaunay)
Info    : [ 70%] Meshing surface 3484 (Plane, Frontal-Delaunay)
Info    : [ 70%] Meshing surface 3485 (Plane, Frontal-Delaunay)
Info    : [ 70%] Meshing surface 3486 (Plane, Frontal-Delaunay)
Info    : [ 70%] Meshing surface 3487 (Plane, Frontal-Delaunay)
Info    : [ 70%] Meshing surface 3488 (Plane, Frontal-Delaunay)
Info    : [ 70%] Meshing surface 3489 (Plane, Frontal-Delaunay)
Info    : [ 70%] Meshing surface 3490 (Plane, Frontal-Delaunay)
Info    : [ 70%] Meshing surface 3491 (Plane, Frontal-Delaunay)
Info    : [ 70%] Meshing surface 3492 (Plane, Frontal-Delaunay)
Info    : [ 70%] Meshing surface 3493 (Plane, Frontal-Delaunay)
Info    : [ 70%] Meshing surface 3494 (Plane, Frontal-Delaunay)
Info    : [ 70%] Meshing surface 3495 (Plane, Frontal-Delaunay)
Info    : [ 70%] Meshing surface 3496 (Plane, Frontal-Delaunay)
Info    : [ 70%] Meshing surface 3497 (Plane, Frontal-Delaunay)
Info    : [ 70%] Meshing surface 3498 (Plane, Frontal-Delaunay)
Info    : [ 70%] Meshing surface 3499 (Plane, Frontal-Delaunay)
Info    : [ 70%] Meshing surface 3500 (Plane, Frontal-Delaunay)
Info    : [ 70%] Meshing surface 3501 (Plane, Frontal-Delaunay)
Info    : [ 70%] Meshing surface 3502 (Plane, Frontal-Delaunay)
Info    : [ 70%] Meshing surface 3503 (Plane, Frontal-Delaunay)
Info    : [ 70%] Meshing surface 3504 (Plane, Frontal-Delaunay)
Info    : [ 70%] Meshing surface 3505 (Plane, Frontal-Delaunay)
Info    : [ 70%] Meshing surface 3506 (Plane, Frontal-Delaunay)
Info    : [ 70%] Meshing surface 3507 (Plane, Frontal-Delaunay)
Info    : [ 70%] Meshing surface 3508 (Plane, Frontal-Delaunay)
Info    : [ 70%] Meshing surface 3509 (Plane, Frontal-Delaunay)
Info    : [ 70%] Meshing surface 3510 (Plane, Frontal-Delaunay)
Info    : [ 70%] Meshing surface 3511 (Plane, Frontal-Delaunay)
Info    : [ 70%] Meshing surface 3512 (Plane, Frontal-Delaunay)
Info    : [ 70%] Meshing surface 3513 (Plane, Frontal-Delaunay)
Info    : [ 70%] Meshing surface 3514 (Plane, Frontal-Delaunay)
Info    : [ 70%] Meshing surface 3515 (Plane, Frontal-Delaunay)
Info    : [ 70%] Meshing surface 3516 (Plane, Frontal-Delaunay)
Info    : [ 70%] Meshing surface 3517 (Plane, Frontal-Delaunay)
Info    : [ 70%] Meshing surface 3518 (Plane, Frontal-Delaunay)
Info    : [ 70%] Meshing surface 3519 (Plane, Frontal-Delaunay)
Info    : [ 70%] Meshing surface 3520 (Plane, Frontal-Delaunay)
Info    : [ 70%] Meshing surface 3521 (Plane, Frontal-Delaunay)
Info    : [ 70%] Meshing surface 3522 (Plane, Frontal-Delaunay)
Info    : [ 70%] Meshing surface 3523 (Plane, Frontal-Delaunay)
Info    : [ 70%] Meshing surface 3524 (Plane, Frontal-Delaunay)
Info    : [ 70%] Meshing surface 3525 (Plane, Frontal-Delaunay)
Info    : [ 70%] Meshing surface 3526 (Plane, Frontal-Delaunay)
Info    : [ 70%] Meshing surface 3527 (Plane, Frontal-Delaunay)
Info    : [ 70%] Meshing surface 3528 (Plane, Frontal-Delaunay)
Info    : [ 70%] Meshing surface 3529 (Plane, Frontal-Delaunay)
Info    : [ 70%] Meshing surface 3530 (Plane, Frontal-Delaunay)
Info    : [ 70%] Meshing surface 3531 (Plane, Frontal-Delaunay)
Info    : [ 70%] Meshing surface 3532 (Plane, Frontal-Delaunay)
Info    : [ 70%] Meshing surface 3533 (Plane, Frontal-Delaunay)
Info    : [ 70%] Meshing surface 3534 (Plane, Frontal-Delaunay)
Info    : [ 70%] Meshing surface 3535 (Plane, Frontal-Delaunay)
Info    : [ 70%] Meshing surface 3536 (Plane, Frontal-Delaunay)
Info    : [ 70%] Meshing surface 3537 (Plane, Frontal-Delaunay)
Info    : [ 70%] Meshing surface 3538 (Plane, Frontal-Delaunay)
Info    : [ 70%] Meshing surface 3539 (Plane, Frontal-Delaunay)
Info    : [ 70%] Meshing surface 3540 (Plane, Frontal-Delaunay)
Info    : [ 70%] Meshing surface 3541 (Plane, Frontal-Delaunay)
Info    : [ 70%] Meshing surface 3542 (Plane, Frontal-Delaunay)
Info    : [ 70%] Meshing surface 3543 (Plane, Frontal-Delaunay)
Info    : [ 70%] Meshing surface 3544 (Plane, Frontal-Delaunay)
Info    : [ 70%] Meshing surface 3545 (Plane, Frontal-Delaunay)
Info    : [ 70%] Meshing surface 3546 (Plane, Frontal-Delaunay)
Info    : [ 70%] Meshing surface 3547 (Plane, Frontal-Delaunay)
Info    : [ 70%] Meshing surface 3548 (Plane, Frontal-Delaunay)
Info    : [ 70%] Meshing surface 3549 (Plane, Frontal-Delaunay)
Info    : [ 70%] Meshing surface 3550 (Plane, Frontal-Delaunay)
Info    : [ 70%] Meshing surface 3551 (Plane, Frontal-Delaunay)
Info    : [ 70%] Meshing surface 3552 (Plane, Frontal-Delaunay)
Info    : [ 70%] Meshing surface 3553 (Plane, Frontal-Delaunay)
Info    : [ 70%] Meshing surface 3554 (Plane, Frontal-Delaunay)
Info    : [ 70%] Meshing surface 3555 (Plane, Frontal-Delaunay)
Info    : [ 70%] Meshing surface 3556 (Plane, Frontal-Delaunay)
Info    : [ 70%] Meshing surface 3557 (Plane, Frontal-Delaunay)
Info    : [ 70%] Meshing surface 3558 (Plane, Frontal-Delaunay)
Info    : [ 70%] Meshing surface 3559 (Plane, Frontal-Delaunay)
Info    : [ 70%] Meshing surface 3560 (Plane, Frontal-Delaunay)
Info    : [ 70%] Meshing surface 3561 (Plane, Frontal-Delaunay)
Info    : [ 70%] Meshing surface 3562 (Plane, Frontal-Delaunay)
Info    : [ 70%] Meshing surface 3563 (Plane, Frontal-Delaunay)
Info    : [ 70%] Meshing surface 3564 (Plane, Frontal-Delaunay)
Info    : [ 70%] Meshing surface 3565 (Plane, Frontal-Delaunay)
Info    : [ 70%] Meshing surface 3566 (Plane, Frontal-Delaunay)
Info    : [ 70%] Meshing surface 3568 (Plane, Frontal-Delaunay)
Info    : [ 70%] Meshing surface 3567 (Plane, Frontal-Delaunay)
Info    : [ 70%] Meshing surface 3569 (Plane, Frontal-Delaunay)
Info    : [ 70%] Meshing surface 3570 (Plane, Frontal-Delaunay)
Info    : [ 70%] Meshing surface 3571 (Plane, Frontal-Delaunay)
Info    : [ 70%] Meshing surface 3572 (Plane, Frontal-Delaunay)
Info    : [ 70%] Meshing surface 3573 (Plane, Frontal-Delaunay)
Info    : [ 70%] Meshing surface 3574 (Plane, Frontal-Delaunay)
Info    : [ 70%] Meshing surface 3575 (Plane, Frontal-Delaunay)
Info    : [ 70%] Meshing surface 3576 (Plane, Frontal-Delaunay)
Info    : [ 70%] Meshing surface 3577 (Plane, Frontal-Delaunay)
Info    : [ 70%] Meshing surface 3578 (Plane, Frontal-Delaunay)
Info    : [ 70%] Meshing surface 3579 (Plane, Frontal-Delaunay)
Info    : [ 70%] Meshing surface 3580 (Plane, Frontal-Delaunay)
Info    : [ 70%] Meshing surface 3581 (Plane, Frontal-Delaunay)
Info    : [ 70%] Meshing surface 3582 (Plane, Frontal-Delaunay)
Info    : [ 70%] Meshing surface 3583 (Plane, Frontal-Delaunay)
Info    : [ 70%] Meshing surface 3584 (Plane, Frontal-Delaunay)
Info    : [ 70%] Meshing surface 3585 (Plane, Frontal-Delaunay)
Info    : [ 70%] Meshing surface 3586 (Plane, Frontal-Delaunay)
Info    : [ 70%] Meshing surface 3587 (Plane, Frontal-Delaunay)
Info    : [ 70%] Meshing surface 3588 (Plane, Frontal-Delaunay)
Info    : [ 70%] Meshing surface 3589 (Plane, Frontal-Delaunay)
Info    : [ 70%] Meshing surface 3590 (Plane, Frontal-Delaunay)
Info    : [ 70%] Meshing surface 3591 (Plane, Frontal-Delaunay)
Info    : [ 70%] Meshing surface 3592 (Plane, Frontal-Delaunay)
Info    : [ 70%] Meshing surface 3593 (Plane, Frontal-Delaunay)
Info    : [ 70%] Meshing surface 3594 (Plane, Frontal-Delaunay)
Info    : [ 70%] Meshing surface 3595 (Plane, Frontal-Delaunay)
Info    : [ 70%] Meshing surface 3596 (Plane, Frontal-Delaunay)
Info    : [ 70%] Meshing surface 3597 (Plane, Frontal-Delaunay)
Info    : [ 70%] Meshing surface 3598 (Plane, Frontal-Delaunay)
Info    : [ 70%] Meshing surface 3599 (Plane, Frontal-Delaunay)
Info    : [ 70%] Meshing surface 3600 (Plane, Frontal-Delaunay)
Info    : [ 70%] Meshing surface 3601 (Plane, Frontal-Delaunay)
Info    : [ 70%] Meshing surface 3602 (Plane, Frontal-Delaunay)
Info    : [ 70%] Meshing surface 3603 (Plane, Frontal-Delaunay)
Info    : [ 70%] Meshing surface 3604 (Plane, Frontal-Delaunay)
Info    : [ 70%] Meshing surface 3605 (Plane, Frontal-Delaunay)
Info    : [ 70%] Meshing surface 3606 (Plane, Frontal-Delaunay)
Info    : [ 70%] Meshing surface 3607 (Plane, Frontal-Delaunay)
Info    : [ 70%] Meshing surface 3608 (Plane, Frontal-Delaunay)
Info    : [ 70%] Meshing surface 3609 (Plane, Frontal-Delaunay)
Info    : [ 70%] Meshing surface 3610 (Plane, Frontal-Delaunay)
Info    : [ 70%] Meshing surface 3611 (Plane, Frontal-Delaunay)
Info    : [ 70%] Meshing surface 3612 (Plane, Frontal-Delaunay)
Info    : [ 70%] Meshing surface 3613 (Plane, Frontal-Delaunay)
Info    : [ 70%] Meshing surface 3614 (Plane, Frontal-Delaunay)
Info    : [ 70%] Meshing surface 3615 (Plane, Frontal-Delaunay)
Info    : [ 70%] Meshing surface 3616 (Plane, Frontal-Delaunay)
Info    : [ 70%] Meshing surface 3617 (Plane, Frontal-Delaunay)
Info    : [ 70%] Meshing surface 3618 (Plane, Frontal-Delaunay)
Info    : [ 70%] Meshing surface 3619 (Plane, Frontal-Delaunay)
Info    : [ 70%] Meshing surface 3620 (Plane, Frontal-Delaunay)
Info    : [ 70%] Meshing surface 3621 (Plane, Frontal-Delaunay)
Info    : [ 70%] Meshing surface 3622 (Plane, Frontal-Delaunay)
Info    : [ 70%] Meshing surface 3623 (Plane, Frontal-Delaunay)
Info    : [ 70%] Meshing surface 3624 (Plane, Frontal-Delaunay)
Info    : [ 70%] Meshing surface 3625 (Plane, Frontal-Delaunay)
Info    : [ 70%] Meshing surface 3626 (Plane, Frontal-Delaunay)
Info    : [ 70%] Meshing surface 3627 (Plane, Frontal-Delaunay)
Info    : [ 70%] Meshing surface 3628 (Plane, Frontal-Delaunay)
Info    : [ 70%] Meshing surface 3629 (Plane, Frontal-Delaunay)
Info    : [ 70%] Meshing surface 3630 (Plane, Frontal-Delaunay)
Info    : [ 70%] Meshing surface 3631 (Plane, Frontal-Delaunay)
Info    : [ 70%] Meshing surface 3632 (Plane, Frontal-Delaunay)
Info    : [ 70%] Meshing surface 3633 (Plane, Frontal-Delaunay)
Info    : [ 70%] Meshing surface 3634 (Plane, Frontal-Delaunay)
Info    : [ 70%] Meshing surface 3635 (Plane, Frontal-Delaunay)
Info    : [ 70%] Meshing surface 3636 (Plane, Frontal-Delaunay)
Info    : [ 70%] Meshing surface 3637 (Plane, Frontal-Delaunay)
Info    : [ 70%] Meshing surface 3638 (Plane, Frontal-Delaunay)
Info    : [ 70%] Meshing surface 3639 (Plane, Frontal-Delaunay)
Info    : [ 70%] Meshing surface 3640 (Plane, Frontal-Delaunay)
Info    : [ 70%] Meshing surface 3641 (Plane, Frontal-Delaunay)
Info    : [ 70%] Meshing surface 3642 (Plane, Frontal-Delaunay)
Info    : [ 70%] Meshing surface 3643 (Plane, Frontal-Delaunay)
Info    : [ 70%] Meshing surface 3644 (Plane, Frontal-Delaunay)
Info    : [ 70%] Meshing surface 3645 (Plane, Frontal-Delaunay)
Info    : [ 70%] Meshing surface 3646 (Plane, Frontal-Delaunay)
Info    : [ 70%] Meshing surface 3647 (Plane, Frontal-Delaunay)
Info    : [ 70%] Meshing surface 3648 (Plane, Frontal-Delaunay)
Info    : [ 70%] Meshing surface 3649 (Plane, Frontal-Delaunay)
Info    : [ 70%] Meshing surface 3650 (Plane, Frontal-Delaunay)
Info    : [ 70%] Meshing surface 3651 (Plane, Frontal-Delaunay)
Info    : [ 70%] Meshing surface 3652 (Plane, Frontal-Delaunay)
Info    : [ 70%] Meshing surface 3653 (Plane, Frontal-Delaunay)
Info    : [ 70%] Meshing surface 3654 (Plane, Frontal-Delaunay)
Info    : [ 70%] Meshing surface 3655 (Plane, Frontal-Delaunay)
Info    : [ 70%] Meshing surface 3656 (Plane, Frontal-Delaunay)
Info    : [ 70%] Meshing surface 3657 (Plane, Frontal-Delaunay)
Info    : [ 70%] Meshing surface 3658 (Plane, Frontal-Delaunay)
Info    : [ 70%] Meshing surface 3659 (Plane, Frontal-Delaunay)
Info    : [ 70%] Meshing surface 3660 (Plane, Frontal-Delaunay)
Info    : [ 70%] Meshing surface 3661 (Plane, Frontal-Delaunay)
Info    : [ 70%] Meshing surface 3662 (Plane, Frontal-Delaunay)
Info    : [ 70%] Meshing surface 3663 (Plane, Frontal-Delaunay)
Info    : [ 70%] Meshing surface 3664 (Plane, Frontal-Delaunay)
Info    : [ 70%] Meshing surface 3665 (Plane, Frontal-Delaunay)
Info    : [ 70%] Meshing surface 3666 (Plane, Frontal-Delaunay)
Info    : [ 70%] Meshing surface 3667 (Plane, Frontal-Delaunay)
Info    : [ 70%] Meshing surface 3668 (Plane, Frontal-Delaunay)
Info    : [ 70%] Meshing surface 3669 (Plane, Frontal-Delaunay)
Info    : [ 70%] Meshing surface 3670 (Plane, Frontal-Delaunay)
Info    : [ 70%] Meshing surface 3671 (Plane, Frontal-Delaunay)
Info    : [ 70%] Meshing surface 3672 (Plane, Frontal-Delaunay)
Info    : [ 70%] Meshing surface 3673 (Plane, Frontal-Delaunay)
Info    : [ 70%] Meshing surface 3674 (Plane, Frontal-Delaunay)
Info    : [ 70%] Meshing surface 3675 (Plane, Frontal-Delaunay)
Info    : [ 70%] Meshing surface 3676 (Plane, Frontal-Delaunay)
Info    : [ 70%] Meshing surface 3677 (Plane, Frontal-Delaunay)
Info    : [ 70%] Meshing surface 3678 (Plane, Frontal-Delaunay)
Info    : [ 70%] Meshing surface 3679 (Plane, Frontal-Delaunay)
Info    : [ 70%] Meshing surface 3680 (Plane, Frontal-Delaunay)
Info    : [ 70%] Meshing surface 3681 (Plane, Frontal-Delaunay)
Info    : [ 70%] Meshing surface 3682 (Plane, Frontal-Delaunay)
Info    : [ 70%] Meshing surface 3683 (Plane, Frontal-Delaunay)
Info    : [ 70%] Meshing surface 3684 (Plane, Frontal-Delaunay)
Info    : [ 70%] Meshing surface 3685 (Plane, Frontal-Delaunay)
Info    : [ 70%] Meshing surface 3686 (Plane, Frontal-Delaunay)
Info    : [ 70%] Meshing surface 3687 (Plane, Frontal-Delaunay)
Info    : [ 70%] Meshing surface 3688 (Plane, Frontal-Delaunay)
Info    : [ 70%] Meshing surface 3689 (Plane, Frontal-Delaunay)
Info    : [ 70%] Meshing surface 3690 (Plane, Frontal-Delaunay)
Info    : [ 70%] Meshing surface 3691 (Plane, Frontal-Delaunay)
Info    : [ 70%] Meshing surface 3692 (Plane, Frontal-Delaunay)
Info    : [ 70%] Meshing surface 3693 (Plane, Frontal-Delaunay)
Info    : [ 70%] Meshing surface 3694 (Plane, Frontal-Delaunay)
Info    : [ 70%] Meshing surface 3695 (Plane, Frontal-Delaunay)
Info    : [ 70%] Meshing surface 3696 (Plane, Frontal-Delaunay)
Info    : [ 70%] Meshing surface 3697 (Plane, Frontal-Delaunay)
Info    : [ 70%] Meshing surface 3698 (Plane, Frontal-Delaunay)
Info    : [ 70%] Meshing surface 3699 (Plane, Frontal-Delaunay)
Info    : [ 70%] Meshing surface 3700 (Plane, Frontal-Delaunay)
Info    : [ 70%] Meshing surface 3701 (Plane, Frontal-Delaunay)
Info    : [ 70%] Meshing surface 3702 (Plane, Frontal-Delaunay)
Info    : [ 70%] Meshing surface 3703 (Plane, Frontal-Delaunay)
Info    : [ 70%] Meshing surface 3704 (Plane, Frontal-Delaunay)
Info    : [ 70%] Meshing surface 3705 (Plane, Frontal-Delaunay)
Info    : [ 70%] Meshing surface 3706 (Plane, Frontal-Delaunay)
Info    : [ 70%] Meshing surface 3707 (Plane, Frontal-Delaunay)
Info    : [ 70%] Meshing surface 3708 (Plane, Frontal-Delaunay)
Info    : [ 70%] Meshing surface 3709 (Plane, Frontal-Delaunay)
Info    : [ 70%] Meshing surface 3710 (Plane, Frontal-Delaunay)
Info    : [ 70%] Meshing surface 3711 (Plane, Frontal-Delaunay)
Info    : [ 70%] Meshing surface 3712 (Plane, Frontal-Delaunay)
Info    : [ 70%] Meshing surface 3713 (Plane, Frontal-Delaunay)
Info    : [ 70%] Meshing surface 3714 (Plane, Frontal-Delaunay)
Info    : [ 70%] Meshing surface 3715 (Plane, Frontal-Delaunay)
Info    : [ 70%] Meshing surface 3716 (Plane, Frontal-Delaunay)
Info    : [ 70%] Meshing surface 3717 (Plane, Frontal-Delaunay)
Info    : [ 70%] Meshing surface 3718 (Plane, Frontal-Delaunay)
Info    : [ 70%] Meshing surface 3719 (Plane, Frontal-Delaunay)
Info    : [ 70%] Meshing surface 3720 (Plane, Frontal-Delaunay)
Info    : [ 70%] Meshing surface 3721 (Plane, Frontal-Delaunay)
Info    : [ 70%] Meshing surface 3722 (Plane, Frontal-Delaunay)
Info    : [ 70%] Meshing surface 3723 (Plane, Frontal-Delaunay)
Info    : [ 70%] Meshing surface 3724 (Plane, Frontal-Delaunay)
Info    : [ 70%] Meshing surface 3725 (Plane, Frontal-Delaunay)
Info    : [ 70%] Meshing surface 3726 (Plane, Frontal-Delaunay)
Info    : [ 70%] Meshing surface 3727 (Plane, Frontal-Delaunay)
Info    : [ 70%] Meshing surface 3728 (Plane, Frontal-Delaunay)
Info    : [ 70%] Meshing surface 3729 (Plane, Frontal-Delaunay)
Info    : [ 70%] Meshing surface 3730 (Plane, Frontal-Delaunay)
Info    : [ 70%] Meshing surface 3731 (Plane, Frontal-Delaunay)
Info    : [ 70%] Meshing surface 3732 (Plane, Frontal-Delaunay)
Info    : [ 70%] Meshing surface 3733 (Plane, Frontal-Delaunay)
Info    : [ 70%] Meshing surface 3734 (Plane, Frontal-Delaunay)
Info    : [ 70%] Meshing surface 3735 (Plane, Frontal-Delaunay)
Info    : [ 70%] Meshing surface 3736 (Plane, Frontal-Delaunay)
Info    : [ 70%] Meshing surface 3737 (Plane, Frontal-Delaunay)
Info    : [ 70%] Meshing surface 3738 (Plane, Frontal-Delaunay)
Info    : [ 70%] Meshing surface 3739 (Plane, Frontal-Delaunay)
Info    : [ 70%] Meshing surface 3740 (Plane, Frontal-Delaunay)
Info    : [ 70%] Meshing surface 3741 (Plane, Frontal-Delaunay)
Info    : [ 70%] Meshing surface 3742 (Plane, Frontal-Delaunay)
Info    : [ 70%] Meshing surface 3743 (Plane, Frontal-Delaunay)
Info    : [ 70%] Meshing surface 3744 (Plane, Frontal-Delaunay)
Info    : [ 70%] Meshing surface 3745 (Plane, Frontal-Delaunay)
Info    : [ 70%] Meshing surface 3746 (Plane, Frontal-Delaunay)
Info    : [ 70%] Meshing surface 3747 (Plane, Frontal-Delaunay)
Info    : [ 70%] Meshing surface 3748 (Plane, Frontal-Delaunay)
Info    : [ 70%] Meshing surface 3749 (Plane, Frontal-Delaunay)
Info    : [ 70%] Meshing surface 3750 (Plane, Frontal-Delaunay)
Info    : [ 70%] Meshing surface 3751 (Plane, Frontal-Delaunay)
Info    : [ 70%] Meshing surface 3752 (Plane, Frontal-Delaunay)
Info    : [ 70%] Meshing surface 3753 (Plane, Frontal-Delaunay)
Info    : [ 70%] Meshing surface 3754 (Plane, Frontal-Delaunay)
Info    : [ 70%] Meshing surface 3755 (Plane, Frontal-Delaunay)
Info    : [ 70%] Meshing surface 3756 (Plane, Frontal-Delaunay)
Info    : [ 70%] Meshing surface 3757 (Plane, Frontal-Delaunay)
Info    : [ 70%] Meshing surface 3758 (Plane, Frontal-Delaunay)
Info    : [ 70%] Meshing surface 3759 (Plane, Frontal-Delaunay)
Info    : [ 70%] Meshing surface 3760 (Plane, Frontal-Delaunay)
Info    : [ 70%] Meshing surface 3761 (Plane, Frontal-Delaunay)
Info    : [ 70%] Meshing surface 3762 (Plane, Frontal-Delaunay)
Info    : [ 70%] Meshing surface 3763 (Plane, Frontal-Delaunay)
Info    : [ 70%] Meshing surface 3764 (Plane, Frontal-Delaunay)
Info    : [ 70%] Meshing surface 3765 (Plane, Frontal-Delaunay)
Info    : [ 70%] Meshing surface 3766 (Plane, Frontal-Delaunay)
Info    : [ 70%] Meshing surface 3767 (Plane, Frontal-Delaunay)
Info    : [ 70%] Meshing surface 3768 (Plane, Frontal-Delaunay)
Info    : [ 70%] Meshing surface 3769 (Plane, Frontal-Delaunay)
Info    : [ 70%] Meshing surface 3770 (Plane, Frontal-Delaunay)
Info    : [ 70%] Meshing surface 3771 (Plane, Frontal-Delaunay)
Info    : [ 70%] Meshing surface 3772 (Plane, Frontal-Delaunay)
Info    : [ 70%] Meshing surface 3773 (Plane, Frontal-Delaunay)
Info    : [ 70%] Meshing surface 3774 (Plane, Frontal-Delaunay)
Info    : [ 70%] Meshing surface 3775 (Plane, Frontal-Delaunay)
Info    : [ 70%] Meshing surface 3776 (Plane, Frontal-Delaunay)
Info    : [ 70%] Meshing surface 3777 (Plane, Frontal-Delaunay)
Info    : [ 70%] Meshing surface 3778 (Plane, Frontal-Delaunay)
Info    : [ 70%] Meshing surface 3779 (Plane, Frontal-Delaunay)
Info    : [ 70%] Meshing surface 3780 (Plane, Frontal-Delaunay)
Info    : [ 70%] Meshing surface 3781 (Plane, Frontal-Delaunay)
Info    : [ 70%] Meshing surface 3782 (Plane, Frontal-Delaunay)
Info    : [ 70%] Meshing surface 3783 (Plane, Frontal-Delaunay)
Info    : [ 70%] Meshing surface 3784 (Plane, Frontal-Delaunay)
Info    : [ 70%] Meshing surface 3785 (Plane, Frontal-Delaunay)
Info    : [ 70%] Meshing surface 3786 (Plane, Frontal-Delaunay)
Info    : [ 70%] Meshing surface 3787 (Plane, Frontal-Delaunay)
Info    : [ 70%] Meshing surface 3788 (Plane, Frontal-Delaunay)
Info    : [ 70%] Meshing surface 3789 (Plane, Frontal-Delaunay)
Info    : [ 70%] Meshing surface 3790 (Plane, Frontal-Delaunay)
Info    : [ 70%] Meshing surface 3791 (Plane, Frontal-Delaunay)
Info    : [ 70%] Meshing surface 3792 (Plane, Frontal-Delaunay)
Info    : [ 70%] Meshing surface 3793 (Plane, Frontal-Delaunay)
Info    : [ 70%] Meshing surface 3794 (Plane, Frontal-Delaunay)
Info    : [ 70%] Meshing surface 3795 (Plane, Frontal-Delaunay)
Info    : [ 70%] Meshing surface 3796 (Plane, Frontal-Delaunay)
Info    : [ 70%] Meshing surface 3797 (Plane, Frontal-Delaunay)
Info    : [ 70%] Meshing surface 3798 (Plane, Frontal-Delaunay)
Info    : [ 70%] Meshing surface 3799 (Plane, Frontal-Delaunay)
Info    : [ 70%] Meshing surface 3800 (Plane, Frontal-Delaunay)
Info    : [ 70%] Meshing surface 3801 (Plane, Frontal-Delaunay)
Info    : [ 70%] Meshing surface 3802 (Plane, Frontal-Delaunay)
Info    : [ 70%] Meshing surface 3803 (Plane, Frontal-Delaunay)
Info    : [ 70%] Meshing surface 3804 (Plane, Frontal-Delaunay)
Info    : [ 70%] Meshing surface 3805 (Plane, Frontal-Delaunay)
Info    : [ 70%] Meshing surface 3806 (Plane, Frontal-Delaunay)
Info    : [ 70%] Meshing surface 3807 (Plane, Frontal-Delaunay)
Info    : [ 70%] Meshing surface 3808 (Plane, Frontal-Delaunay)
Info    : [ 70%] Meshing surface 3809 (Plane, Frontal-Delaunay)
Info    : [ 70%] Meshing surface 3810 (Plane, Frontal-Delaunay)
Info    : [ 70%] Meshing surface 3811 (Plane, Frontal-Delaunay)
Info    : [ 70%] Meshing surface 3812 (Plane, Frontal-Delaunay)
Info    : [ 70%] Meshing surface 3813 (Plane, Frontal-Delaunay)
Info    : [ 70%] Meshing surface 3814 (Plane, Frontal-Delaunay)
Info    : [ 70%] Meshing surface 3815 (Plane, Frontal-Delaunay)
Info    : [ 70%] Meshing surface 3816 (Plane, Frontal-Delaunay)
Info    : [ 70%] Meshing surface 3817 (Plane, Frontal-Delaunay)
Info    : [ 70%] Meshing surface 3818 (Plane, Frontal-Delaunay)
Info    : [ 70%] Meshing surface 3819 (Plane, Frontal-Delaunay)
Info    : [ 70%] Meshing surface 3820 (Plane, Frontal-Delaunay)
Info    : [ 70%] Meshing surface 3821 (Plane, Frontal-Delaunay)
Info    : [ 70%] Meshing surface 3822 (Plane, Frontal-Delaunay)
Info    : [ 70%] Meshing surface 3823 (Plane, Frontal-Delaunay)
Info    : [ 70%] Meshing surface 3824 (Plane, Frontal-Delaunay)
Info    : [ 70%] Meshing surface 3825 (Plane, Frontal-Delaunay)
Info    : [ 70%] Meshing surface 3826 (Plane, Frontal-Delaunay)
Info    : [ 70%] Meshing surface 3827 (Plane, Frontal-Delaunay)
Info    : [ 70%] Meshing surface 3828 (Plane, Frontal-Delaunay)
Info    : [ 70%] Meshing surface 3829 (Plane, Frontal-Delaunay)
Info    : [ 70%] Meshing surface 3830 (Plane, Frontal-Delaunay)
Info    : [ 70%] Meshing surface 3831 (Plane, Frontal-Delaunay)
Info    : [ 70%] Meshing surface 3832 (Plane, Frontal-Delaunay)
Info    : [ 70%] Meshing surface 3833 (Plane, Frontal-Delaunay)
Info    : [ 70%] Meshing surface 3834 (Plane, Frontal-Delaunay)
Info    : [ 70%] Meshing surface 3835 (Plane, Frontal-Delaunay)
Info    : [ 70%] Meshing surface 3836 (Plane, Frontal-Delaunay)
Info    : [ 70%] Meshing surface 3837 (Plane, Frontal-Delaunay)
Info    : [ 70%] Meshing surface 3838 (Plane, Frontal-Delaunay)
Info    : [ 70%] Meshing surface 3839 (Plane, Frontal-Delaunay)
Info    : [ 70%] Meshing surface 3840 (Plane, Frontal-Delaunay)
Info    : [ 70%] Meshing surface 3841 (Plane, Frontal-Delaunay)
Info    : [ 70%] Meshing surface 3842 (Plane, Frontal-Delaunay)
Info    : [ 70%] Meshing surface 3843 (Plane, Frontal-Delaunay)
Info    : [ 70%] Meshing surface 3844 (Plane, Frontal-Delaunay)
Info    : [ 70%] Meshing surface 3845 (Plane, Frontal-Delaunay)
Info    : [ 70%] Meshing surface 3846 (Plane, Frontal-Delaunay)
Info    : [ 70%] Meshing surface 3847 (Plane, Frontal-Delaunay)
Info    : [ 70%] Meshing surface 3848 (Plane, Frontal-Delaunay)
Info    : [ 70%] Meshing surface 3849 (Plane, Frontal-Delaunay)
Info    : [ 70%] Meshing surface 3850 (Plane, Frontal-Delaunay)
Info    : [ 70%] Meshing surface 3851 (Plane, Frontal-Delaunay)
Info    : [ 70%] Meshing surface 3852 (Plane, Frontal-Delaunay)
Info    : [ 70%] Meshing surface 3853 (Plane, Frontal-Delaunay)
Info    : [ 70%] Meshing surface 3854 (Plane, Frontal-Delaunay)
Info    : [ 70%] Meshing surface 3855 (Plane, Frontal-Delaunay)
Info    : [ 70%] Meshing surface 3856 (Plane, Frontal-Delaunay)
Info    : [ 70%] Meshing surface 3857 (Plane, Frontal-Delaunay)
Info    : [ 70%] Meshing surface 3858 (Plane, Frontal-Delaunay)
Info    : [ 70%] Meshing surface 3859 (Plane, Frontal-Delaunay)
Info    : [ 70%] Meshing surface 3860 (Plane, Frontal-Delaunay)
Info    : [ 70%] Meshing surface 3861 (Plane, Frontal-Delaunay)
Info    : [ 70%] Meshing surface 3862 (Plane, Frontal-Delaunay)
Info    : [ 70%] Meshing surface 3863 (Plane, Frontal-Delaunay)
Info    : [ 70%] Meshing surface 3864 (Plane, Frontal-Delaunay)
Info    : [ 70%] Meshing surface 3865 (Plane, Frontal-Delaunay)
Info    : [ 70%] Meshing surface 3866 (Plane, Frontal-Delaunay)
Info    : [ 70%] Meshing surface 3867 (Plane, Frontal-Delaunay)
Info    : [ 70%] Meshing surface 3868 (Plane, Frontal-Delaunay)
Info    : [ 70%] Meshing surface 3869 (Plane, Frontal-Delaunay)
Info    : [ 70%] Meshing surface 3870 (Plane, Frontal-Delaunay)
Info    : [ 70%] Meshing surface 3871 (Plane, Frontal-Delaunay)
Info    : [ 70%] Meshing surface 3872 (Plane, Frontal-Delaunay)
Info    : [ 70%] Meshing surface 3873 (Plane, Frontal-Delaunay)
Info    : [ 70%] Meshing surface 3874 (Plane, Frontal-Delaunay)
Info    : [ 70%] Meshing surface 3875 (Plane, Frontal-Delaunay)
Info    : [ 70%] Meshing surface 3876 (Plane, Frontal-Delaunay)
Info    : [ 70%] Meshing surface 3877 (Plane, Frontal-Delaunay)
Info    : [ 70%] Meshing surface 3878 (Plane, Frontal-Delaunay)
Info    : [ 70%] Meshing surface 3879 (Plane, Frontal-Delaunay)
Info    : [ 70%] Meshing surface 3880 (Plane, Frontal-Delaunay)
Info    : [ 70%] Meshing surface 3881 (Plane, Frontal-Delaunay)
Info    : [ 70%] Meshing surface 3882 (Plane, Frontal-Delaunay)
Info    : [ 70%] Meshing surface 3883 (Plane, Frontal-Delaunay)
Info    : [ 70%] Meshing surface 3884 (Plane, Frontal-Delaunay)
Info    : [ 70%] Meshing surface 3885 (Plane, Frontal-Delaunay)
Info    : [ 70%] Meshing surface 3886 (Plane, Frontal-Delaunay)
Info    : [ 70%] Meshing surface 3887 (Plane, Frontal-Delaunay)
Info    : [ 70%] Meshing surface 3888 (Plane, Frontal-Delaunay)
Info    : [ 70%] Meshing surface 3889 (Plane, Frontal-Delaunay)
Info    : [ 70%] Meshing surface 3890 (Plane, Frontal-Delaunay)
Info    : [ 70%] Meshing surface 3891 (Plane, Frontal-Delaunay)
Info    : [ 70%] Meshing surface 3892 (Plane, Frontal-Delaunay)
Info    : [ 70%] Meshing surface 3893 (Plane, Frontal-Delaunay)
Info    : [ 70%] Meshing surface 3894 (Plane, Frontal-Delaunay)
Info    : [ 70%] Meshing surface 3895 (Plane, Frontal-Delaunay)
Info    : [ 70%] Meshing surface 3896 (Plane, Frontal-Delaunay)
Info    : [ 70%] Meshing surface 3897 (Plane, Frontal-Delaunay)
Info    : [ 70%] Meshing surface 3898 (Plane, Frontal-Delaunay)
Info    : [ 70%] Meshing surface 3899 (Plane, Frontal-Delaunay)
Info    : [ 70%] Meshing surface 3900 (Plane, Frontal-Delaunay)
Info    : [ 70%] Meshing surface 3901 (Plane, Frontal-Delaunay)
Info    : [ 70%] Meshing surface 3902 (Plane, Frontal-Delaunay)
Info    : [ 70%] Meshing surface 3903 (Plane, Frontal-Delaunay)
Info    : [ 70%] Meshing surface 3904 (Plane, Frontal-Delaunay)
Info    : [ 70%] Meshing surface 3905 (Plane, Frontal-Delaunay)
Info    : [ 70%] Meshing surface 3906 (Plane, Frontal-Delaunay)
Info    : [ 70%] Meshing surface 3907 (Plane, Frontal-Delaunay)
Info    : [ 70%] Meshing surface 3908 (Plane, Frontal-Delaunay)
Info    : [ 70%] Meshing surface 3909 (Plane, Frontal-Delaunay)
Info    : [ 70%] Meshing surface 3910 (Plane, Frontal-Delaunay)
Info    : [ 70%] Meshing surface 3911 (Plane, Frontal-Delaunay)
Info    : [ 70%] Meshing surface 3912 (Plane, Frontal-Delaunay)
Info    : [ 70%] Meshing surface 3913 (Plane, Frontal-Delaunay)
Info    : [ 70%] Meshing surface 3914 (Plane, Frontal-Delaunay)
Info    : [ 70%] Meshing surface 3915 (Plane, Frontal-Delaunay)
Info    : [ 70%] Meshing surface 3916 (Plane, Frontal-Delaunay)
Info    : [ 70%] Meshing surface 3917 (Plane, Frontal-Delaunay)
Info    : [ 70%] Meshing surface 3918 (Plane, Frontal-Delaunay)
Info    : [ 70%] Meshing surface 3919 (Plane, Frontal-Delaunay)
Info    : [ 70%] Meshing surface 3920 (Plane, Frontal-Delaunay)
Info    : [ 70%] Meshing surface 3921 (Plane, Frontal-Delaunay)
Info    : [ 70%] Meshing surface 3922 (Plane, Frontal-Delaunay)
Info    : [ 70%] Meshing surface 3923 (Plane, Frontal-Delaunay)
Info    : [ 70%] Meshing surface 3924 (Plane, Frontal-Delaunay)
Info    : [ 70%] Meshing surface 3925 (Plane, Frontal-Delaunay)
Info    : [ 70%] Meshing surface 3926 (Plane, Frontal-Delaunay)
Info    : [ 70%] Meshing surface 3927 (Plane, Frontal-Delaunay)
Info    : [ 70%] Meshing surface 3928 (Plane, Frontal-Delaunay)
Info    : [ 70%] Meshing surface 3929 (Plane, Frontal-Delaunay)
Info    : [ 70%] Meshing surface 3930 (Plane, Frontal-Delaunay)
Info    : [ 70%] Meshing surface 3931 (Plane, Frontal-Delaunay)
Info    : [ 70%] Meshing surface 3932 (Plane, Frontal-Delaunay)
Info    : [ 70%] Meshing surface 3933 (Plane, Frontal-Delaunay)
Info    : [ 70%] Meshing surface 3934 (Plane, Frontal-Delaunay)
Info    : [ 70%] Meshing surface 3935 (Plane, Frontal-Delaunay)
Info    : [ 70%] Meshing surface 3936 (Plane, Frontal-Delaunay)
Info    : [ 70%] Meshing surface 3937 (Plane, Frontal-Delaunay)
Info    : [ 70%] Meshing surface 3938 (Plane, Frontal-Delaunay)
Info    : [ 70%] Meshing surface 3939 (Plane, Frontal-Delaunay)
Info    : [ 70%] Meshing surface 3940 (Plane, Frontal-Delaunay)
Info    : [ 70%] Meshing surface 3941 (Plane, Frontal-Delaunay)
Info    : [ 70%] Meshing surface 3942 (Plane, Frontal-Delaunay)
Info    : [ 70%] Meshing surface 3943 (Plane, Frontal-Delaunay)
Info    : [ 70%] Meshing surface 3944 (Plane, Frontal-Delaunay)
Info    : [ 70%] Meshing surface 3945 (Plane, Frontal-Delaunay)
Info    : [ 70%] Meshing surface 3946 (Plane, Frontal-Delaunay)
Info    : [ 70%] Meshing surface 3947 (Plane, Frontal-Delaunay)
Info    : [ 70%] Meshing surface 3948 (Plane, Frontal-Delaunay)
Info    : [ 70%] Meshing surface 3949 (Plane, Frontal-Delaunay)
Info    : [ 70%] Meshing surface 3950 (Plane, Frontal-Delaunay)
Info    : [ 70%] Meshing surface 3951 (Plane, Frontal-Delaunay)
Info    : [ 70%] Meshing surface 3952 (Plane, Frontal-Delaunay)
Info    : [ 70%] Meshing surface 3953 (Plane, Frontal-Delaunay)
Info    : [ 70%] Meshing surface 3954 (Plane, Frontal-Delaunay)
Info    : [ 70%] Meshing surface 3955 (Plane, Frontal-Delaunay)
Info    : [ 70%] Meshing surface 3956 (Plane, Frontal-Delaunay)
Info    : [ 70%] Meshing surface 3957 (Plane, Frontal-Delaunay)
Info    : [ 70%] Meshing surface 3958 (Plane, Frontal-Delaunay)
Info    : [ 70%] Meshing surface 3959 (Plane, Frontal-Delaunay)
Info    : [ 70%] Meshing surface 3960 (Plane, Frontal-Delaunay)
Info    : [ 70%] Meshing surface 3961 (Plane, Frontal-Delaunay)
Info    : [ 70%] Meshing surface 3962 (Plane, Frontal-Delaunay)
Info    : [ 70%] Meshing surface 3963 (Plane, Frontal-Delaunay)
Info    : [ 70%] Meshing surface 3964 (Plane, Frontal-Delaunay)
Info    : [ 70%] Meshing surface 3965 (Plane, Frontal-Delaunay)
Info    : [ 70%] Meshing surface 3966 (Plane, Frontal-Delaunay)
Info    : [ 70%] Meshing surface 3967 (Plane, Frontal-Delaunay)
Info    : [ 70%] Meshing surface 3968 (Plane, Frontal-Delaunay)
Info    : [ 70%] Meshing surface 3969 (Plane, Frontal-Delaunay)
Info    : [ 70%] Meshing surface 3970 (Plane, Frontal-Delaunay)
Info    : [ 70%] Meshing surface 3971 (Plane, Frontal-Delaunay)
Info    : [ 70%] Meshing surface 3972 (Plane, Frontal-Delaunay)
Info    : [ 70%] Meshing surface 3973 (Plane, Frontal-Delaunay)
Info    : [ 70%] Meshing surface 3974 (Plane, Frontal-Delaunay)
Info    : [ 70%] Meshing surface 3975 (Plane, Frontal-Delaunay)
Info    : [ 70%] Meshing surface 3976 (Plane, Frontal-Delaunay)
Info    : [ 70%] Meshing surface 3977 (Plane, Frontal-Delaunay)
Info    : [ 70%] Meshing surface 3978 (Plane, Frontal-Delaunay)
Info    : [ 70%] Meshing surface 3979 (Plane, Frontal-Delaunay)
Info    : [ 70%] Meshing surface 3980 (Plane, Frontal-Delaunay)
Info    : [ 70%] Meshing surface 3981 (Plane, Frontal-Delaunay)
Info    : [ 70%] Meshing surface 3982 (Plane, Frontal-Delaunay)
Info    : [ 70%] Meshing surface 3983 (Plane, Frontal-Delaunay)
Info    : [ 70%] Meshing surface 3984 (Plane, Frontal-Delaunay)
Info    : [ 70%] Meshing surface 3985 (Plane, Frontal-Delaunay)
Info    : [ 70%] Meshing surface 3986 (Plane, Frontal-Delaunay)
Info    : [ 70%] Meshing surface 3987 (Plane, Frontal-Delaunay)
Info    : [ 70%] Meshing surface 3988 (Plane, Frontal-Delaunay)
Info    : [ 70%] Meshing surface 3989 (Plane, Frontal-Delaunay)
Info    : [ 70%] Meshing surface 3990 (Plane, Frontal-Delaunay)
Info    : [ 70%] Meshing surface 3991 (Plane, Frontal-Delaunay)
Info    : [ 70%] Meshing surface 3992 (Plane, Frontal-Delaunay)
Info    : [ 70%] Meshing surface 3993 (Plane, Frontal-Delaunay)
Info    : [ 70%] Meshing surface 3994 (Plane, Frontal-Delaunay)
Info    : [ 70%] Meshing surface 3995 (Plane, Frontal-Delaunay)
Info    : [ 70%] Meshing surface 3996 (Plane, Frontal-Delaunay)
Info    : [ 70%] Meshing surface 3997 (Plane, Frontal-Delaunay)
Info    : [ 70%] Meshing surface 3998 (Plane, Frontal-Delaunay)
Info    : [ 70%] Meshing surface 3999 (Plane, Frontal-Delaunay)
Info    : [ 70%] Meshing surface 4000 (Plane, Frontal-Delaunay)
Info    : [ 70%] Meshing surface 4001 (Plane, Frontal-Delaunay)
Info    : [ 70%] Meshing surface 4002 (Plane, Frontal-Delaunay)
Info    : [ 70%] Meshing surface 4003 (Plane, Frontal-Delaunay)
Info    : [ 70%] Meshing surface 4004 (Plane, Frontal-Delaunay)
Info    : [ 70%] Meshing surface 4005 (Plane, Frontal-Delaunay)
Info    : [ 70%] Meshing surface 4006 (Plane, Frontal-Delaunay)
Info    : Done meshing 2D (Wall 0.431169s, CPU 1.52401s)
Info    : Meshing 3D...
Info    : 3D Meshing 2 volumes with 1 connected component
Info    : Input mesh hash ab91143b6434d5c3
Info    : Creating an empty mesh with 32225 vertices
Info    : Initialization of tet. mesh
Info    : Delaunay of      32221 points on   4 threads - mesh.nvert: 4         
Info    : Recovering 2108 missing facet(s)
Info    : Recover Delaunay
Info    : Steiner(s) point(s) were inserted
Info    : 2 out of 18 volumes will be refined
Info    : All volumes of the BRep were found and colorized accordingly
Info    : Computing mesh sizes...
Info    : Done computing mesh sizes
Info    : Delaunay of      39108 points on   4 threads - mesh.nvert: 32231     
Info    :           -      38598 points filtered
Info    :           =        510 points added
Info    : Computing mesh sizes...
Info    : Done computing mesh sizes
Info    : Delaunay of       4915 points on   2 threads - mesh.nvert: 32741     
Info    :           -       4644 points filtered
Info    :           =        271 points added
Info    : Computing mesh sizes...
Info    : Done computing mesh sizes
Info    : Delaunay of       1208 points on   1 threads - mesh.nvert: 33012     
Info    :           -       1098 points filtered
Info    :           =        110 points added
Info    : Computing mesh sizes...
Info    : Done computing mesh sizes
Info    : Delaunay of        243 points on   1 threads - mesh.nvert: 33122     
Info    :           -        225 points filtered
Info    :           =         18 points added
Info    : Computing mesh sizes...
Info    : Done computing mesh sizes
Info    : Delaunay of         26 points on   1 threads - mesh.nvert: 33140     
Info    :           -         22 points filtered
Info    :           =          4 points added
Info    : Computing mesh sizes...
Info    : Done computing mesh sizes
Info    : Delaunay of          1 points on   1 threads - mesh.nvert: 33144     
Info    :           -          1 points filtered
Info    :           =          0 points added
Info    : Improving      42050 tet. on   4 thrd (S & ER)
Info    : Improving      36834 tet. on   4 thrd (S & ER)
Info    : Improving      36177 tet. on   4 thrd (S & ER)
Info    : Improving      35925 tet. on   4 thrd (S & ER)
Info    : Improving      35847 tet. on   4 thrd (S & ER)
Info    : Improving      35807 tet. on   4 thrd (S & ER)
Info    : Improving      35803 tet. on   4 thrd (GSC)
Info    : Improving      34796 tet. on   4 thrd (S & ER)
Info    : Improving      34418 tet. on   4 thrd (S & ER)
Info    : Improving      34375 tet. on   4 thrd (S & ER)
Info    : Improving      34371 tet. on   4 thrd (S & ER)
Info    : Improving      34350 tet. on   4 thrd (S & ER)
Info    : Improving      34355 tet. on   4 thrd (S & ER)
Info    : Improving      34349 tet. on   4 thrd (GSC)
Info    : Improving      34230 tet. on   4 thrd (S & ER)
Info    : Improving      34181 tet. on   4 thrd (S & ER)
Info    : Improving      34187 tet. on   4 thrd (S & ER)
Info    : Improving      34186 tet. on   4 thrd (S & ER)
Info    : Improving      34183 tet. on   4 thrd (GSC)
Info    : Improving      34153 tet. on   4 thrd (S & ER)
Info    : Improving      34131 tet. on   4 thrd (S & ER)
Info    : Improving      34125 tet. on   4 thrd (S & ER)
Info    : Improving      34125 tet. on   4 thrd (GSC)
Info    : Improving      34116 tet. on   4 thrd (S & ER)
Info    : Improving      34110 tet. on   4 thrd (GSC)
Info    : Improving      34110 tet. on   4 thrd (S & ER)
Info    : Improving      34108 tet. on   4 thrd (GSC)
Info    :  	Final tet. mesh contains 183681 tetrahedra
Info    :  	Final tet. mesh contains 33144 vertices
Info    : tEmptyMesh  	 = 	    0.099
Info    : tVerifyBnd  	 = 	    0.018
Info    : tBndRecovery	 = 	    0.378
Info    : tConvertMesh	 = 	    0.022
Info    : tRefine     	 = 	    0.261
Info    : tOptimize   	 = 	   30.075
Info    : Done meshing 3D (Wall 31.1775s, CPU 90.3898s)
Info    : 33144 nodes 183737 elements
Info    : Writing '/workspace/work/return-current-trace-demo/data/em-u1-pad-ddr-d8/mesh.msh'...
Info    : Done writing '/workspace/work/return-current-trace-demo/data/em-u1-pad-ddr-d8/mesh.msh'
{'nodes': 33144, 'elements': 102869, 'ground_vias': 8, 'signal_vias': 0, 'port_directions': [[-0.6, -0.8000000000000002, 0], [0, 0, 1]]}
